Company,Industry,Review Title,Review Text,Rating,Date,Review_ID,Reviewer,Sentiment,Review_Length,Sentiment_Score,Clean_Text,Word_Count,Character_Count
Uber Eats,Food Delivery,One star is extremely generous for a…,"One star is extremely generous for a company that takes no accountability for their delivery contractors. No customer support, and an app that progresses as if everything went good even when it doesn’t. I feel bad for the restaurants that take time to prepare food that gets ruined by the delivery process. Just go pick up your order if you don’t want it ruined by this so called service.",1,"August 11, 2026",,,Negative,388,-1,one star extremely generous company takes no accountability delivery contractors no customer support app progresses everything went good even feel bad restaurants take time prepare food gets ruined delivery process go pick order want ruined called service,37,255
Uber Eats,Food Delivery,I WISH YOU COULD LEAVE A NEGATIVE…,"I WISH YOU COULD LEAVE A NEGATIVE RATING. THIS MOB ARE UNBELIEVABLE. OVER A FORTNIGHT OF CONTACTING THEM DAILY(CONTACTING UBER EATS - AN EXERCISE IN FUTILITY AND FRUSTRATION AN A WHOLE OTHER PROBLEM-24/7 MY ASS IS ALL I WILL SAY) AFTER A DRIVER WHO WAS ASKED TO LEAVE WITH THE ORDER I PAID PRIORITY DELIVERY FOR THAT TURNED UP COLD, OVER 30 MINUTES AFTER IT WAS READY RANG HIS DRIVER SERVICE WHO TOLD HIM TO RETURN TO MY PROPERTY AND DUMP HIS BAG OF COMPOST ON MY DOORSTEP, SNAP A PHOTO TO TRY AND SAY THE “MEET AT DOOR”, CONFIRM WITH PIN UBER PUT ON MY ACCOUNT ACTUALLY OCCURRED THAT WAY. THEY REFUSE TO DO ANYTHING OR PROVIDE ANY DETAILS SO I CAN. THESE THIEVES ARE NASTY. THEY ONLY THING UBER AUSTRALIA DOES QUICKLY IS TAKE MONEY FROM YOUR ACVOUNT - EVEN WHEN THEY THEMSELVES ADMIT THEY MADE A MISTAKE AND HAD NO RIGHT, BUT TAKE UP TO 10 WORKING DAYS TO RETURN FUNDS THEY DEFRAUDED IN THE FIRST PLACE.",1,"July 30, 2026",,,Negative,904,-1,wish could leave negative rating mob unbelievable fortnight contacting daily contacting uber eats exercise futility frustration whole problem 24 7 ass say driver asked leave order paid priority delivery turned cold 30 minutes ready rang driver service told return property dump bag compost doorstep snap photo try say meet door confirm pin uber put account actually occurred way refuse anything provide details thieves nasty thing uber australia quickly take money acvount even admit made mistake no right take 10 working days return funds defrauded first place,86,561
Uber Eats,Food Delivery,Uber Eats is a Rip Off,"Uber Eats is an absolute rip off. The menu prices are higher than they are in the stores, the service fees are ridiculous that even when you get a 50% off coupon, promotion, you wind up paying the same amount because they up the taxes and service fee. They have crappy drivers that deliver food haphazard lay and yes, while they will give you a refund from time to time you have to go and spend another 30 to 45 minutes taking pictures of the food and talking with the customer service rep and there goes your whole ordering out to have an easy night option. Uber Eats is a rip off and they don’t have high standards when it comes to delivery drivers.",1,"August 6, 2026",,,Negative,651,-1,uber eats absolute rip menu prices higher stores service fees ridiculous even get 50 coupon promotion wind paying amount taxes service fee crappy drivers deliver food haphazard lay yes give refund time time go spend another 30 45 minutes taking pictures food talking customer service rep goes whole ordering easy night option uber eats rip high standards comes delivery drivers,60,377
Uber Eats,Food Delivery,A Mystery $37 extra... and a Wannabe ai Bot.,"I had some negative experiences in the past with UberEATS but my friend really wanted to order lunch and I figured maybe UberEATS has cleaned up their game a bit... so we placed an order.

No, they have not. We ordered 2 sandwiches that were $11.40 each and no breakdown was given - only a final total of $59.00. Then there was no receipt. We cancelled because we had no idea what that extra $37 was for... and it gave the 'cancel' option so we did cancel. We got on their chat-bot thing and it didn't offer any cost breakdown. No explanation. It just said we cancelled so the cancellation charge would be $41 because the restaurant started making our order.

We called Mendocino Farms immediately and they said they not only didn't start making our order, but they hadn't even received it at all. I am diligent about unscrupulous tactics of certain unknown companies but never expected to be scammed by such a big corporation.

The bot had its standard responses. We called my friend's bank and the $41 charge was already there. No lunch. No explanation of the excess $37 charge was. Did they add a tip on there for us? Did Calif. taxes suddenly grow to be 50% They won't say. What an unprofessional inconvenient experience. Now we have to file a Fraud report with her charge card. There are other delivery services out there, and I just want to put a serious warning out there for everyone to heed.",1,"August 11, 2026",,,Negative,1400,-1,negative experiences past ubereats friend really wanted order lunch figured maybe ubereats cleaned game bit placed order no not ordered 2 sandwiches 11 40 no breakdown given final total 59 00 no receipt cancelled no idea extra 37 gave 'cancel' option cancel got chat bot thing didn't offer cost breakdown no explanation said cancelled cancellation charge would 41 restaurant started making order called mendocino farms immediately said not didn't start making order even received diligent unscrupulous tactics certain unknown companies never expected scammed big corporation bot standard responses called friend's bank 41 charge already no lunch no explanation excess 37 charge add tip us calif taxes suddenly grow 50 won't say unprofessional inconvenient experience file fraud report charge card delivery services want put serious warning everyone heed,127,853
Uber Eats,Food Delivery,This got to be the worst company that…,"This got to be the worst company that you can use to delivery your food. I placed a sizeable order 7 days ago and never got the order. The driver took a picture of my neighbors house and texted to me, However I live in front of my neighbor. when I realized that the time they told me to be outside was not happening, I check my phone and seen that I had gotten 2 text from the driver to see where he was and he would not answer the phone. What's even harder is trying to dispute the charges you have been already charged for food you never received. I will chop it up as a lost because the customer service sucks and they argue with the customer, which is bad. this was my first and last time I will use this company because to a senior citizen who already living on a fixed income this is too much.",1,"August 2, 2026",,,Negative,799,-1,got worst company use delivery food placed sizeable order 7 days ago never got order driver took picture neighbors house texted however live front neighbor realized time told outside not happening check phone seen gotten 2 text driver see would not answer phone what's even harder trying dispute charges already charged food never received chop lost customer service sucks argue customer bad first last time use company senior citizen already living fixed income much,74,467
Uber Eats,Food Delivery,The delivery guy did not deliver my…,"The delivery guy did not deliver my food , he went back home with it to eat it and lied and said he left it at the security guards, he was very rude & dropped my calls , his name is Wiseman.",1,"August 11, 2026",,,Negative,190,-1,delivery guy not deliver food went back home eat lied said left security guards rude dropped calls name wiseman,19,111
Uber Eats,Food Delivery,Still battling an non order of main…,"Still battling an non order of main food( no delivery of pasta and meatballs - got sides though) still refusing to refund $ 29.00 order - big deal for low income senior ( ref and microwave- 2 days of food instead of just 1 meal) restaurant confirmed they gave full order to driver. No big deal to Uber Eats these reviews( dod previous reviews on same order). Doing a delivery at 8.30 ish at night with no restaurants near - is against the norm for me- delivery is against the norm. Costs was high for me( 1.00 yogurt - $29 “meals” for me - so it is a big deal for me) Get them out of business . Still today- person - uber says no to refund. No then by folks as victims- seeing reviews/. Bye bye Uber Eats
Will have to bring granola bars/ peanut butter crackers with me.",1,"May 14, 2026",,,Negative,769,-1,still battling non order main food no delivery pasta meatballs got sides though still refusing refund 29 00 order big deal low income senior ref microwave 2 days food instead 1 meal restaurant confirmed gave full order driver no big deal uber eats reviews dod previous reviews order delivery 8 30 ish night no restaurants near norm delivery norm costs high 1 00 yogurt 29 meals big deal get business still today person uber says no refund no folks victims seeing reviews bye bye uber eats bring granola bars peanut butter crackers,92,530
Uber Eats,Food Delivery,Costumer service is very bad,"Costumer service is very bad. I was promised in the chat (after a month of messages with support) that I would get a full refund on a order that never arrived. The refund also never arrived. Contacting costumer service is impossible, always a chatbot and an eternal loop leading to no answers or solutions",1,"June 26, 2026",,,Negative,305,-1,costumer service bad promised chat month messages support would get full refund order never arrived refund also never arrived contacting costumer service impossible always chatbot eternal loop leading no answers solutions,31,221
Uber Eats,Food Delivery,"Uber Eats, improving fast","I've spent a lot of time being annoyed at Uber Eats, long delivery times, not great customer service, but over the past 6 months I've noticed a significant improvement. Delivery drivers going above and beyond, customer service reps actually looking into your complaint and refunding where appropriate. I don't know if this is just in my area but I can finally say I'm happy with my Uber Eats service",4,"August 10, 2026",,,Positive,399,1,spent lot time annoyed uber eats long delivery times not great customer service past 6 months noticed significant improvement delivery drivers going beyond customer service reps actually looking complaint refunding appropriate don't know area finally say happy uber eats service,40,278
Uber Eats,Food Delivery,Delivered wthin their 'latest estimates' which kept changing? Crap.,"Uber kept pushing the delivery time later, then refused a refund for an order I never accepted. Support ignored the facts and sent the exact same canned response twice. Poor service, no accountability. Im going for a chargeback.",1,"August 10, 2026",,,Negative,228,-1,uber kept pushing delivery time later refused refund order never accepted support ignored facts sent exact canned response twice poor service no accountability im going chargeback,26,179
Uber Eats,Food Delivery,The orders are almost always missing…,The orders are almost always missing items and a chatbot decides if you can get refunded or not. It is horrible customer service.,1,"August 10, 2026",,,Negative,129,-1,orders almost always missing items chatbot decides get refunded not horrible customer service,13,93
Uber Eats,Food Delivery,I ordered 1400 dollars of food from…,I ordered 1400 dollars of food from Costco to be delivered and I have been sent a message saying that It was not delivered when because I wasn't available and they never even called I cannot get a refund and the driver was issued a tip this is disgusting. 1400 my family needs to eat this man named DILEEPA or whoever from this business robbed food out of my families mouths and stole a tip for work he never did. THANKS UBER,1,"August 10, 2026",,,Negative,425,-1,ordered 1400 dollars food costco delivered sent message saying not delivered wasn't available never even called cannot get refund driver issued tip disgusting 1400 family needs eat man named dileepa whoever business robbed food families mouths stole tip work never thanks uber,42,276
Uber Eats,Food Delivery,Poouber are bunch of crooks take yr…,Poouber are bunch of crooks take yr money do not deliver yr food. Do not use they don’t answer complaints bunch of Thief's.,1,"August 10, 2026",,,Negative,123,-1,poouber bunch crooks take yr money not deliver yr food not use answer complaints bunch thief's,16,94
Uber Eats,Food Delivery,Terrible service,"Terrible service, no customer service, rip off prices. Don't use Uber",1,"August 10, 2026",,,Negative,69,-1,terrible service no customer service rip prices don't use uber,10,62
Uber Eats,Food Delivery,Uber never sent a driver to pick up the…,Uber never sent a driver to pick up the order. Also number provided on the app was wrong and I had to Google the correct number for the restaurant to even see what had happened. Never using again.,1,"August 10, 2026",,,Negative,196,-1,uber never sent driver pick order also number provided app wrong google correct number restaurant even see happened never using,20,127
Uber Eats,Food Delivery,"Tried it on holiday, literally worst company I have ever dealt with",Used it for the first time on holiday. First couple of times were really slow but put it down to being in a busy location. 3rs tine I used it I paid the priority fee and the app said we were next for delivery. The driver then proceeded to at least 4 other stops and the customer service / AI bots they use are infuriating to get a reasonable response. Will never use again and switch to a different app for taxis as well. Terrible terrible company and I never complain usually but they have riled me up by being soo bad.,1,"August 10, 2026",,,Negative,520,-1,used first time holiday first couple times really slow put busy location 3rs tine used paid priority fee app said next delivery driver proceeded least 4 stops customer service ai bots use infuriating get reasonable response never use switch different app taxis well terrible terrible company never complain usually riled soo bad,52,328
Uber Eats,Food Delivery,One star is too much,"One star is too much. They say that the have delivered your order but its been brought to a different location. Butttt since the delivery guy called (and i didn't answer straight away) i cant get a refund. I hope someone at least enjoyed the meal, whom ever found it",1,"July 30, 2026",,,Negative,266,-1,one star much say delivered order brought different location butttt since delivery guy called didn't answer straight away cant get refund hope someone least enjoyed meal ever found,28,180
Uber Eats,Food Delivery,If I could rate less I would,"If I could rate less I would , ordered smoothies . Spent £40 worth and the rider dropped them all over my doorstep. He insisted they’d refund me and they just won’t even when I have photographic and audio evidence from cctv. Ridiculous",1,"August 2, 2026",,,Negative,235,-1,could rate less would ordered smoothies spent 40 worth rider dropped doorstep insisted refund even photographic audio evidence cctv ridiculous,20,142
Uber Eats,Food Delivery,nigligent deliveries,"ordered food and the del;ivery driver sat in the car park for 15 minutes before i text him to ask why he then started to move, when i recieved the food over 20 mins later it was cold, customer services accept this as acceptible with no resolution otherv than close the chat",1,"August 10, 2026",,,Negative,273,-1,ordered food del ivery driver sat car park 15 minutes text ask started move recieved food 20 mins later cold customer services accept acceptible no resolution otherv close chat,29,176
Uber Eats,Food Delivery,Terrible disgusting customer services avoid,"I had a terrible experience with a company & when I raised a complaint to Uber Eats there customer services was diabolical. When I escalated the complaint to senior Management it was completely ignored.
There has been a complete breakdown in customer services from top to bottom the customer services are really useless.
I would recommend not using Uber Eats if you get any problem they are biased & support the retailer & dismiss your complaint as frivolous with a very condescending negative attitude. Uber eats only want your money so they can make more profit they don’t care about there customers they just abandon them & ineffect get ripped of by some unscrupulous businesses.",1,"July 30, 2026",,,Negative,682,-1,terrible experience company raised complaint uber eats customer services diabolical escalated complaint senior management completely ignored complete breakdown customer services top bottom customer services really useless would recommend not using uber eats get problem biased support retailer dismiss complaint frivolous condescending negative attitude uber eats want money make profit care customers abandon ineffect get ripped unscrupulous businesses,57,453
Temu,Online Shopping,do not buy from them,worst site ever will not buy from them again items missing from parcel want a police report proof that it is missing take photos of unpacking items madness pure madness,1,"August 12, 2026",6a7c2796c9ab4170fd4c7e83,MRS MIRELLA B SCALISE,Negative,168,-1,worst site ever not buy items missing parcel want police report proof missing take photos unpacking items madness pure madness,20,126
Temu,Online Shopping,Unfair refund rejection due to seller's mistake – Order #PO-135-19967581880952934,"I ordered phone covers for a Xiaomi 13T Pro and a Samsung Galaxy A26 5G from Temu (Order #PO-135-19967581880952934). However, the seller sent entirely wrong items.
When I returned the package, Temu’s automated system rejected my refund claim, claiming the returned items didn't match the original order. Of course they didn't match—because the seller shipped the wrong items in the first place!
Instead of fixing their own merchant's error, Temu penalized me and refused to issue my full refund of 158 MAD. I have submitted all proofs and photos, yet the resolution process has been frustrating and full of automated dismissals.
Extremely disappointed with this support experience. I demand an immediate manual review by management and a full refund to my original payment method.",1,"August 12, 2026",6a7c275b93062914a9acd16c,Mohamed Ahzid,Negative,780,-1,ordered phone covers xiaomi 13t pro samsung galaxy a26 5g temu order po 135 19967581880952934 however seller sent entirely wrong items returned package temu automated system rejected refund claim claiming returned items didn't match original order course didn't match seller shipped wrong items first place instead fixing merchant's error temu penalized refused issue full refund 158 mad submitted proofs photos yet resolution process frustrating full automated dismissals extremely disappointed support experience demand immediate manual review management full refund original payment method,81,592
Temu,Online Shopping,My parcel should have arrived on Monday…,My parcel should have arrived on Monday but it did not. No word from Temu as to when it will arrive,1,"August 12, 2026",6a7bf9278b064be81ecdffc0,Barbara Macmull,Negative,99,-1,parcel arrived monday not no word temu arrive,8,45
Temu,Online Shopping,"Don't expect a refund, expect to be scammed","Temu denied my refund for the shoes that I returned: I have photographs and videos showing the items and how they were packaged for return, along with return and delivery documentation. Temu denied the refund without providing the warehouse evidence or inspection records I requested. I purchased a pair of shoes from Temu. However, Temu did not send the complete or correct pair. The shipment contained an individual shoe, that looked nothing like the photo.

I opened a return through Temu and returned the individual shoe exactly as they were received. Before shipping the return, I took photographs and videos showing the items, their condition, and how the shoe was packaged. The return was delivered to Temu’s designated return facility on July 27th, as confirmed by the return tracking information.

Temu subsequently denied my refund of $8.28, despite the photographic and video evidence I submitted. Temu did not provide any clear or verifiable evidence showing that the returned items were missing, incorrect, altered, or otherwise ineligible for a refund. In fact, the warehouse image Temu provided appears to show its employee holding the two separately bagged shoes, which is consistent with my documentation and confirms that the returned items reached Temu’s facility.

I contacted Temu and requested that the matter be properly reviewed, but the company continued to deny the refund without adequately explaining how my return failed to meet its requirements. Temu currently has both the returned merchandise and the money I paid. Don't expect a refund, expect to be scammed.",1,"August 1, 2026",6a7beb0efec32ab51ebd611a,Kit Kat,Negative,1591,-1,temu denied refund shoes returned photographs videos showing items packaged return along return delivery documentation temu denied refund without providing warehouse evidence inspection records requested purchased pair shoes temu however temu not send complete correct pair shipment contained individual shoe looked nothing like photo opened return temu returned individual shoe exactly received shipping return took photographs videos showing items condition shoe packaged return delivered temu designated return facility july 27th confirmed return tracking information temu subsequently denied refund 8 28 despite photographic video evidence submitted temu not provide clear verifiable evidence showing returned items missing incorrect altered otherwise ineligible refund fact warehouse image temu provided appears show employee holding two separately bagged shoes consistent documentation confirms returned items reached temu facility contacted temu requested matter properly reviewed company continued deny refund without adequately explaining return failed meet requirements temu currently returned merchandise money paid don't expect refund expect scammed,149,1161
Temu,Online Shopping,Buyers beware,"I purchased two pairs of shoes and a small nail glue from Temu for $25.84. However, Temu did not send two complete pairs of the shoes. The shipment contained only two individual shoes, with one shoe from each style placed in a separate bag, rather than the four shoes required to make two complete pairs.

I opened a return through Temu and returned both individual shoes exactly as they were received. Before shipping the return, I took photographs and videos showing the items, their condition, and how each shoe was packaged. The return was delivered to Temu’s designated return facility on July 31st, 2026, as confirmed by the return tracking information.

Temu subsequently denied my full refund of $25.84, despite the photographic and video evidence I submitted. Temu did not provide any clear or verifiable evidence showing that the returned items were missing, incorrect, altered, or otherwise ineligible for a refund. In fact, the warehouse image Temu provided appears to show its employee holding the two separately bagged shoes, which is consistent with my documentation and confirms that the returned items reached Temu’s facility.

I contacted Temu and requested that the matter be properly reviewed, but the company continued to deny the refund without adequately explaining how my return failed to meet its requirements. Temu currently has both the returned merchandise and the money I paid. That is scamming, and it's fraud.",1,"August 4, 2026",6a7bea7b480eedbdb8bb0581,E B,Negative,1440,-1,purchased two pairs shoes small nail glue temu 25 84 however temu not send two complete pairs shoes shipment contained two individual shoes one shoe style placed separate bag rather four shoes required make two complete pairs opened return temu returned individual shoes exactly received shipping return took photographs videos showing items condition shoe packaged return delivered temu designated return facility july 31st 2026 confirmed return tracking information temu subsequently denied full refund 25 84 despite photographic video evidence submitted temu not provide clear verifiable evidence showing returned items missing incorrect altered otherwise ineligible refund fact warehouse image temu provided appears show employee holding two separately bagged shoes consistent documentation confirms returned items reached temu facility contacted temu requested matter properly reviewed company continued deny refund without adequately explaining return failed meet requirements temu currently returned merchandise money paid scamming fraud,141,1044
Temu,Online Shopping,"If I could give negative stars, I would","If I could give negative stars, I would. On May 21st 2026. I ordered a single pair of glasses from LMA US on Temu I received the glasses and they looked nothing as advertised. I sent them back to the seller and they denied my refund and my claim. I contacted customer service about this issue and they said that they did not receive the item and that a personal item was found. I proceeded to tell them that the glasses they sent weren't like the photo so of course it looked different, later, they changed their excuse and said there were fewer items than received in the return package, which makes no sense because there was only ONE item in the return package. They asked for a photo of what I received along with the receipt. I provided them with EVERYTHING they asked for, plus videos of my return to UPS and confirmation that the seller received the item. After providing all of that, they used the same copy and paste email to say that they won't give me a refund. I asked if they could check with the seller to see what they received because after contacting customer service, they said that they have footage and personally pack every persons order individually, and check the returns. They then proceeded to ignore my request for that and continued to deny my refund with no valid proof. They did all of this in a runaround ticket that they made. If I do not receive my refund after providing proof and documents/screenshots of what customer service has told me. I have no choice but to continue with the dispute I'm filing, and get my refund by force, since my bank has told me that as long as I provide the proof and documents and Temu fails to provide any type of photo/video proof of evidence, that they can reverse the charge. (If they reply with the same copy and paste: item not received without any kind of proof, that proves my whole point.)",1,"August 3, 2026",6a7be9728e6b73daca1ce42a,Niko,Negative,1861,-1,could give negative stars would may 21st 2026 ordered single pair glasses lma us temu received glasses looked nothing advertised sent back seller denied refund claim contacted customer service issue said not receive item personal item found proceeded tell glasses sent weren't like photo course looked different later changed excuse said fewer items received return package makes no sense one item return package asked photo received along receipt provided everything asked plus videos return ups confirmation seller received item providing used copy paste email say won't give refund asked could check seller see received contacting customer service said footage personally pack every persons order individually check returns proceeded ignore request continued deny refund no valid proof runaround ticket made not receive refund providing proof documents screenshots customer service told no choice continue dispute filing get refund force since bank told long provide proof documents temu fails provide type photo video proof evidence reverse charge reply copy paste item not received without kind proof proves whole point,166,1124
Temu,Online Shopping,Temu's new delivery partner worse than Evri,"Temu have started using a company called J&T Express. Never heard of them, and they have lost both my parcels.

Two stars is because they paid me £8 in late fees. Then I get a refund. But I prefer my items.",2,"August 12, 2026",6a7be3178124687ee5e0382a,Damian,Negative,206,-1,temu started using company called j express never heard lost parcels two stars paid 8 late fees get refund prefer items,21,119
Temu,Online Shopping,Deceiving return policy,Deceiving return policy. They state 30 free returns but my account got suspended after I did some return based on their 30 return policy. They did not provide a reason nor answer my query when I contacted them. Now the credit I have on the account cannot be use. Scam,1,"August 4, 2026",6a7bcc6da4e0b8f15d20513a,Wing Promo,Negative,267,-1,deceiving return policy state 30 free returns account got suspended return based 30 return policy not provide reason nor answer query contacted credit account cannot use scam,27,174
Temu,Online Shopping,Defective item,"Defective item, growing oil stains, and terrible support!

I ordered a cabinet from Temu, but oil stains started appearing on the wood right after assembly. Even worse, these stains are actively spreading and creeping up the doors every single day.

I contacted customer service, but senior agent Daxton gave me a generic copy-paste template. They refuse to issue a refund unless I disassemble and package this bulky item myself, which forces me to spend extra money and labor to fix their mistake. When I asked Temu to send someone to pick up and pack this ruined cabinet, they completely refused and dumped all the responsibility onto me.

Order Number: PO-211-00575665490553833

Expecting a customer to pay extra out of pocket to disassemble and package a spreading, defective item is completely unacceptable. I demand a full refund immediately, or I will file a chargeback with my bank!",1,"August 11, 2026",6a7bb4472597888cc8e9980b,Ильгиз Сибгатуллин,Negative,890,-1,defective item growing oil stains terrible support ordered cabinet temu oil stains started appearing wood right assembly even worse stains actively spreading creeping doors every single day contacted customer service senior agent daxton gave generic copy paste template refuse issue refund unless disassemble package bulky item forces spend extra money labor fix mistake asked temu send someone pick pack ruined cabinet completely refused dumped responsibility onto order number po 211 00575665490553833 expecting customer pay extra pocket disassemble package spreading defective item completely unacceptable demand full refund immediately file chargeback bank,90,660
Temu,Online Shopping,Temu should not be to treat people this way,"5:35
Support ticket details
Replied to you
After-sales
Property damage
Support ticket ID: 1784692042211933
Created on: Jul 21, 2026, 10:47 PM
#PO-211-06600311890551074
80 PCS
View details ›
8510
TEN
D
Dawnie has replied Aug 10, 2026, 9:06 AM
Dear Valued Customer,
Thank you for your response.
We understand your feelings.
Regarding your concern, we want to let you know that our specialized team is actively investigating your concerns to ensure we provide you with a fair and accurate solution.
Because we are conducting a thorough review of all the details, we kindly ask for just a little more time to complete the process.
We are tracking your case closely and will get
Reply.

So truspilot will not post your complaints unless you give them proof. Here is the proof this was escalated to property damage in July. It took that long to just get them to know that they made a mess in my house. Now it’s taking them forever in a day to give me the MSDS Sheets on a possible hazardous chemical that one of their mad employees put into my bag. I have discussed compensation with them. They are not even close to where I need them to be to satisfy my needs as far as cleanup is concerned. I have had to do my own research to find these candles on their website to prove that this candle came from them. They know the facts I have done what they have told me I have responded on the Temu app and also through Team emails I have sent Trustpilot those emails as well. Very, very disappointed in Temu‘s response. Everything takes forever I would just really like for this to be over. However, I will not stop complaining until they move on taking care of a customer that they call valued and a high value customer. I spend a lot of money on Temu and this one action has made me look for other resources to obtain the materials that I need. Other than that, I do not complain about a lot of the stuff I get I understand it’s not the best product made however it is affordable and sustainable as far as prize, but I have found that I can get a lot of these materials either directly from the vendor or I can get other makers that are located in the US and the pricing is not that much more if you are buying in bulk like I do. I also get these items much faster if they are bought in the US versus in China, then I don’t have to wait for them to clear customs. I don’t know the trick that Temu has to get them to clear customs because I never have a packing list inside any shipments that I receive. So I know some of these items come from the warehouse or corporate Temu in Boston I don’t understand how they can get away with not having material data sheets for their employees much less their customers. This looks to be a really big problem for the EPA. I’m pretty sure that they will get involved at some point of Temu does not satisfy my needs. This is not a threat. This is a real life situation so I don’t understand Temu I will not take of this. Maybe I need to get involved CPSC or the epa I do really need to go this far for Temu to prove or protect the customers.",1,"August 11, 2026",6a7bb3654f0e11352bf5bec7,Rick,Negative,3067,-1,5 35 support ticket details replied sales property damage support ticket id 1784692042211933 created jul 21 2026 10 47 pm po 211 06600311890551074 80 pcs view details 8510 ten dawnie replied aug 10 2026 9 06 dear valued customer thank response understand feelings regarding concern want let know specialized team actively investigating concerns ensure provide fair accurate solution conducting thorough review details kindly ask little time complete process tracking case closely get reply truspilot not post complaints unless give proof proof escalated property damage july took long get know made mess house taking forever day give msds sheets possible hazardous chemical one mad employees put bag discussed compensation not even close need satisfy needs far cleanup concerned research find candles website prove candle came know facts done told responded temu app also team emails sent trustpilot emails well disappointed temu response everything takes forever would really like however not stop complaining move taking care customer call valued high value customer spend lot money temu one action made look resources obtain materials need not complain lot stuff get understand not best product made however affordable sustainable far prize found get lot materials either directly vendor get makers located us pricing not much buying bulk like also get items much faster bought us versus china wait clear customs know trick temu get clear customs never packing list inside shipments receive know items come warehouse corporate temu boston understand get away not material data sheets employees much less customers looks really big problem epa pretty sure get involved point temu not satisfy needs not threat real life situation understand temu not take maybe need get involved cpsc epa really need go far temu prove protect customers,283,1836
Temu,Online Shopping,This shouldn't even be 1 star,"This shouldn't even be 1 star. Have had repeated issues with them, mostly the shipping companies they use. Teses shippers straightship and uniuni are completely useless and incompetent, they are not used by any respectable companies to ship here in canada but companies like temu continue to use them evenm after repeated complaints and saqying they will block there use for any of your future orders but still do. Temu customer service is not much better, their solution is to always just tell you to contact the shipper who never answers or responds and then they offer a discount coupon. only issue a refund after repeatedly hounding them.",1,"August 11, 2026",6a7b9656cc5a9ffe1b6e007c,Nigel Edmunds,Negative,642,-1,shouldn't even 1 star repeated issues mostly shipping companies use teses shippers straightship uniuni completely useless incompetent not used respectable companies ship canada companies like temu continue use evenm repeated complaints saqying block use future orders still temu customer service not much better solution always tell contact shipper never answers responds offer discount coupon issue refund repeatedly hounding,58,426
Temu,Online Shopping,Temu should be called cuckoo because…,Temu should be called cuckoo because the customer service does not make sense. I have tried for the past 3 weeks to get an item collected. They are refusing to collect after forcing me to accept my cancellation request. The customer service is rubbish and this company needs to be reported to trading standards as their practices are questionable. You cannot speak to any managers and they come out with the same BS every time the escalation department send you the same standard response. This is now a matter for my solicitor.,1,"August 11, 2026",6a7b8bf49ab94cae42bb4346,hazel,Negative,528,-1,temu called cuckoo customer service not make sense tried past 3 weeks get item collected refusing collect forcing accept cancellation request customer service rubbish company needs reported trading standards practices questionable cannot speak managers come bs every time escalation department send standard response matter solicitor,45,333
Temu,Online Shopping,Dont waste any money,"Clothes are awful material and nothing like the ones advertised
'Free' gifts are rubbish.
I won't be ordering from them again.",1,"August 11, 2026",6a7b87afbf7d087491b5121e,Jilly,Negative,126,-1,clothes awful material nothing like ones advertised 'free' gifts rubbish won't ordering,12,87
Temu,Online Shopping,Temu has fallen with the quality of…,"Temu has fallen with the quality of items being sent and quality of game play. I don't want to purchase every time I play. The only good thing this app is for is buying stickers, and crafting items to exchange. Refund service is a joke. The delivery people do not know what's in the package and then when you complain they treat you like you are lying.",2,"August 11, 2026",6a7b6da9f9c01996db06b09b,Laura Gore,Negative,352,-1,temu fallen quality items sent quality game play don't want purchase every time play good thing app buying stickers crafting items exchange refund service joke delivery people not know what's package complain treat like lying,35,225
Temu,Online Shopping,43 days of lies,"I ordered from a top seller cording to temu top seller the biggest lie which started it all off.
Everyone knows what a box of 12 kit Kat's look like well this shoddy company just like temu really sent the totally wrong box and I quote in this past 43 days yes 43 DAYS the item was sent and in the right box...temu just say that cause it is AI or pasted cause I had the same response for 14 days.
They let them send out only 4 weeks left on them and never ever since the kit chunky come out on the shops I never had them as soft as they were .
Now this is were I know I was going to be in for a fight as on DAY 8 I was PROMISED a REFUND but surprise surprise the supervisor could not get it from the system and then promised £4-20 in credit as could not get the refund ..worst mistake ever for the next 25 days all the advisors were saying you been compensated and this is where if anyone has seen it groundhog Day it felt like I was Bill Murray for the next 35 days cause of the same old rubbish they kept on telling me .
They lost loads of my information as well and on day 43 still waiting to find out from this shoddy compy did it .
They have messed with my mental health as well and the ones who I did tell were not even bothered.
So I am also waiting on how they investigated so they said without any of the kit Kat's or they ordered some but not telling me cause from that conclusion they could not give me a refund so once again they are a shoddy company 100%
Oh very any one that shops with them just look out for the liers they all lie but these are the worst.. Benjamin Benson.. Francis Reynolds.. Catlin Wallace and Romon Lim
It will take me a long time to get over this as 43days and they never ever wanted to refund me so if you want a refund be warned.",1,"July 1, 2026",6a7b68efa7a2a6ea4b216c68,Michael Halliwell,Negative,1766,-1,ordered top seller cording temu top seller biggest lie started everyone knows box 12 kit kat's look like well shoddy company like temu really sent totally wrong box quote past 43 days yes 43 days item sent right box temu say cause ai pasted cause response 14 days let send 4 weeks left never ever since kit chunky come shops never soft know going fight day 8 promised refund surprise surprise supervisor could not get system promised 4 20 credit could not get refund worst mistake ever next 25 days advisors saying compensated anyone seen groundhog day felt like bill murray next 35 days cause old rubbish kept telling lost loads information well day 43 still waiting find shoddy compy messed mental health well ones tell not even bothered also waiting investigated said without kit kat's ordered not telling cause conclusion could not give refund shoddy company 100 oh one shops look liers lie worst benjamin benson francis reynolds catlin wallace romon lim take long time get 43days never ever wanted refund want refund warned,175,1028
Temu,Online Shopping,Used a useless courer,I have been shopping with Temu for about 1 year now and I have bought some unusual products which are unavailable elsewhere. They have used Evri and Royal Mail for thei final leg of delivery and I have no complaints. My last order was to be delivered by an unknown company called J & T Express. They failed to deliver on 2 times and my parcel never arrived. I have obtained my refund from Paypal. I asked them not to use J & T for my future purchases but they cannot garantee this. I do not want to go through this ever again so I have closed the Temu account.,1,"August 11, 2026",6a7b5c977e3ac96cf18fb335,Edmund Tan,Negative,560,-1,shopping temu 1 year bought unusual products unavailable elsewhere used evri royal mail thei final leg delivery no complaints last order delivered unknown company called j express failed deliver 2 times parcel never arrived obtained refund paypal asked not use j future purchases cannot garantee not want go ever closed temu account,52,332
Temu,Online Shopping,so I had an offer of 4 items free £0.00…,"so I had an offer of 4 items free £0.00 and to get this offer I had to chose anther item for £10 which is fair - I now look at my order details to see only 2 items (the cheapest ones) and not my other free items? Whats the deal. So it looks like I have spent £10 plus p+p for a couple of cheap items

I had a long chat with one of your agents but I.m still confused - never mind",1,"August 11, 2026",6a7b5b20d982a0f236d7a513,Mort,Negative,378,-1,offer 4 items free 0 00 get offer chose anther item 10 fair look order details see 2 items cheapest ones not free items whats deal looks like spent 10 plus p p couple cheap items long chat one agents still confused never mind,44,225
Temu,Online Shopping,I bought a pair of summer shoes from…,"I bought a pair of summer shoes from them real cheap. And that's exactly what I got...the strap at the ankle had Velcro and it was stitched on so far back that the only person that could wear them would have to have a 3"" around ankle size. Unwearable garbage.",1,"April 16, 2026",6a7b5a7bc3d156b4d4a3ae36,Helen R.,Negative,259,-1,bought pair summer shoes real cheap that's exactly got strap ankle velcro stitched far back person could wear would 3 around ankle size unwearable garbage,25,154
Temu,Online Shopping,So much for their £4 credit for late…,So much for their £4 credit for late delivery.Biggest con artists on the internet.They just decided to offer a refund if bot delivered 2 weeks later.,1,"August 4, 2026",6a7b546fe3943287c180a43f,Don Johnstone,Negative,149,-1,much 4 credit late delivery biggest con artists internet decided offer refund bot delivered 2 weeks later,17,105
Temu,Online Shopping,Temu review,"I am Temu user but there are things that needs to be resolved!

There is Order Limit 40 GEL!
After placing an order there is no way to bypass 12 hours waiting to the seller(s) start preparing your order immediately!
There are no way to choose between delivery services!
There is no way to remove your Profile Picture!

Anyway i am satisfied user of Temu and I never had any issues related shipping returning or with the sellers and the company but until these things are not fixed this review was published all the time!",1,"August 11, 2026",6a7b4b656eb3272d819aa823,George,Negative,520,-1,temu user things needs resolved order limit 40 gel placing order no way bypass 12 hours waiting seller start preparing order immediately no way choose delivery services no way remove profile picture anyway satisfied user temu never issues related shipping returning sellers company things not fixed review published time,49,320
Temu,Online Shopping,Beware taking refunds from Temu,"If you take a refund from Temu as a credit it is called a coupon and when you attempt to use it and remember it has a 3day life to spend it, the value does not count towards the carriage fee. making you spend more than you wanted to to get your refund back. What is worse the refund was for a set of spanners in the picture, what turned up was a spanner a set of allen keys and a bit of punched tin. This is a con and would not be allowed by trading standards etc in a normal western country. The other items were of such poor quality they were rubbish. Beware",1,"August 11, 2026",6a7b3b324014a0897dd928ac,andrew melville,Negative,560,-1,take refund temu credit called coupon attempt use remember 3day life spend value not count towards carriage fee making spend wanted get refund back worse refund set spanners picture turned spanner set allen keys bit punched tin con would not allowed trading standards etc normal western country items poor quality rubbish beware,52,328
Temu,Online Shopping,Their rewards system is completely misleading,"Their rewards system is completely misleading. They offer free cash gifts worth hundreds which turn out to be coupons worth $5-10 for nil purchases and higher value coupons of $20-35 only redeemable after you spend over $70 or more. Ignore the offers, they are discounts on cheap products initially overpriced. Tools are or quality rubbish in many cases, like the dash cams. Let the buyer beware. I have tried them a few times with more disappointment than joy. Spend extra an get quality from reputable vendors.",1,"August 11, 2026",6a7b1c8f3a1c9e27b891d150,Garry Folcarelli,Negative,512,-1,rewards system completely misleading offer free cash gifts worth hundreds turn coupons worth 5 10 nil purchases higher value coupons 20 35 redeemable spend 70 ignore offers discounts cheap products initially overpriced tools quality rubbish many cases like dash cams let buyer beware tried times disappointment joy spend extra get quality reputable vendors,53,356
Temu,Online Shopping,Basically got told I could return a…,"Basically got told I could return a perfume that smelled awful despite them knowing it had been opened and then refused to refund me. Even though they advised I send it back they are now saying I will get no refund and if i want the perfume back I need to pay again.

Basically got scammed out of £110 they are not a reliable company and happily let you get scammed by 3rd party sellers and lie though customer serivce constantly, temu are scammers they didnt used to be bad but even before this I ordered a cupboard that never arrived and they took a month to resolve it. Never using again.",1,"August 11, 2026",6a7b1a5e8a9a07144216bbb1,Leila,Negative,591,-1,basically got told could return perfume smelled awful despite knowing opened refused refund even though advised send back saying get no refund want perfume back need pay basically got scammed 110 not reliable company happily let get scammed 3rd party sellers lie though customer serivce constantly temu scammers didnt used bad even ordered cupboard never arrived took month resolve never using,61,393
Temu,Online Shopping,Temu Sux,"Temu responded to my review, saying to make sure I wasn't the victim of fraud. Ohh I sure was but I don't need the bank to tell me, it was Temu who committed Fraud... You said I had $100.00 credit so I placed a $106. Order and was charged the full amount. Then you have this stupid spin wheel that somehow it always lands on the biggest reward that you NEVER really give. I had to cancel my credit card so you would stop taking my money!!! Temu you are the worst fraud ever!!!! I really hate you!!! I'm still trying to reset all my automatic monthly payments because I had to cancel my credit card. Not to mention that the stuff that I did order is ALL SUPER CHEAP!!! I'VE NEVER SEEN SUCH PIECE OF CRAP COMPANY IN MY LIFE!!! In all this I really blame myself because I should of looked at your reviews... you have one star, and you don't have less because the lowest rate we could give is one star!!! Please everyone DON'T BE A VICTIM OF TEMU!!!!",1,"August 9, 2026",6a7b130bbdbff899ac142565,Pinguino Dee,Negative,946,-1,temu responded review saying make sure wasn't victim fraud ohh sure don't need bank tell temu committed fraud said 100 00 credit placed 106 order charged full amount stupid spin wheel somehow always lands biggest reward never really give cancel credit card would stop taking money temu worst fraud ever really hate still trying reset automatic monthly payments cancel credit card not mention stuff order super cheap never seen piece crap company life really blame looked reviews one star don't less lowest rate could give one star please everyone don't victim temu,92,564
Temu,Online Shopping,I like Temu for many items and order…,"I like Temu for many items and order quite often. Is mostly good value but some useless falsely advertised quality wise and functionality wise. My biggest annoyance though is the false offers of open the boxes and get free cost items. I ended with ""as a valued customer 5 free 0 costed items"" which I picked but to get each item I had to order something from £8 to £10 pound for each free item!!! Disappointed in these false so called offers. Would prefer not to see them. 2 stars because of this scamming.",2,"August 11, 2026",6a7b1212086afbc06b9cabf7,Mr BryanP,Negative,506,-1,like temu many items order quite often mostly good value useless falsely advertised quality wise functionality wise biggest annoyance though false offers open boxes get free cost items ended valued customer 5 free 0 costed items picked get item order something 8 10 pound free item disappointed false called offers would prefer not see 2 stars scamming,57,352
Temu,Online Shopping,Deceptive scam support! Mocked with templates and tried to trick me!,"I ordered a crystal candelabra lamp (order PO-186-01483704556152325), which arrived completely broken and shattered. What followed was a total nightmare of deceptive practices and mockery by Temu's customer support.First, when I reported the damaged item, the support agent opened a fake claim for ""Item not received."" Since tracking showed it was delivered to Spain, the system automatically rejected it. This was a deliberate setup to deny my refund.Second, after I protested, they promised a ""refund without return"" but instead forced a physical return and generated a label for GLS ROMANIA, completely ignoring that my shipping and residence address is in SPAIN! It is logistically impossible to ship broken glass across Europe using an invalid domestic label from another country.For over a week, the supervisor intentionally wasted my time by spamming me with useless automated templates. When I explicitly begged them to stop using templates and look at the country error, they mockingly replied with the exact same template script, word for word. No human empathy, no solutions, just wasting time.Finally, they tried to trick me by sending an email demanding that I cancel the return request and open a new one. This was a pathetic attempt to make me lose my consumer rights. Now, they have simply CLOSED the ticket without resolving anything.This is an absolute scam. I have already escalated this fraudulent behavior to my bank for a chargeback and filed an official case with the OCU Consumer Protection in Spain. Avoid Temu at all costs!",1,"August 10, 2026",6a7b024cb5e9b8346b2931ba,Jane,Negative,1549,-1,ordered crystal candelabra lamp order po 186 01483704556152325 arrived completely broken shattered followed total nightmare deceptive practices mockery temu's customer support first reported damaged item support agent opened fake claim item not received since tracking showed delivered spain system automatically rejected deliberate setup deny refund second protested promised refund without return instead forced physical return generated label gls romania completely ignoring shipping residence address spain logistically impossible ship broken glass across europe using invalid domestic label another country week supervisor intentionally wasted time spamming useless automated templates explicitly begged stop using templates look country error mockingly replied exact template script word word no human empathy no solutions wasting time finally tried trick sending email demanding cancel return request open new one pathetic attempt make lose consumer rights simply closed ticket without resolving anything absolute scam already escalated fraudulent behavior bank chargeback filed official case ocu consumer protection spain avoid temu costs,151,1146
Temu,Online Shopping,Complicated confusing full of promises…,"Complicated confusing full of promises scam selling no real discounts
Got an Artificial response full of lies, not using Temu anymore",1,"August 11, 2026",6a7af394a395eda298b9e0c4,George,Negative,133,-1,complicated confusing full promises scam selling no real discounts got artificial response full lies not using temu anymore,18,123
Temu,Online Shopping,Avoid temu…,Avoid this company at all cost they subtract 25 percent and any discount they have applied to you when refunding items they seem like a con they show pictures that are not accurate and when u return you dont even get the money u paid for the items they win again. Seller send u wrong items and they do nothing tell u to speak to seller which refuses and your left shrouded.,1,"August 10, 2026",6a7af2ff7987cced11990f8f,mehmet kisa,Negative,373,-1,avoid company cost subtract 25 percent discount applied refunding items seem like con show pictures not accurate u return dont even get money u paid items win seller send u wrong items nothing tell u speak seller refuses left shrouded,40,234
Temu,Online Shopping,"1/5 Stars — ABSOLUTELY TERRIBLE, AVOID AT ALL COSTS!!!","I have been trying to contact this company for AGES and it is an absolute nightmare! It is NOT worth the tiny bit of money you might save — not even close! All those tempting offers and deals are completely misleading — it’s nothing but a trap. The products are terrible, the service is even worse, and the staff are absolutely useless! Every single time you do actually get a reply, they just copy and paste the same generic script over and over again — they don’t even read what you’ve written! Half the time they don’t reply at all! It has been one of the absolute worst shopping experiences I have ever had in my life. I hated every minute of dealing with them. Consider this a serious warning to everyone — stay far away from Temu!",1,"August 11, 2026",6a7af2cc445d1f9cdc852431,Gagandeep Singh,Negative,736,-1,trying contact company ages absolute nightmare not worth tiny bit money might save not even close tempting offers deals completely misleading nothing trap products terrible service even worse staff absolutely useless every single time actually get reply copy paste generic script even read written half time reply one absolute worst shopping experiences ever life hated every minute dealing consider serious warning everyone stay far away temu,66,443
Temu,Online Shopping,Not what I purchased …,"Purchased light blue denim shorts received dark blue shorts instead. Asked Temu to send what I ordered and paid for cosy $30, they offered me a $3 credit, have bought so many items from Temu a and will not be buying from them again, very disappointed.",1,"August 7, 2026",6a7af0bc09ecec72b5598a5e,Karen Waights,Negative,251,-1,purchased light blue denim shorts received dark blue shorts instead asked temu send ordered paid cosy 30 offered 3 credit bought many items temu not buying disappointed,27,168
Temu,Online Shopping,What I am most annoyed at is the time…,"What I am most annoyed at is the time frame for returns to be processed. I PAY UP FRONT and IN GOOD FAITH for items from temu, more often than i care, items are poorly made cloting inc sizing or poorly made wigs so they get returned... WHY when I pay up front do I have to wait for the ware house to CHECK and process the items and takes over a week after recieving them. I return the items the same condition as I recieved them. One order was MISSING solar lights for the garden, I did not get refunded, why? because I could not put the item in the return package. make that make sense",3,"August 11, 2026",6a7ae11112105d02e735cce1,Dawn Kinsley,Neutral,586,0,annoyed time frame returns processed pay front good faith items temu often care items poorly made cloting inc sizing poorly made wigs get returned pay front wait ware house check process items takes week recieving return items condition recieved one order missing solar lights garden not get refunded could not put item return package make make sense,57,350
Temu,Online Shopping,Inconstructuve Refunds,"Quite Disturbing How Temu denies your return package. Happend twice now and I can not understand how it is possible.
After following the clear instructions giving, replacing the item as you recievd it now they stating no barcodes attached to the product. Really the garments don't even have barcodes and I used the same packaging that they sent the item with. This is now the 2nd time Temu withheld a Refund and within in minutes when u log a Claim it gets Denied. Quite SAD
PO-184-14928897992310009",1,"August 11, 2026",6a7adb0f861ed628b9171398,Divan Ricardo Van Wyk,Negative,499,-1,quite disturbing temu denies return package happend twice not understand possible following clear instructions giving replacing item recievd stating no barcodes attached product really garments don't even barcodes used packaging sent item 2nd time temu withheld refund within minutes u log claim gets denied quite sad po 184 14928897992310009,49,342
Temu,Online Shopping,I have been shopping with Temu for some…,"I have been shopping with Temu for some time now. I have at least tried 10 times to obtain free gifts. My last purchase was to receive the allocated gifts. I have not received what you advertised. I tried many times, and the same thing happens; I do not receive any. This time I spent over two hundred dollars and received only one. I feel you are dishonest, and I wish to withdraw my continued shopping. Heather Dalzell.",1,"August 11, 2026",6a7ab698789aaf57df2732ca,Heather Dalzell,Negative,421,-1,shopping temu time least tried 10 times obtain free gifts last purchase receive allocated gifts not received advertised tried many times thing happens not receive time spent two hundred dollars received one feel dishonest wish withdraw continued shopping heather dalzell,40,270
Temu,Online Shopping,Not a single product size is correct,Not a single product size is correct. The quality is extremely poor.,1,"August 1, 2026",6a7aa62b113400b94de5a16f,Ghada Hammad,Negative,68,-1,not single product size correct quality extremely poor,8,54
Temu,Online Shopping,I don't shop on TEMU and this is why,"Here's what I hate about Temu. When I want to shop I do not want to play games and pick cheap items for cheap prices, AND SPIN A STUPUD WHEEL. IT'S FOR PEOPLE WHO HAVE NOTHING ELSE TO DO I GUESS. I get so sick of all of that when I go into the TEMU App I just leave it. I have never purchased anything from TEMU for that very reason AND I NEVER WILL.",2,"August 6, 2026",6a7a9d2fb277b6b4b442ad1b,NANCY GLENN,Negative,350,-1,here's hate temu want shop not want play games pick cheap items cheap prices spin stupud wheel people nothing else guess get sick go temu app leave never purchased anything temu reason never,33,190
Temu,Online Shopping,Fell for the dishonest promotional…,"Fell for the dishonest promotional gifts. Stay away from this crooked app and company if you know what’s good for you. Luckily I only purchased 2 items, but was supposed to receive 8 other free ones. They disappeared from my account after purchase. Rot in Hell!",1,"July 31, 2026",6a7a8770644f627369d4cb01,Adam,Negative,261,-1,fell dishonest promotional gifts stay away crooked app company know good luckily purchased 2 items supposed receive 8 free ones disappeared account purchase rot hell,25,165
Temu,Online Shopping,The bottom line is,"The bottom line is, DO NOT GET TRAPPED BY THEIR SCHEMES. if you like something, just get it and stay away after that. They promised me 8 items and I got NOTHING. their excuses are nothing but HOG WASH. since they will see this view, I hope they honor their commitment and give me my items, then I will let you know of the outcome.",2,"August 9, 2026",6a7a83a3a4d31f10d91f1003,Mohammad Hamam,Negative,330,-1,bottom line not get trapped schemes like something get stay away promised 8 items got nothing excuses nothing hog wash since see view hope honor commitment give items let know outcome,31,183
Temu,Online Shopping,Baited,"Baited, promised, and guarateed free gift, cash back and coupons with additional purchases - and then switched - TO NOTHING. Wasted my time with multiple wheel spinning and the above false promises. When I contacted and complained to their chat service, it WANTED ME TO PAY $5.00 for them to take any action, and said it would be returned, later. Zero trust in Temu",1,"August 9, 2026",6a7a775a486b1f3c1bcfbc43,Bill,Negative,365,-1,baited promised guarateed free gift cash back coupons additional purchases switched nothing wasted time multiple wheel spinning false promises contacted complained chat service wanted pay 5 00 take action said would returned later zero trust temu,36,246
Temu,Online Shopping,Public Warning,"Public Warning: Check the Real Reviews Before You Buy
Rating: \star☆☆☆☆ (1 Star)
After more than two years of dealing with this platform, I have officially reached my limit. I am updating my review to 1 star to warn other customers. Please, do yourself a favor and check the independent public reviews before you order anything.
Key Reasons to Avoid This Platform
Terrible Product Quality: The items sold are extremely cheap and poorly made. If you wash red clothing, the dye bleeds so badly it looks like a mess. If you buy blue items, the color runs like house paint. Nothing is built to last.
Constant Promotional Loops: For over two years, they constantly trap customers in endless cycles pushing coupons and credits instead of providing reliable service or quality control.
Incompetent Support: When things go wrong, customer support offers nothing but empty promises and zero actual help.
A Warning to All Shoppers
Do not be fooled by inflated ratings or flashy promotions. Take a look at what real customers are saying on independent review platforms—the massive wave of 1-star reviews speaks for itself. Save yourself the headache, protect your money, and avoid shopping here. A Serious Warning to New Shoppers: Don't Fall for the Fake Ratings
Rating: \star☆☆☆☆ (1 Star)
To anyone thinking about joining or placing an order: do not be fooled by the 5-star and 4-star ratings. ### Why You Cannot Trust Their Ratings
The high ratings you see on the platform are heavily inflated because customers are constantly lured into leaving positive feedback with promises of free coupons and credits. It is a rigged system designed to trap new buyers who don't know any better.",1,"August 11, 2026",6a7a61e9a89b65942bd5e484,Madd Djalo,Negative,1674,-1,public warning check real reviews buy rating star 1 star two years dealing platform officially reached limit updating review 1 star warn customers please favor check independent public reviews order anything key reasons avoid platform terrible product quality items sold extremely cheap poorly made wash red clothing dye bleeds badly looks like mess buy blue items color runs like house paint nothing built last constant promotional loops two years constantly trap customers endless cycles pushing coupons credits instead providing reliable service quality control incompetent support things go wrong customer support offers nothing empty promises zero actual help warning shoppers not fooled inflated ratings flashy promotions take look real customers saying independent review platforms massive wave 1 star reviews speaks save headache protect money avoid shopping serious warning new shoppers don't fall fake ratings rating star 1 star anyone thinking joining placing order not fooled 5 star 4 star ratings cannot trust ratings high ratings see platform heavily inflated customers constantly lured leaving positive feedback promises free coupons credits rigged system designed trap new buyers don't know better,177,1213
Temu,Online Shopping,Cheap products,The items I received were very cheaply made. The seat covers I ordered were not the ones pictured online and I returned them for my $30 back. Waiting to receive my refund. Wish me luck! I now receive a ridiculous amount of ads from Temu and it is driving me crazy!,1,"August 7, 2026",6a7a526fc51f26d1690a1ba4,customer,Negative,264,-1,items received cheaply made seat covers ordered not ones pictured online returned 30 back waiting receive refund wish luck receive ridiculous amount ads temu driving crazy,26,171
Temu,Online Shopping,It's a huge mistake getting anything…,It's a huge mistake getting anything from this place. I ordered a few items so far either it's junk or wrong size. And forget the free stuff they never sent what you chose. Horrible service . Waste of time I wouldn't have left one star.,1,"August 10, 2026",6a7a4adf7261a822057cee5b,Barbara Morrissey,Negative,236,-1,huge mistake getting anything place ordered items far either junk wrong size forget free stuff never sent chose horrible service waste time wouldn't left one star,26,162
Temu,Online Shopping,I dont trust im not getting robbed,"I dont trust im not getting robbed , the purchase says it goes threw then tells me to verify payment method but one 5mins later is fine. Was supposed to get a $100 credit for buying all this shit and never received and most of my items are worthless junk. Nothing I actually want ever actually shows up but never any record when know I bought it
Every so often find something thats worth buying but over all dont waist ur time",2,"August 8, 2026",6a7a3d589145f6625c4d0c93,Stacy,Negative,426,-1,dont trust im not getting robbed purchase says goes threw tells verify payment method one 5mins later fine supposed get 100 credit buying shit never received items worthless junk nothing actually want ever actually shows never record know bought every often find something thats worth buying dont waist ur time,50,310
Temu,Online Shopping,Avoid this company and China altogether…,Avoid this company and China altogether until anti cruelty for animals are enacted.,1,"June 28, 2026",6a7a3c92a5ed3cbfbb11a32e,MB,Negative,83,-1,avoid company china altogether anti cruelty animals enacted,8,59
Temu,Online Shopping,Extremely Disappointed With Temu,"Extremely Disappointed With Temu – Poor Quality Products

I am extremely disappointed with my experience purchasing products from Temu. After ordering several different items, I found a consistent pattern of poor quality and inferior materials.

The shoes were not true to size and were much too wide. The parchment paper was so poor that everything I baked on it stuck to the paper. The shower caddy is extremely flimsy and does not feel sturdy enough for normal use. The Ziplock-style bags are very thin and flimsy. The clothing is made from extremely poor-quality material and does not look or feel like the quality represented in the listings.

These were not isolated issues with one product—they occurred across multiple categories of items. I expected better quality and value, and unfortunately, I was very disappointed.

Based on my experience, I would not recommend Temu to anyone looking for reasonably durable, good-quality products. Buyers should be very cautious and should not assume that the attractive prices mean they are getting good value.",1,"August 10, 2026",6a7a38a4b75eb3b14a77e0da,Raffaela Higgins,Negative,1059,-1,extremely disappointed temu poor quality products extremely disappointed experience purchasing products temu ordering several different items found consistent pattern poor quality inferior materials shoes not true size much wide parchment paper poor everything baked stuck paper shower caddy extremely flimsy not feel sturdy enough normal use ziplock style bags thin flimsy clothing made extremely poor quality material not look feel like quality represented listings not isolated issues one product occurred across multiple categories items expected better quality value unfortunately disappointed based experience would not recommend temu anyone looking reasonably durable good quality products buyers cautious not assume attractive prices mean getting good value,103,765
Temu,Online Shopping,Item out for delivery 7 days and still not here,"An absolute pile of shite who’ve taken my money and delivered nothing.

And now trying to get the review deleted.

Here you go.

Order ref.
PO-210-17564164424310876

My experience is real unlike your “dedicated assistants here to help”.

Thanks for your copy and paste reply. Like everything you’ve done to date you do not investigate anything. It’s all hollow meaningless words.

I have already used the messaging service you mention below and provided the response from Evri verifying that they have lost the parcel.

You’ve been given this information and yet still you don’t organise a replacement or issue compensation as per your T&Cs and a full refund.

Like I’ve said several times in my communications in the last few days, this will be my last ever order and urge everyone to take note of your behaviour and follow suit.",1,"August 1, 2026",6a7a3633e4a3c9f51f0d897d,Les Online,Negative,830,-1,absolute pile shite taken money delivered nothing trying get review deleted go order ref po 210 17564164424310876 experience real unlike dedicated assistants help thanks copy paste reply like everything done date not investigate anything hollow meaningless words already used messaging service mention provided response evri verifying lost parcel given information yet still organise replacement issue compensation per cs full refund like said several times communications last days last ever order urge everyone take note behaviour follow suit,77,544
Temu,Online Shopping,STILL NO SOLUTION!,"DO NOT BUY HERE! Defective vacuum cleaner received. Order ID: Po-076-06250616474232582. The customer support has been promising to solve the issue for 8 days but doing absolutely nothing ('zero emotions', only fake promises). I paid part with card, part with Temu balance. I have already filed a formal Chargeback dispute with my bank today. Disgusting service!""UPDATE: Temu support continues to ignore my rights. They are trying to bargain and offered me a ridiculous 20% partial refund for a completely broken, non-working vacuum cleaner. I rejected this fake offer. I demand a 100% full refund of 40 EUR. My bank chargeback is active, and I will not change this review until I get all my money back!""

Still no solution! Customer support sends useless templates. Order PO-076-06250616474232582Текст: This is my second review because the issue is still not resolved. I received a low-quality item, and today, on August 12, customer service sent me another useless template saying they ""contacted the seller"" and I need to wait. Temu avoids taking responsibility and covers for bad sellers. I will not accept these delays. Order ID: PO-076-06250616474232582. I demand an immediate refund for this poor-quality product!",1,"August 3, 2026",6a7a28575bf3a111ba7d3a22,Sasha,Negative,1219,-1,not buy defective vacuum cleaner received order id po 076 06250616474232582 customer support promising solve issue 8 days absolutely nothing 'zero emotions' fake promises paid part card part temu balance already filed formal chargeback dispute bank today disgusting service update temu support continues ignore rights trying bargain offered ridiculous 20 partial refund completely broken non working vacuum cleaner rejected fake offer demand 100 full refund 40 eur bank chargeback active not change review get money back still no solution customer support sends useless templates order po 076 06250616474232582 second review issue still not resolved received low quality item today august 12 customer service sent another useless template saying contacted seller need wait temu avoids taking responsibility covers bad sellers not accept delays order id po 076 06250616474232582 demand immediate refund poor quality product,133,922
Temu,Online Shopping,Very unhappy with Temu some of the junk…,"Very unhappy with Temu some of the junk they sell, there prices have been going up constantly. Don’t play there game or promotion they deceive you and fix it some how you will lose out and they don’t have to send it to you. There prices are constantly going up to where you can go locally and buy it cheaper.",1,"August 5, 2026",6a7a074f2df2f81fa8bcfdf7,ROBERT GOLDMAN,Negative,308,-1,unhappy temu junk sell prices going constantly play game promotion deceive fix lose send prices constantly going go locally buy cheaper,21,135
Temu,Online Shopping,URGENT REFUND,"I HAVE RESPONDED WITH THE ORDER NUMBER AND I'M TO GET A RESPONSE

Hello,

I’m honestly quite frustrated with this response, especially because this issue has already been going on for quite some time.

How does it make sense for me to spend money returning an item when the cost of returning it is significantly more than the value of the item itself? I should not have to incur an unreasonable expense just to receive a refund for an item that was already problematic.

If you are unable to process the refund without a return, then I would prefer that you reship the item to me instead.

I have been trying to resolve this for a while now, and I’m becoming increasingly dissatisfied with how long this has taken. I would really appreciate a practical solution rather than being asked to spend even more money to resolve the issue.

Please let me know if you can either process the refund without requiring a return or reship the item.

Thank you.",1,"June 3, 2026",6a79f532baf0dfc3a6a59057,Oluwajomiloju Ashaye,Negative,948,-1,responded order number get response hello honestly quite frustrated response especially issue already going quite time make sense spend money returning item cost returning significantly value item not incur unreasonable expense receive refund item already problematic unable process refund without return would prefer reship item instead trying resolve becoming increasingly dissatisfied long taken would really appreciate practical solution rather asked spend even money resolve issue please let know either process refund without requiring return reship item thank,77,566
Temu,Online Shopping,Scam fraudulent crap.,"Scam fraudulent crap.

I dont appreciate your lies about customer satisfaction.

AVOID AT ALL COSTS",1,"August 9, 2026",6a79f39df8ef27a3198cc65a,Jeff Solomon,Negative,99,-1,scam fraudulent crap dont appreciate lies customer satisfaction avoid costs,10,75
Temu,Online Shopping,never use their services they cover scammers,"I wasted half a day waiting for the package...the carrier made a fake delivery attempt but I didn't receive anything...when trying to resolve this issue with the topic their customer service department just wastes time and bounces me from one manager to another.
11aug.
PO-210-18913271319670965
Another fake delivery, now even without a street photo.The topic refuses to return my money, I have to contact my bank. If anyone is interested, I will upload screenshots from the chat with the customcr service. Avoid this fraudulent platform as much as you can. Have a good day and happy shopping everyone.",1,"August 10, 2026",6a79f21794f6eb5706160e7d,Nicolai,Negative,602,-1,wasted half day waiting package carrier made fake delivery attempt didn't receive anything trying resolve issue topic customer service department wastes time bounces one manager another 11aug po 210 18913271319670965 another fake delivery even without street photo topic refuses return money contact bank anyone interested upload screenshots chat customcr service avoid fraudulent platform much good day happy shopping everyone,59,427
Temu,Online Shopping,I have read all negative reviews and…,I have read all negative reviews and kind of agree you have to realise that Temu are a cheap warehouse selling tack I use it for Halloween Christmas and Easter for cheap home party themes for that they are brilliant although I have had some bits that have been real unusable tack I have had lots of good value bits it really is you get what you pay for just ordered 2026 Halloween as I know may take a month,3,"November 29, 2025",6a79e599a51175f0ede9c93f,Denise cosham,Neutral,407,0,read negative reviews kind agree realise temu cheap warehouse selling tack use halloween christmas easter cheap home party themes brilliant although bits real unusable tack lots good value bits really get pay ordered 2026 halloween know may take month,39,251
Temu,Online Shopping,Northedge outdoor Ltd,"Northedge outdoor Ltd. Huddlesfield West Yorkshire HD1 1RL. Third party seller on temu.
I bought
48V Portable Cordless High Pressure Washer | Equipped with Two Batteries, a 6-In-1 Adjustable Nozzle, Suitable for Car/Floor/Garden Cleaning And Watering, As Well As Other Household Cleaning Tasks.
£20.98
1SET
The item sent was totally a different one. It was wrapped only in black polythene thin wrapper. Because of this the case arrived cracked. I thought temu would be careful with third party sellers on their platform, but apparently not. I don’t trust temu or the seller, so I’m stuck with an item that may even be 21v instead of a 48v one. I connected the battery to see if it worked and some water came out of the nozzle. I’m sure this has been out before to someone and it’s been returned.
AVOID THE SELLER AND TEMU PLATFORM AT ALL COSTS. I wish I had looked at the reviews before I purchased from Northedge outdoor ltd as I’ve found at least four other buyers have had the same experience as mine.",1,"August 8, 2026",6a79dbc9eb3818f7df6c7a3a,Kevin Barnes,Negative,1004,-1,northedge outdoor ltd huddlesfield west yorkshire hd1 1rl third party seller temu bought 48v portable cordless high pressure washer equipped two batteries 6 1 adjustable nozzle suitable car floor garden cleaning watering well household cleaning tasks 20 98 1set item sent totally different one wrapped black polythene thin wrapper case arrived cracked thought temu would careful third party sellers platform apparently not trust temu seller stuck item may even 21v instead 48v one connected battery see worked water came nozzle sure someone returned avoid seller temu platform costs wish looked reviews purchased northedge outdoor ltd found least four buyers experience mine,101,674
Temu,Online Shopping,Order PO-135-06333858002553814,Order PO-135-06333858002553814: Received an incomplete parcel with missing and damaged items. Customer service relies on automated responses demanding I physically return items that were never delivered in the first place. Refusing full refund of 474 MAD. Escalated via Chikaya.ma and chargeback.,1,"August 10, 2026",6a79b98cc68669c1d4064073,Abdelaziz Moutahir,Negative,296,-1,order po 135 06333858002553814 received incomplete parcel missing damaged items customer service relies automated responses demanding physically return items never delivered first place refusing full refund 474 mad escalated via chikaya chargeback,32,247
Temu,Online Shopping,I just want to buy products from Temu…,I just want to buy products from Temu but they throw all sort of bonus and money back but you need to spend more.. I am sick if this tricks.. Australia Fair trading and consumer law should look at this business tactic. Stings,1,"August 10, 2026",6a79b26393449625344d8805,Choon,Negative,225,-1,want buy products temu throw sort bonus money back need spend sick tricks australia fair trading consumer law look business tactic stings,22,137
Temu,Online Shopping,I am getting sick of some temu sellers…,"I am getting sick of some temu sellers doing false advertising, case in point, bought a 300 pack of butt solder shrink joints, they show a packet of 300, but you only get 100 butt shrink joints, the other 200 I just black shrink covers, which are small and probably will never use.
Temu needs to do something about this, there needs to be better transparency by the sellers, unfortunately I cannot complain direct to the seller, as you can on eBay. Basically Temu cannot be trusted",1,"August 9, 2026",6a79a8a4c224f114c1b09bb7,GENE RANDALL,Negative,481,-1,getting sick temu sellers false advertising case point bought 300 pack butt solder shrink joints show packet 300 get 100 butt shrink joints 200 black shrink covers small probably never use temu needs something needs better transparency sellers unfortunately cannot complain direct seller ebay basically temu cannot trusted,48,322
Temu,Online Shopping,I used to be a very frequent Temu…,"I used to be a very frequent Temu customer. I genuinely loved shopping on Temu because of the low prices and the huge variety of affordable products. I was always excited to find great deals.

Unfortunately, that has completely changed. When you reach checkout and see all the additional fees, the final price becomes way too expensive. It’s simply not worth it. I will no longer be shopping on Temu. I’m done paying these excessive fees!",2,"August 10, 2026",6a79a10cfe7beb52f1a08781,Jephie,Negative,438,-1,used frequent temu customer genuinely loved shopping temu low prices huge variety affordable products always excited find great deals unfortunately completely changed reach checkout see additional fees final price becomes way expensive simply not worth no longer shopping temu done paying excessive fees,43,303
Temu,Online Shopping,Temu was great until J&T delivery,"I'm very sorry to have to write this review. I've been ordering from Temu for years and generally had a good experience, but since they switched to J&T for deliveries, the process has become far too stressful.

I recently ordered several items, including a custom order, for an important event. Unfortunately, delivery was never even attempted. Despite this, J&T claimed that I had refused the package and sent it back to the sender.

The Temu representatives I spoke with via live chat were kind and friendly, and I appreciate their efforts. However, the only resolution they were able to offer was a refund plus a 20% discount coupon, capped at €20 and valid for just seven days. Considering the circumstances, this does not come close to making up for the situation. The order included a custom-made item, and because of the delay and return, I no longer have enough time to reorder it elsewhere before the event.

After being a customer for years, I'm genuinely disappointed that this experience has made me decide not to order from Temu again. I would strongly advise Temu to reconsider working with J&T, as an unreliable delivery partner can completely undermine an otherwise positive customer experience.",1,"August 10, 2026",6a79994243421d0f53c7a65d,Jana Christoviciute,Negative,1211,-1,sorry write review ordering temu years generally good experience since switched j deliveries process become far stressful recently ordered several items including custom order important event unfortunately delivery never even attempted despite j claimed refused package sent back sender temu representatives spoke via live chat kind friendly appreciate efforts however resolution able offer refund plus 20 discount coupon capped 20 valid seven days considering circumstances not come close making situation order included custom made item delay return no longer enough time reorder elsewhere event customer years genuinely disappointed experience made decide not order temu would strongly advise temu reconsider working j unreliable delivery partner completely undermine otherwise positive customer experience,110,809
Temu,Online Shopping,Questionable fulfillment tracking,"Questionable fulfillment tracking.
They do not update the correct items delivered in your package. I had an item that was not delivered to me and requested for a refund twice with their customer service and was denied without any engagement.

PO-209-12284168233591437-D01",2,"August 10, 2026",6a79972e3b6bdf32595f4420,BRYNELL MORAES,Negative,271,-1,questionable fulfillment tracking not update correct items delivered package item not delivered requested refund twice customer service denied without engagement po 209 12284168233591437 d01,24,190
Temu,Online Shopping,Extremely disappointing experience with…,"Extremely disappointing experience with Temu
I am extremely disappointed with Temu. My package was never delivered to me, yet customer service continues to tell me that it was delivered simply because the shipping company marked it as “delivered.”
I have contacted Temu several times and provided multiple screenshots and pieces of evidence showing that I never received the package. I also contacted the delivery company and reported the issue. Despite this, it feels like nobody is actually taking the time to review the evidence I provided.
I keep receiving the same response that the package was delivered, but no actual proof has been provided that I personally received it. A simple photo of a package does not prove that it was handed to me.
What is even more frustrating is that I have made several attempts to resolve this issue peacefully, but my messages and evidence seem to be completely ignored.
This is absolutely unacceptable. When a delivery problem occurs, I expect a company to take the situation seriously and properly investigate it instead of simply repeating that the package was “delivered.”
Very poor customer service and a very disappointing experience. I would not recommend Temu based on how this situation has been handled.",1,"August 7, 2026",6a798c7aeadd3e8cc1ab2e91,Slama Nour,Negative,1252,-1,extremely disappointing experience temu extremely disappointed temu package never delivered yet customer service continues tell delivered simply shipping company marked delivered contacted temu several times provided multiple screenshots pieces evidence showing never received package also contacted delivery company reported issue despite feels like nobody actually taking time review evidence provided keep receiving response package delivered no actual proof provided personally received simple photo package not prove handed even frustrating made several attempts resolve issue peacefully messages evidence seem completely ignored absolutely unacceptable delivery problem occurs expect company take situation seriously properly investigate instead simply repeating package delivered poor customer service disappointing experience would not recommend temu based situation handled,109,882
Temu,Online Shopping,"Not everything is bad, but you've to be careful","You really do have to be careful – cheap doesn’t necessarily mean good. There are certainly some good, affordable products, but there’s also a lot of rubbish where the products look good in the photos and the description, but then don’t work as well in practice or are not of that material as you’d expect. Also, be aware of the many 5-star reviews: the comments often reveal whether the buyer is giving a genuine or useless review of the product or if he has really used the product. At least the refund process is straightforward if there is a problem with any product.",2,"August 1, 2026",6a7985bf542a9022290da9ea,ximer,Negative,571,-1,really careful cheap necessarily mean good certainly good affordable products also lot rubbish products look good photos description work well practice not material expect also aware many 5 star reviews comments often reveal whether buyer giving genuine useless review product really used product least refund process straightforward problem product,49,349
Temu,Online Shopping,Temu customer services excellent.,"I have been using Temu for some time now and for the most part I have had a positive experience however, there's been a couple of times I have been sent the wrong item or a faulty item.
Temu has always addressed any issues I encountered quickly.
I would like to thank Maddy at customer services for dealing with a recent issue in a position and timely manner! Temu has some really great products. Thank you.",5,"August 5, 2026",6a7985043e8e5444cff5f003,Reggie Jones,Positive,407,1,using temu time part positive experience however there's couple times sent wrong item faulty item temu always addressed issues encountered quickly would like thank maddy customer services dealing recent issue position timely manner temu really great products thank,38,264
Temu,Online Shopping,Their popup ads have false X buttons,"Their popup ads have false X buttons. Really annoying to click out of. I will be holding a grudge over this.

Not worth a 1 star review over this because it’s not THAT annoying. But I’m less likely to use Temu after this.",2,"August 10, 2026",6a7957aa8ce465bd2dd9c547,Ginger Pickett,Negative,221,-1,popup ads false x buttons really annoying click holding grudge not worth 1 star review not annoying less likely use temu,21,120
Temu,Online Shopping,One of the worst online platforms ever…,One of the worst online platforms ever I visited. I order an item and it’s 15 days and still says that port need to clear. Pathetic,1,"August 8, 2026",6a79299f99b046b2d2521bd8,Rana Zulfiqar,Negative,131,-1,one worst online platforms ever visited order item 15 days still says port need clear pathetic,16,94
Temu,Online Shopping,I ordered med pants received XL,I ordered med pants received XL. customer service is a joke and I'm tried of trying to jump through hoops to return or get a refund for these cheap fabric pants that look nothing like what was pictured,1,"August 9, 2026",6a790d2a200e50c8c6c8f938,Naomi Hooper,Negative,201,-1,ordered med pants received xl customer service joke tried trying jump hoops return get refund cheap fabric pants look nothing like pictured,22,139
Temu,Online Shopping,Wrong item delivered bu Local Temu,"Wrong item delivered bu Local Temu. It's not zipped but elastic. Waste of time; now I need to return, and their Ervi service is horrible. I sent the package but still did not receive any info. When checking the tracking, earlier it said the package was damaged. But now it shows delivered on 1st August, 11:08. Evri Tracking No: c00hha0608248461",1,"August 1, 2026",6a78ff985781ba2d47412932,Dr Mohammad Yousif Jamro,Negative,345,-1,wrong item delivered bu local temu not zipped elastic waste time need return ervi service horrible sent package still not receive info checking tracking earlier said package damaged shows delivered 1st august 11 08 evri tracking no c00hha0608248461,38,248
Temu,Online Shopping,Do not trust Temu or their deliveries,"Do not trust Temu or their deliveries. I have sent proof of non delivery of my order to my address, it has obviously been delivered somewhere else. They reply with the same generic message, cannot speak to a human being and absolutely useless.
Don't waste your money with this company, no morals, no customer satisfaction, complaining is just a waste of time!!!!",1,"July 14, 2026",6a78f47710ea671494639d53,Ann McCormack,Negative,362,-1,not trust temu deliveries sent proof non delivery order address obviously delivered somewhere else reply generic message cannot speak human absolutely useless don't waste money company no morals no customer satisfaction complaining waste time,34,242
Temu,Online Shopping,I have ordered a few products to trial…,"I have ordered a few products to trial Temu having loved the similar Ali Express…..and have to say so far most of what has arrived is of great quality and the delivery service has been very good. The bit that irritates the hell out of me is the constant badgering and apparent offers of free or cheap bargains. It literally does not stop even when I have unsubscribed to this aspect of it. I neither need nor want. If this rubbish stopped i would continue and just order what I want/ need and be pretty happy with this. But as it stands I don’t plan to continue, which is a pity as the products I have ordered and which have delivered have been really very good! I hope Temu learns from this",3,"August 9, 2026",6a78c8c460d1a20d1b5c5efa,Fraser Wells,Neutral,691,0,ordered products trial temu loved similar ali express say far arrived great quality delivery service good bit irritates hell constant badgering apparent offers free cheap bargains literally not stop even unsubscribed aspect neither need nor want rubbish stopped would continue order want need pretty happy stands plan continue pity products ordered delivered really good hope temu learns,57,387
Temu,Online Shopping,Great experience so far,"We ordered a battery-powered milk frother, and it is excellent. My husband ordered some cycling gloves and the quality was surprisingly good considering the lower price. So far, we haven't had a bad experience.",5,"February 16, 2026",6a78b51212d1c7d53cca8eb4,Kat E,Positive,210,1,ordered battery powered milk frother excellent husband ordered cycling gloves quality surprisingly good considering lower price far bad experience,19,146
Temu,Online Shopping,Card was charged,"Card was charged. Order not received. Customer service not at all helpful.

To your reply I have provided all this
information several times and get nowhere.",1,"July 1, 2026",6a78b2e945d8952f0f5f1be0,Rebecca Bates Gordon,Negative,157,-1,card charged order not received customer service not helpful reply provided information several times get nowhere,16,113
Temu,Online Shopping,Temu scam,I'm writing again my review after one month last month when I post my review they start working on my issue and update me my parcels are picked by courier and arrive at location I have a screenshot of it from their chat where they confirmed it but after all this they still don't refund me and told me courier is unable to pick my parcel I contact their customers services and they have zero respect for customers I told them your supervisor confirmed it that parcel is picked but they insist I don't return their parcels so they don't refund me and close their tickets I know why they don't want to refund me because my refund amount is higher so they don't refund me my parcels my money my wait everything wasted now they offering me coupon as compensation and told me to they don't refund me or help me I'm totally disappoint at that time I'm going to shift from temu to other shopping apps for smooth experience I think SheIn is much better then temu I confirming it temu is scam so save your money and time instead of wasting on temu,1,"July 9, 2026",6a78a7a0117c2a68ce0c6c31,Blue Pearls,Negative,1038,-1,writing review one month last month post review start working issue update parcels picked courier arrive location screenshot chat confirmed still don't refund told courier unable pick parcel contact customers services zero respect customers told supervisor confirmed parcel picked insist don't return parcels don't refund close tickets know don't want refund refund amount higher don't refund parcels money wait everything wasted offering coupon compensation told don't refund help totally disappoint time going shift temu shopping apps smooth experience think shein much better temu confirming temu scam save money time instead wasting temu,92,641
Temu,Online Shopping,Temu needs to stop using SpeedX,"Temu needs to stop using SpeedX
I have enjoyed ordering from Temu, but I am extremely disappointed that Temu continues to use SpeedX for deliveries. My package was marked “Attempted Delivery — No Access” even though my driveway was completely clear and accessible, and no one actually attempted to deliver my package.
Now, because of SpeedX’s failure to deliver, I am being told I have to wait several more days for another attempt.
Customers should be allowed to choose their delivery carrier at checkout, especially when certain carriers repeatedly provide poor service. I would genuinely rather have my order sent by snail mail than SpeedX — or as I call them, Speed 0.
If Temu continues using SpeedX without giving customers another delivery option, I will seriously reconsider ordering from Temu, and I will continue sharing my experience anywhere delivery-service reviews are accepted.
Temu, please listen to your customers. A good price means very little if the package cannot reliably make it to the customer's door.",1,"August 9, 2026",6a78a6f925c4188086556fa7,Karey Ciano,Negative,1024,-1,temu needs stop using speedx enjoyed ordering temu extremely disappointed temu continues use speedx deliveries package marked attempted delivery no access even though driveway completely clear accessible no one actually attempted deliver package speedx failure deliver told wait several days another attempt customers allowed choose delivery carrier checkout especially certain carriers repeatedly provide poor service would genuinely rather order sent snail mail speedx call speed 0 temu continues using speedx without giving customers another delivery option seriously reconsider ordering temu continue sharing experience anywhere delivery service reviews accepted temu please listen customers good price means little package cannot reliably make customer's door,102,764
Temu,Online Shopping,I used a prepaid card,"I used a prepaid card, because I don't want my banking info out there. 90% of my orders they wanted verification of my card and put 90% of my orders on hold. I have Never had such a hard time buying items for my local homeless shelter. I guess that I just stick to Amazon. I even messaged them and let them know that it was a pre-paid card.",1,"August 3, 2026",6a78a3f9e574ee8f4b95e0cf,Holly Anderson,Negative,340,-1,used prepaid card don't want banking info 90 orders wanted verification card put 90 orders hold never hard time buying items local homeless shelter guess stick amazon even messaged let know pre paid card,34,203
Temu,Online Shopping,Delivery related,My biggest regret in life is order from temu I placed orders month ago and tracking status of orders still in transit when I ask their customers services for help they offer me a coupon and told me to wait after waiting alot they say parcel are lost I ask for reshipment they refuse and told me to place new orders their customers services are totally disappoint and shit zero respect for customers refuse to follow their own policies they have a policy related lost orders that is reshipment but I ask for reshipment using this policy they refuse and start insist on accepting that coupon offer my money my wait for parcels everything wasted and when I try to place same orders again they double the price after adding in to cart same orders in double price when I highlights this issue they says they're unable to resolve my issue and unable to deliver my parcels so I should close their so cold tickets because from their side issue us resolve as lost parcels as customers I'm shifting from temu other shopping apps so my these parcels money is wasted,1,"August 7, 2026",6a78a3ecae5776eb3d677713,Maha,Negative,1054,-1,biggest regret life order temu placed orders month ago tracking status orders still transit ask customers services help offer coupon told wait waiting alot say parcel lost ask reshipment refuse told place new orders customers services totally disappoint shit zero respect customers refuse follow policies policy related lost orders reshipment ask reshipment using policy refuse start insist accepting coupon offer money wait parcels everything wasted try place orders double price adding cart orders double price highlights issue says unable resolve issue unable deliver parcels close cold tickets side issue us resolve lost parcels customers shifting temu shopping apps parcels money wasted,101,691
Temu,Online Shopping,I spoke in phone line 3 times they…,I spoke in phone line 3 times they don’t know what to say,1,"August 9, 2026",6a787710ad3c3bc21dd5ae2f,Griseld Selenica,Negative,57,-1,spoke phone line 3 times know say,7,33
Temu,Online Shopping,Already being billed and still not one…,"Already being billed and still not one item arrived. Use Speeedx which are useless with little to no customer service, not even a phone number! Website just has pop-ups that confuse the buyer. Amazon may be more money but never these dumb & dumber excuses from cannot find address which then changes to incorrect package then back to cannot find address. I can see I am not alone. It continues. First their SpeedX people cannot find me, then delivered and the only proof is a package pic of the package next to a large old style boom box. My office has cameras and a bin for deliveries. They are lying buggers.
The plot thickens, now Trust Pilot giving me grief and will take my review away if I don't kiss TEMU's butt. I wrote a review because I chat with them every day and it gets me nowhere. Their order numbers are three separate ones and each an issue. I cannot keep up",1,"August 9, 2026",6a786e3029eec33df81d2a13,JT Donohue,Negative,875,-1,already billed still not one item arrived use speeedx useless little no customer service not even phone number website pop ups confuse buyer amazon may money never dumb dumber excuses cannot find address changes incorrect package back cannot find address see not alone continues first speedx people cannot find delivered proof package pic package next large old style boom box office cameras bin deliveries lying buggers plot thickens trust pilot giving grief take review away don't kiss temu's butt wrote review chat every day gets nowhere order numbers three separate ones issue cannot keep,94,592
Temu,Online Shopping,Placed an order,"Placed an order, paid. Where is my order went around in circles. I placed another order same day. Will wait to see. I want my money back or the order filled. Will wait to see.",1,"August 7, 2026",6a785f9a461cb12f9052aef1,Maria,Negative,175,-1,placed order paid order went around circles placed another order day wait see want money back order filled wait see,20,115
Temu,Online Shopping,You are likely to be disappointed,Any clothing items bought from Temu are likely to be shoddy and made with cheap Polyester. I have wasted money on various purchases and they have almost all disappointed. If you buy household goods and other ‘hard’ items then you are likely to be satisfied. I have left reviews which are only posted if they are positive!,2,"August 7, 2026",6a7850d0fa8b772ed43cf982,Trish Boyington,Negative,321,-1,clothing items bought temu likely shoddy made cheap polyester wasted money various purchases almost disappointed buy household goods hard items likely satisfied left reviews posted positive,26,189
Temu,Online Shopping,Wow fake cards now or cheaper!,"Wow. A lot of fake stuff, an artist has been stolen from too, like cards!this was on the news from artists who say their work has been stolen. Temu was mentioned a few times. So don’t believe them whatsoever.",3,"August 9, 2026",6a784c467ba6b8b7f82144ff,Norma mccormack,Neutral,208,0,wow lot fake stuff artist stolen like cards news artists say work stolen temu mentioned times believe whatsoever,18,112
Temu,Online Shopping,I am extremely unhappy with my…,"I am extremely unhappy with my experience with Temu and honestly feel let down as a customer.

I placed an order, paid for it, and waited for it to arrive. The tracking then stated that my parcel had been “delivered.” The problem is that I DID NOT RECEIVE MY ORDER. It was apparently left outside, unattended, without being handed to me or placed somewhere secure.

How can an order be considered successfully delivered when the customer has not received it?

I understand that delivery companies can have problems, but leaving a paid parcel outside and simply marking it as delivered is not an acceptable solution. Once a parcel is left unattended, it can easily disappear, be stolen, damaged by weather, or be taken by somebody else. The customer should not be expected to take responsibility for that.

I paid for my items in good faith and expected them to arrive safely. Instead, I am left without my order and having to deal with the frustration of contacting customer service and explaining something that should be very straightforward: I ordered it, I paid for it, and I did not receive it.

The fact that the tracking says “delivered” does not magically mean I received the package. There is a huge difference between a parcel being marked as delivered and a customer actually receiving it.

This has completely changed my opinion of Temu. Before this experience, I was willing to order from the platform, but now I have serious concerns about whether my orders will actually reach me safely.

Customers should not have to worry that their purchases will simply be left outside and potentially disappear. Temu needs to take delivery problems much more seriously and make sure customers are properly protected when an order is not received.

I am extremely disappointed and expect Temu to take responsibility for this situation and provide a proper resolution. I paid for an order that I never received, and that is simply not acceptable.

Based on this experience, I would seriously reconsider ordering from Temu again. Very poor experience and very frustrating customer service",1,"June 9, 2026",6a7846918b86ee55064c3c48,Mohamed Ali,Negative,2088,-1,extremely unhappy experience temu honestly feel let customer placed order paid waited arrive tracking stated parcel delivered problem not receive order apparently left outside unattended without handed placed somewhere secure order considered successfully delivered customer not received understand delivery companies problems leaving paid parcel outside simply marking delivered not acceptable solution parcel left unattended easily disappear stolen damaged weather taken somebody else customer not expected take responsibility paid items good faith expected arrive safely instead left without order deal frustration contacting customer service explaining something straightforward ordered paid not receive fact tracking says delivered not magically mean received package huge difference parcel marked delivered customer actually receiving completely changed opinion temu experience willing order platform serious concerns whether orders actually reach safely customers not worry purchases simply left outside potentially disappear temu needs take delivery problems much seriously make sure customers properly protected order not received extremely disappointed expect temu take responsibility situation provide proper resolution paid order never received simply not acceptable based experience would seriously reconsider ordering temu poor experience frustrating customer service,175,1381
Temu,Online Shopping,Tortuous Communication with Customer Service,"Re: Order PO1971642819906551505 was delivered 8 August, but three of the fridge magnets did not have magnets attached or included. I tried to communicate this problem with your less than intelligent AI, until I was transferred, at my insistence, to a human customer service officer. This was no better and I ended up going around in circles and with an ever expanding communication chain. Forget about the missing items. I will not be using Temu again.

Re: PO Order PO1971642819906551505

I offer you no thanks for the reply you sent me in response to the review I posted on our recent interactions. The reason is that your reply is unsigned, impersonal. computer generated and totally misses the point of the complaint in my review.

Yes, I originally contacted you because of missing magnets in my order, which was delivered on 8 August.

But the reality is that my complaint morphed into a censor of your totally inadequate customer communication and response mechanisms, e.g. talking mindlessly to a robot, then when I was eventually transferred to a real human being, finding myself on a merry-go-round of being asked the same questions that the robot had asked and failing to answer in any intelligent way. Consequently, I terminated the conversation and decided not to waste any more of my tie interacting with your totally flawed system.

I had suggested the simple solution of you sending me three of the round magnets, which I could then attach to the decals that had been delivered without them. Problem solved. But no! that was all too hard for your mindless, bureaucratic system which wanted to me to play hoopla.

No thank you.

Fix your awful, user unfriendly customer service communication channels, or you will never hear from me again.",1,"August 9, 2026",6a7839e46dc86a520f167a1f,David Brown,Negative,1754,-1,order po1971642819906551505 delivered 8 august three fridge magnets not magnets attached included tried communicate problem less intelligent ai transferred insistence human customer service officer no better ended going around circles ever expanding communication chain forget missing items not using temu po order po1971642819906551505 offer no thanks reply sent response review posted recent interactions reason reply unsigned impersonal computer generated totally misses point complaint review yes originally contacted missing magnets order delivered 8 august reality complaint morphed censor totally inadequate customer communication response mechanisms e g talking mindlessly robot eventually transferred real human finding merry go round asked questions robot asked failing answer intelligent way consequently terminated conversation decided not waste tie interacting totally flawed system suggested simple solution sending three round magnets could attach decals delivered without problem solved no hard mindless bureaucratic system wanted play hoopla no thank fix awful user unfriendly customer service communication channels never hear,149,1144
Temu,Online Shopping,Evri is destroying their businesses Their BOTS ( Temus) are helping destroy TEMU,"The items I’ve ordered have generally actually been good. Temu like SHEIN seem to be under the impression that once they take your money their job is done . The fact they use EVRI who loose and I personally think steal
The packages that never get delivered seems to go over their heads. When you do get offered a refund it takes weeks or in my case my bank had too actually call for the refund back to my CC. No emails answered properly No telephone number to call. These companies are run like scams take your money and do not deliver it’s a great business idea NOTE TO EVRI I HAVE GIVEN YOU MY INFORMATION DETAILS 100 TIMES YOU DID NOTHING SO NO I WILL NOT BE PROVIDING MORE",1,"August 9, 2026",6a78208fd7736cdc5b1afe7e,customer,Negative,676,-1,items ordered generally actually good temu like shein seem impression take money job done fact use evri loose personally think steal packages never get delivered seems go heads get offered refund takes weeks case bank actually call refund back cc no emails answered properly no telephone number call companies run like scams take money not deliver great business idea note evri given information details 100 times nothing no not providing,70,438
Temu,Online Shopping,This is the second parcel the delivery…,This is the second parcel the delivery driver has just thrown over the fence! The gate IS open but no.... he insists on throwing my parcel over a 6 foot high fence!. Just damn lucky nothing was breakable! Not happy!,2,"August 9, 2026",6a781295a348e7cad1ff5903,Margaret Hotz,Negative,215,-1,second parcel delivery driver thrown fence gate open no insists throwing parcel 6 foot high fence damn lucky nothing breakable not happy,22,136
Temu,Online Shopping,I feel like this website is a scam sometimes,"The items on from Temu are very hit and miss as far as their quality. My biggest complaint with this website is that they promise you things like eight free gifts 9 free gifts etc put in writing that there's no way anybody could read conditions. I bought a cat tree from them and then when I put it together it was not as big as far as the size of for the cats as what appeared on the website. When I mentioned this to them they gave me a $3 credit. Wow, that was so generous. Problem is some of their stuff I truly like but is it worth the games? I'm thinking not.",2,"July 31, 2026",6a78116db1a79a9313601fdb,Janalyn Fincher,Negative,565,-1,items temu hit miss far quality biggest complaint website promise things like eight free gifts 9 free gifts etc put writing there's no way anybody could read conditions bought cat tree put together not big far size cats appeared website mentioned gave 3 credit wow generous problem stuff truly like worth games thinking not,54,323
Temu,Online Shopping,Expect disappointment,"Refund is less than promised. Customer service is a chat-bot that pretends to be human - even lying about it.
Expect to receive the worst quality of items - and then expect to still be disappointed when they arrive.
Packaging is very poor.",1,"August 9, 2026",6a7810e84122e602c154958b,Kevin Williamson,Negative,239,-1,refund less promised customer service chat bot pretends human even lying expect receive worst quality items expect still disappointed arrive packaging poor,22,155
Temu,Online Shopping,Often a disapointment - don't select the speed up option,"Re: You already told me that nothing could be done. You made no effort to follow-up with me in any way, even after I reached out directly to customer service.

Forcing me to provide personal identifying information for this review could've resulted in my review being deleted had I not done so. I hope you understand why it seems to me like your response has value and seems VERY performative.
_ _ _ _ _ _ _ _ _ _ _ _ _ _ _ _ _ _ _ _ _ _ _ _ _ _ _ _ _ _ _ _ _ _ _ _

I ordered a bunch of things and my order hadn't moved. So I selected the speed up feature, I then get a pop up that say they will give a broker my items as soon as they arrive, to speed up the process. This means massive brokerage fees that exceed the cost of my order. Never agreed to this and they claimed they couldn't cancel teh brokerage transfer. So I asked to cancel my order and they said, they couldn't.

Most items have to be returned because they're often broken, dirty or don't even work. In my case, I purchase niche items for hair extensions and random things but 60% of my purchases do end up returned, so it's always a gamble.",1,"August 6, 2026",6a77e9e543bb065ac7cfbefa,VN,Negative,1109,-1,already told nothing could done made no effort follow way even reached directly customer service forcing provide personal identifying information review could've resulted review deleted not done hope understand seems like response value seems performative ordered bunch things order moved selected speed feature get pop say give broker items soon arrive speed process means massive brokerage fees exceed cost order never agreed claimed couldn't cancel teh brokerage transfer asked cancel order said couldn't items returned often broken dirty don't even work case purchase niche items hair extensions random things 60 purchases end returned always gamble,95,653
Temu,Online Shopping,Service is poor,Service is poor. Very long wait! Scamming ways of promoting service. They would offer free item but they wanted you to buy tanks of item before they give the offer and when they say you have a discount it’s a scam. It’s not real.,1,"August 8, 2026",6a77b2c1a3f8603386a5afe2,Jessica Boswell,Negative,229,-1,service poor long wait scamming ways promoting service would offer free item wanted buy tanks item give offer say discount scam not real,23,136
Temu,Online Shopping,"All you information gets retained when you delete your account, DO NOT TRUST, JUST DONT BUY FROM THEM","I had a problem with a product that I was returning. They fought me for over a month and a half and gave me temu credit instead of going back to my card. I decided to delete my account, so I asked what information of mine they would retain and for how long, they would not tell me. Do not get involved with this unethical, untrustful company!

(ANSWER TO TEMU)
They have not followed up on the matter. I asked for what was kept and for how long and they would not answer. Said they put an urgent ticket in to the higher ups to get me an answer, that was 2 weeks ago, there is no answer coming. I filed complaints with government agencies just to cover myself if something happens to my credit or someone steals my identity, I want it in print what Temu is doing.

All they have done the last two months is lie to me about a return I had to fight for and they ending up giving me a temu credit instead of cash and now they just keep delaying giving me an honest answer.

I CANNOT TELL YOU HOW FRUSTRATED I AM, AND HOW YOU NEED TO JUST STAY AWAY!",1,"August 6, 2026",6a77acd199f86d967ebe22cc,Glenn,Negative,1044,-1,problem product returning fought month half gave temu credit instead going back card decided delete account asked information mine would retain long would not tell not get involved unethical untrustful company answer temu not followed matter asked kept long would not answer said put urgent ticket higher ups get answer 2 weeks ago no answer coming filed complaints government agencies cover something happens credit someone steals identity want print temu done last two months lie return fight ending giving temu credit instead cash keep delaying giving honest answer cannot tell frustrated need stay away,94,606
Temu,Online Shopping,The Life Setter Upper,"OMG, OMG,i love Temu,they can reset your whole life up. Now granted it'll be like 9.5× of of 10 that an item is either wrong or broken. But the way they're set up, you can just get a new one or just get your money back. I love them.",5,"August 1, 2026",6a77a42e8c5fe251583fe27c,Nicole Bowles,Positive,232,1,omg omg love temu reset whole life granted like 9 5 10 item either wrong broken way set get new one get money back love,25,119
Temu,Online Shopping,Should be a negative star review,Should be a negative star review. I bought two different sets of earbuds from two different sellers. I have owned both of these in the past. Same story with both. Fake. Bad fakes. Ran both over with the car which revealed tiny batteries where there was supposed to be a large 18650 in one of the cases. The best part is not only are they fake but none of them would even power on. I don’t know why they bother shipping this useless shit. I hope they get what they deserve for ripping people off.,1,"August 8, 2026",6a779ee1830f590f462d8d34,Matt Ramsay,Negative,495,-1,negative star review bought two different sets earbuds two different sellers owned past story fake bad fakes ran car revealed tiny batteries supposed large 18650 one cases best part not fake none would even power know bother shipping useless shit hope get deserve ripping people,45,278
Temu,Online Shopping,I have had numerous lost Tmu says theey…,"I have had numerous lost Temu says they can a refund but only if I wait an additional 30 days from the original delivery date. I received a package so damaged, took pictures and videos and Temu offered me a 19.00 refund of the 65.00 paid for the item. I demanded a replacement and they have gone silent. They never used to be this bad but something has been changed. One of the items not received by the delivery date is saying they have to check with the carrier before issuing the 5.00 credit. They have gotten so bad and I have had enough. I asked them to cancel all my pending orders including the ones that haven't been delivered as I don't trust they will ever be delivered, and again complete silence. No response. Since my post I have had replies from Temu offering assistance. it is good that they took my complaints seriously.",4,"June 30, 2026",6a779b9bcc6189462d442adb,anita posey,Positive,836,1,numerous lost temu says refund wait additional 30 days original delivery date received package damaged took pictures videos temu offered 19 00 refund 65 00 paid item demanded replacement gone silent never used bad something changed one items not received delivery date saying check carrier issuing 5 00 credit gotten bad enough asked cancel pending orders including ones delivered don't trust ever delivered complete silence no response since post replies temu offering assistance good took complaints seriously,77,511
Temu,Online Shopping,Havent received my package and I paid…,Havent received my package and I paid fully online every time I contact them they are saying they will e mail and that’s All disappointed and never recommend to anyone,1,"August 9, 2026",6a7791657c712814a5a918e4,Prabhani,Negative,167,-1,havent received package paid fully online every time contact saying e mail disappointed never recommend anyone,16,110
Temu,Online Shopping,Popup after popup after popup,With so many promotions popups the anxiety is overwhelming before even purchasing product and then they say item ran out no longer available with promotion. In the end I received the cheapest item of the 3 in the promotion plus it takes forever to get it shipped. China sucks,1,"August 8, 2026",6a777f29995bae2eb9259906,Mathew Sharp,Negative,275,-1,many promotions popups anxiety overwhelming even purchasing product say item ran no longer available promotion end received cheapest item 3 promotion plus takes forever get shipped china sucks,28,192
Temu,Online Shopping,I been on the sight like 5 times to get…,I been on the sight like 5 times to get stuff but I can with all the free stuff you get but at the end your charged for them. Never again will I go on temu !!!,1,"August 8, 2026",6a77786295e3b2b0bbb43c1a,ROB buzz,Negative,159,-1,sight like 5 times get stuff free stuff get end charged never go temu,14,69
Temu,Online Shopping,While TEMU has nice things,"While TEMU has many nice things, their shipping couriers are 3rd rate. TEMU uses GOFO courier services. You can't get ahold of GOFO, even by phone even tho they have a number. SpeedX is even closer to worthless. No way to contact them whatsoever. Both are difficult to track. TEMU refunded me when the delivery didn't come on the delivery date and then days later SpeedX delivered. Amazon has Amazon locker. Amazon blows TEMU away.",1,"August 8, 2026",6a7770b6cce61b4194339bc3,JIM,Negative,431,-1,temu many nice things shipping couriers 3rd rate temu uses gofo courier services can't get ahold gofo even phone even tho number speedx even closer worthless no way contact whatsoever difficult track temu refunded delivery didn't come delivery date days later speedx delivered amazon amazon locker amazon blows temu away,50,320
Temu,Online Shopping,not always honest,"i buy from then now and then, the products are o.k , prices good
but i won that spinning wheel thing that pops up ,, it said i won free items , said to pick them out , plus pick out 4 items to purchase. i did all that,
one paid item arrived
nothing else",3,"August 8, 2026",6a777049666b6f258517a78d,JustAnswer Customer,Neutral,253,0,buy products k prices good spinning wheel thing pops said free items said pick plus pick 4 items purchase one paid item arrived nothing else,25,140
Temu,Online Shopping,Temu delivery left in unsafe place and stolen!,"I ordered a large item from Temu and on the day it was delivered, it was left behind the bin in front of my house. Very unsafe place and visible to the public. It was subsequently stolen and Temu and the seller are refusing to replace or refund as it was marked as delivered. The item was not cheap and I never requested for it to be left where it was. I have reported to the police and I will be taking the matter further using the Consumer Rights Act 2015.",1,"July 21, 2026",6a776cf1b1a62e00644fb5ba,Grace Williams,Negative,458,-1,ordered large item temu day delivered left behind bin front house unsafe place visible public subsequently stolen temu seller refusing replace refund marked delivered item not cheap never requested left reported police taking matter using consumer rights act 2015,39,263
Temu,Online Shopping,False Advertising,"The picture showed actual ""jewels/rhinestones on the blue jean shirt. When I received the shirt, the ""jewels"" were actually ""printed"" on the fabric. Never again!!",1,"August 3, 2026",6a7767b6152f8665a43923eb,Regina,Negative,162,-1,picture showed actual jewels rhinestones blue jean shirt received shirt jewels actually printed fabric never,15,108
Temu,Online Shopping,After writing a review about sending…,"After writing a review about sending two builders bags instead of dust sheets, they gave me my money back.
I tried ordering items only to find that when they took the money off I still had spend £15 extra to get free delivery what a rip off never use this rubbish again",1,"August 8, 2026",6a7760f52c3c2db71342f511,Geoffrey,Negative,269,-1,writing review sending two builders bags instead dust sheets gave money back tried ordering items find took money still spend 15 extra get free delivery rip never use rubbish,29,174
Temu,Online Shopping,Attrocious Temu,"Temu kept on making mistakes when refunding me. First they added to my account as credit, then they tried to transfer the money from the credit on my account to my credit card account. They put it in, but it's showing as pending. Customer services are frustrating.",1,"August 8, 2026",6a775ce96500b73b9642f7e1,Jon Halford,Negative,264,-1,temu kept making mistakes refunding first added account credit tried transfer money credit account credit card account put showing pending customer services frustrating,23,168
Temu,Online Shopping,They fraudulently represented an item…,"They fraudulently represented an item they sold me as new.

The box was re-taped, stainless steel top scratched and the parts bag previously torn open.

After serval emails they refused to do the right thing.

There solution is for me to return it. They missed the point. They sold me this item under the false pretense it was new.

DO NOT BUY FROM THEM!!!!!",1,"August 2, 2026",6a77592807ff5bc2854c4e79,Russell Pannone,Negative,358,-1,fraudulently represented item sold new box taped stainless steel top scratched parts bag previously torn open serval emails refused right thing solution return missed point sold item false pretense new not buy,32,209
Temu,Online Shopping,Veto because of the delivery,"Temu will pass the buck for this to Evri but it's disgusting that they use a courier who steal items. All 3 of my split deliveries this week had the wrong photos for delivery, one even being the inside of a car. They take no responsibility for the courier so I have no order and no refund. Whilst I'm terminally ill I rely on these things being delivered. Won't use the site again.",1,"August 6, 2026",6a774dc632f2fb9adae0c5a1,Ms Samuel,Negative,381,-1,temu pass buck evri disgusting use courier steal items 3 split deliveries week wrong photos delivery one even inside car take no responsibility courier no order no refund whilst terminally ill rely things delivered won't use site,37,229
Temu,Online Shopping,DO NOT ACCEPT VOUCHERS,They give me a voucher for returning articles. I bought clothes with the voucher which the material was absolutely crap. Then returned them and surprise they only giving back few pounds because it was bought with voucher. No voucher credit back. DO NOT ACCEPT VOUCHERS.,1,"August 8, 2026",6a7741ffaaae1aba0b713188,Sonia Miranda Oliva,Negative,269,-1,give voucher returning articles bought clothes voucher material absolutely crap returned surprise giving back pounds bought voucher no voucher credit back not accept vouchers,24,174
Temu,Online Shopping,I purchased several items from this…,I purchased several items from this company when I returned from holiday I had a load of different pictures of a door I have never seen before saying the item was left in my porch I don't have a porch I advised them of this and they told me to contact the carrier which I did but I keep getting a recorded message telling me to contact the sender who are temu I think they think they can steal my money and get me to give up listen you have put on your response on Trustpiolt you will do this and that I have contacted you online you tell me to go to the carrier Everi which I do and I get a recorded message telling me to contact the sender being you then I get cut off hence the reason I have posted on here my next step is my credit card company to get my money back I don't have a porch or patio as it has been claimed that's where my orders were left i have a front door with a doorstep the picture supplied is not of my front door end of,1,"June 24, 2026",6a7739bb36f0f75a4927ea44,Brian Dennis,Negative,943,-1,purchased several items company returned holiday load different pictures door never seen saying item left porch don't porch advised told contact carrier keep getting recorded message telling contact sender temu think think steal money get give listen put response trustpiolt contacted online tell go carrier everi get recorded message telling contact sender get cut hence reason posted next step credit card company get money back don't porch patio claimed that's orders left front door doorstep picture supplied not front door end,81,531
Temu,Online Shopping,Wow .Initially as there were first starting…,"Initially as there were first starting off they were a little bit cheap and some of the things were a little bit jeep and cheerful but now they have up their game and they are providing much better quality stuff for the price don't get me wrong you could probably buy better but you'd be paying like four times the price.
What do I like about them they give you refund or credit instantaneously no questions asked as long as You don't take the rise out of them. The algorithm will spot you immediately if you keep sending stuff back arbiterally.
And kudos to them .! Lol

2 . If you buy or buy 15 quid worth of stuff they throw in the postage totally for free and return postage is free if it's damaged or faulty or not fit for purpose which means probably faulty.

3 same products on eBay but cheaper very often if not identical. Vs the same quality of course.

4 App is super easy to use once you get the hang of it otherwise use your own PC which is easier to manage any Returns

Hope that helps anybody
Ross UK",5,"August 8, 2026",6a772479f169c1d5f0c31901,Ross Adams,Positive,1014,1,initially first starting little bit cheap things little bit jeep cheerful game providing much better quality stuff price don't get wrong could probably buy better paying like four times price like give refund credit instantaneously no questions asked long don't take rise algorithm spot immediately keep sending stuff back arbiterally kudos lol 2 buy buy 15 quid worth stuff throw postage totally free return postage free damaged faulty not fit purpose means probably faulty 3 products ebay cheaper often not identical vs quality course 4 app super easy use get hang otherwise use pc easier manage returns hope helps anybody ross uk,102,632
Temu,Online Shopping,Slow deliver…,"They used to ship quickly and deliver quickly. There delivery times have become that slow, it would be quicker to row there in a dinghy and pick it up yourself",2,"August 8, 2026",6a7723c22e9871499fd05d8f,Geoffrey Ankrett,Negative,159,-1,used ship quickly deliver quickly delivery times become slow would quicker row dinghy pick,14,90
Temu,Online Shopping,Dont order bad deliveries. Dreadful Customer sercice,"Minus one star at least. I have repeatedly contacted Temu about their deliveries beng left anywhere but where they should. They have been dumed in garages at the back, the garden, but mostly rubbish bins despite delivery instructions. Not to do this. My parcel was delivered no notification biin men took it to tip. Full of personalised stuff. Dont order they are not trustworthy. You conatct customer services they havent a clue just generic messages. I got a refund but thats not the point those were gifts personalised and they were just dumped.
Yesterday 11th Aug I received a parcel dumped at front of house under a sign that states. PARCELS MUST NOT BE LEFT OUTSIE THIS DOOR and beside a delivery box. Can these delivery men READ",1,"August 8, 2026",6a7705c341a52578e64841ff,Janet Erlam,Negative,735,-1,minus one star least repeatedly contacted temu deliveries beng left anywhere dumed garages back garden mostly rubbish bins despite delivery instructions not parcel delivered no notification biin men took tip full personalised stuff dont order not trustworthy conatct customer services havent clue generic messages got refund thats not point gifts personalised dumped yesterday 11th aug received parcel dumped front house sign states parcels must not left outsie door beside delivery box delivery men read,74,504
Temu,Online Shopping,Am suffering since 6 month because of…,Am suffering since 6 month because of TEMU Customer Service as they are unhelpfull at all and i already i gave them also here in TRUSTPILOT A lot of times the ticket no. And email and phone number but they did nothing until now .,1,"January 27, 2026",6a76fe821dbb79a709f6a325,Hisham Khalaf,Negative,229,-1,suffering since 6 month temu customer service unhelpfull already gave also trustpilot lot times ticket no email phone number nothing,20,132
Temu,Online Shopping,After years of using Temu with no…,"After years of using Temu with no problems, I can honestly say I will never use again.
I bought a water feature for £100, but unfortunately did not work properly. I bought from UK, as I thought it would be easier to return if any problems, how wrong was I.
Temu has made it as awkward as possible to send the item back and clearly do not want to refund.
They have sent me a barcode for the return, but no return address. The logistics company they are telling to drop off to, do not accept returns only collection, but temu are saying they can't book a collection. They are doing everything possible to avoid giving a refund for the item.
DO NOT BUY ANY HIGH VALUE ITEMS FROM TEMU!",1,"July 22, 2026",6a76fadd3e2f623b63a481f0,AnnieO,Negative,681,-1,years using temu no problems honestly say never use bought water feature 100 unfortunately not work properly bought uk thought would easier return problems wrong temu made awkward possible send item back clearly not want refund sent barcode return no return address logistics company telling drop not accept returns collection temu saying can't book collection everything possible avoid giving refund item not buy high value items temu,67,435
Temu,Online Shopping,Temu customer service is the worse,"Temu customer service is the worse, they do not listen or check what you tell them",1,"August 7, 2026",6a76dd0992f901afe67c82ab,Customer,Negative,82,-1,temu customer service worse not listen check tell,8,49
Temu,Online Shopping,Customer service can't understand,"Customer service can't understand. Simply if item is $1.60 then they charge you $15 it's fraud. It happens a lot and they can't understand. I had orders should be $17 but had $100 plus taken from the bank account
I tried to talk to a James Gustavo but he didn't understand anything. And after numerous requests to connect with a senior staff he refused. He also said there's no senior manager in the place. And you sent details of the prices and he doesn't understand. . If you quote a price then charge 5 times more it's fraud",1,"August 8, 2026",6a76c677d0e300a24a741c42,Tim Hickey,Negative,527,-1,customer service can't understand simply item 1 60 charge 15 fraud happens lot can't understand orders 17 100 plus taken bank account tried talk james gustavo didn't understand anything numerous requests connect senior staff refused also said there's no senior manager place sent details prices doesn't understand quote price charge 5 times fraud,53,346
Temu,Online Shopping,I always received m'y product in good…,I always received m'y product in good condition a lot of fake review,5,"August 8, 2026",6a76bc0003f39be5ccb3365b,Divra,Positive,68,1,always received m'y product good condition lot fake review,9,58
Temu,Online Shopping,Have been waiting on a parcel which…,"Have been waiting on a parcel which should of arrived between 27th and 31sr of july its now the 8th of August and still not delivered even though its been at local depot sunce the 28th of july. I have spoken to Temu several times and i get the same excuses all the time, its waiting on review from ticket raised and its been several days. Avoid Temu at all cost",1,"July 28, 2026",6a766beaa357fcbc39c6f1cc,Doreen Cournoyer,Negative,361,-1,waiting parcel arrived 27th 31sr july 8th august still not delivered even though local depot sunce 28th july spoken temu several times get excuses time waiting review ticket raised several days avoid temu cost,34,209
Temu,Online Shopping,What a waste of time complaining about product that was faulty. Cost was about £17.00 but Temu and Klarna are not very good at issuing refund or accepting product faults. Do not purchase from this cowboy outfit. I No refund for faulty product,"Product fault
When can I get a refund or credit for product that was reported as faulty and poor customer service",1,"June 1, 2026",6a7658da8a8a2f6eaebe25e9,Customer,Negative,113,-1,product fault get refund credit product reported faulty poor customer service,11,77
Temu,Online Shopping,It’s awful,"It’s awful. They play games with you and manipulate you into buying using unethical tactics. For example, you find a product and it claims to arrive in your country in 2 days, then elsewhere it says 16 working days, but once you place the order, it suddenly says more than 50 days! They have zero sense of ethics or morals.",1,"August 6, 2026",6a7580068b7d2c810da4a0f0,Jay Kay,Negative,323,-1,awful play games manipulate buying using unethical tactics example find product claims arrive country 2 days elsewhere says 16 working days place order suddenly says 50 days zero sense ethics morals,31,198
Temu,Online Shopping,Utterly appalling customer service,"I purchased a set of 50 coat hangers and when it arrived, I received one. I checked the page from where I purchased it and the pictures show 50, the buttons for the item show 50 and there's no drop down bar to order one, i contacted c/s and the first agent just fobbed me off and cancelled the chat, the second agent showed a lack of empathy, also, and when said I'm considering cancelling my account, he just gave me the link to do so . Other items I received dont match the product advertised on thepage. The c/s is appalling. Order cheap and receive the same level of service. Beyond a joke! Do yourself a favour and avoid the bunch of clowns",1,"August 7, 2026",6a762da053a585f5a5266dca,Jake Hufton,Negative,645,-1,purchased set 50 coat hangers arrived received one checked page purchased pictures show 50 buttons item show 50 there's no drop bar order one contacted c first agent fobbed cancelled chat second agent showed lack empathy also said considering cancelling account gave link items received dont match product advertised thepage c appalling order cheap receive level service beyond joke favour avoid bunch clowns,63,408
Temu,Online Shopping,I order from Temu regularly and have…,I order from Temu regularly and have never had any major problems. But since they started using J&T Express for deliveries its been a nightmare! My tracking has been stuck on Out For Delivery for 9 days now and still no parcel. Nobody from J& T Express replies to messages or emails and Temu just tells me to wait longer! If Temu continue to use J&T Express I will no longer order from them.,2,"August 7, 2026",6a762a75acfa33e76b5c04f8,Helen Stuart,Negative,391,-1,order temu regularly never major problems since started using j express deliveries nightmare tracking stuck delivery 9 days still no parcel nobody j express replies messages emails temu tells wait longer temu continue use j express no longer order,39,247
Temu,Online Shopping,I received a green disc with an arrow,I received a green disc with an arrow. Didn't order it and have no idea what you are to do with it. Please explain what it is for,2,"August 7, 2026",6a762218686aa39d14adc5fc,Honest Reviewer,Negative,129,-1,received green disc arrow didn't order no idea please explain,10,61
Temu,Online Shopping,Taking money not sending items,"Terrible company i ordered 4 items. Parcel arrived today. With two boxes sellotape together. Smaller then I expected. Each box had 1 item in there and there wasn't room for anything but the 1 item. I tried talking to customer service to get the other two items sent out quickly. Customer service was useless they said they would ask the warehouse if all the items were there. I showed photos of the boxes and 2 items so they could see there wasn't enough room to put the other 2 items in there. CS didn't care about that. I was told if the warehouse said there was all the items I would not get a refund.
This has happened before I had missing items and the warehouse said all items were packed. So yet again they have taken my money and not sent my items.",1,"August 7, 2026",6a76186588ba5c915ef0417f,sue,Negative,756,-1,terrible company ordered 4 items parcel arrived today two boxes sellotape together smaller expected box 1 item wasn't room anything 1 item tried talking customer service get two items sent quickly customer service useless said would ask warehouse items showed photos boxes 2 items could see wasn't enough room put 2 items cs didn't care told warehouse said items would not get refund happened missing items warehouse said items packed yet taken money not sent items,76,465
Temu,Online Shopping,Really bad experience with Temu,"Really bad experience with Temu. The website and the app itself feels poorly run, and a lot of the sellers don’t seem reliable at all.

The games on there feel completely rigged — it’s hard to trust anything when it seems designed so you never actually win. On top of that, there are some very concerning issues with how they handle devices. Even if you reset your device, it still seems like they track it, and you can’t use another account to play again, which feels really dodgy.

Overall, it just comes across as suspicious and not trustworthy. Definitely raises serious concerns about how they handle people’s data — honestly, something like this shouldn’t be allowed in Europe.",1,"July 31, 2026",6a761526d14304a258e57518,DoubleTT,Negative,683,-1,really bad experience temu website app feels poorly run lot sellers seem reliable games feel completely rigged hard trust anything seems designed never actually win top concerning issues handle devices even reset device still seems like track use another account play feels really dodgy overall comes across suspicious not trustworthy definitely raises serious concerns handle people data honestly something like allowed europe,62,427
Temu,Online Shopping,Crap,"Crap, no way you can get a refund. Wont be using temu again. Get more information reading a wet newspaper",1,"August 7, 2026",6a760c196708854022282ab4,Louise whitley,Negative,105,-1,crap no way get refund wont using temu get information reading wet newspaper,13,76
Temu,Online Shopping,Advertise discounts you can never actually get,"I've ordered from Temu multiple times, and I have never once received an actual working discount — despite being bombarded daily with emails and popups advertising ""50% OFF"" and exclusive coupons. Every code turns out to be off-limits: new users only, already claimed, or fails at checkout. When I checked my account, my coupon history was completely empty — no unused, used, or expired coupons at all.

I contacted customer service through their chat and got the standard apologies, but no concrete resolution. If this is how repeat customers are treated while being constantly baited with fake discounts, it's hard to trust the marketing at all.",1,"August 7, 2026",6a760aa1bd4f03ac21a7e174,morten semback,Negative,647,-1,ordered temu multiple times never received actual working discount despite bombarded daily emails popups advertising 50 exclusive coupons every code turns limits new users already claimed fails checkout checked account coupon history completely empty no unused used expired coupons contacted customer service chat got standard apologies no concrete resolution repeat customers treated constantly baited fake discounts hard trust marketing,59,438
Temu,Online Shopping,I ordered a sofa sleeper and they sent…,I ordered a sofa sleeper and they sent me a flip and f&@#,1,"August 1, 2026",6a760450a449589ca4db8eb2,Brian Hiner,Negative,57,-1,ordered sofa sleeper sent flip,5,30
Temu,Online Shopping,Local warehouse,I just want people to be aware of buying from local warehouse on Temu which they are now pushing. I bought a cushion for my deck chair and was sent the completely wrong one. I am house bound at the moment which I explained to Temu & the seller so I was unable to get to the drop point to return it I was offered no help from Temu as they said it was down to the seller & the seller kept putting it back on temu. So be aware if you do buy from local warehouse don't expect any help you are on your own absolutely disgusting customer service The seller is Lanso Casa do not trust them,1,"August 2, 2026",6a75ff91610b1ac1cde41632,Gillian,Negative,582,-1,want people aware buying local warehouse temu pushing bought cushion deck chair sent completely wrong one house bound moment explained temu seller unable get drop point return offered no help temu said seller seller kept putting back temu aware buy local warehouse don't expect help absolutely disgusting customer service seller lanso casa not trust,54,349
Temu,Online Shopping,You reply to my complaint with contact…,"You reply to my complaint with contact you lmao I did that more than once . And each time no one did anything to help just repeat the same thing over and over . So still nothing is being done no one cares to lift a finger to actually do anything includes the one from Temu
commenting on my first review . Temu customer service is appalling
Axel Davis has replied Aug. 7, 2026, 10:59 a.m.
Dear valued customer,
This is Temu Customer Service. We hope this email finds you well.
Regarding the issues related to orders PO-037-09361962855030615 and PO-037-
09362018360950615, we have approved your refund request. However, since you have previously initiated a chargeback with your financial institution, the refund will be issued only after the dispute is resolved. Please rest assured that we are actively contacting the financial institution to urge them to resolve the dispute as quickly as possible. We kindly ask for your patience and thank you for your understanding and support
If you have any other questions, please feel free to contact us.
Best regards,
Axel Davis
Temu Customer Service Team

Your company is a joke. You are a joke. None of you seem to be able to speak English or actually understand reading it because everything I’ve said is gone completely right over your head. I’ve never come across people so stupid in my life you all lack common sense and I won’t be shopping with Temu again one your prices are getting outrageous and to your customer service is crap and you hire unintelligent people",1,"August 2, 2026",6a75f25ce547f42a78ced138,customer,Negative,1514,-1,reply complaint contact lmao time no one anything help repeat thing still nothing done no one cares lift finger actually anything includes one temu commenting first review temu customer service appalling axel davis replied aug 7 2026 10 59 dear valued customer temu customer service hope email finds well regarding issues related orders po 037 09361962855030615 po 037 09362018360950615 approved refund request however since previously initiated chargeback financial institution refund issued dispute resolved please rest assured actively contacting financial institution urge resolve dispute quickly possible kindly ask patience thank understanding support questions please feel free contact us best regards axel davis temu customer service team company joke joke none seem able speak english actually understand reading everything said gone completely right head never come across people stupid life lack common sense shopping temu one prices getting outrageous customer service crap hire unintelligent people,143,1011
Temu,Online Shopping,This company appears fraudlent,"This company appears fraudulent. I ordered a green peridot crystal. They sent me a piece of black stone. I returned it in the correct packaging and they denied my refund saying they had sent the correct item.
This reeks of fraudulent activity. And I seem to have no comeback.",1,"August 7, 2026",6a75eeeb47d20a043f40f605,mac,Negative,275,-1,company appears fraudulent ordered green peridot crystal sent piece black stone returned correct packaging denied refund saying sent correct item reeks fraudulent activity seem no comeback,26,188
Temu,Online Shopping,Review my feedback I recently left…,Review my feedback I recently left negative feedback for this company and after talking to them as a result of them seeing it we have resolved the problem and I am very happy.I am again and still a happy customer.😁,5,"August 6, 2026",6a75c5a98b37436492d0c3ba,Sean Bryan,Positive,214,1,review feedback recently left negative feedback company talking result seeing resolved problem happy still happy customer,16,121
Temu,Online Shopping,I would get 7 out of 10 items I bought…,I would get 7 out of 10 items I bought from them due to the poor delivery service used they would not bring the items to my door they would just dump them in front of my apartment complex the drivers could not speak english so I had to g searching for my items which most of the time would be stolen I complained to them but I would get nowhere but they did offer 20 percent off if I spent more money? so I don't buy anything from them anymore. S. A. Valenzuela,2,"August 7, 2026",6a75b34697e3a50c486f2de8,Sisto A. Valenzuela,Negative,461,-1,would get 7 10 items bought due poor delivery service used would not bring items door would dump front apartment complex drivers could not speak english g searching items time would stolen complained would get nowhere offer 20 percent spent money don't buy anything anymore valenzuela,46,284
Temu,Online Shopping,I ordered 24 bottles of strawberry…,I ordered 24 bottles of strawberry water only received 6 so i put in a request for a refund and was denied so that's £12 gone!! Goodbye temu I'm now going to shut down my account! The order number is po-210-02558378404470015. Ordered on the 3rd August,1,"August 6, 2026",6a75adcfd6222c6b975f69b0,Darren Scott,Negative,251,-1,ordered 24 bottles strawberry water received 6 put request refund denied that's 12 gone goodbye temu going shut account order number po 210 02558378404470015 ordered 3rd august,27,176
Temu,Online Shopping,I have no received any package but speedaf say you have received your parcel it is fully scam Shipman once call me when I call back…,"Shipman once call me when I call back he says your order send you
but next day he says your adress is incorrect and send back my order",1,"August 1, 2026",6a75ab18ba1a5ffdee0b6d02,Munawar Ali,Negative,134,-1,shipman call call back says order send next day says adress incorrect send back order,15,85
Temu,Online Shopping,This is the worst company to shop with…,This is the worst company to shop with they will not give you your money back when you don't get your order. So I would say to everyone do not shop with this company as they are rubbish.,1,"August 7, 2026",6a75a9654a4543233114ec1f,Mike Mahoney,Negative,186,-1,worst company shop not give money back don't get order would say everyone not shop company rubbish,17,98
Temu,Online Shopping,MY PARCEL LEFT IN THE STREET! TEMU and EVRI POLICIES to SEND TO and DELIVER TO BUILDING ADDRESSES ONLY???,"In this review I need to mention both TEMU and EVRI, since they are closely linked as the SELLER and the DELIVERY service they use. Given the seriousness of this situation I believe, not just EVRI, but also TEMU has to take responsibility too, for contracting EVRI. I was expecting a parcel from Temu. I had not received information on the delivery day, NOR a tracking number. Yesterday, I got a call from a neighbour who had found the parcel addressed to me in our busy street, OUTSIDE the 34 flat building where we live. The delivery service had not rang my flat via intercom, nor had s/he contacted me via mobile, for me to open the main door. This is not the first time I have EXPERIENCED IT. Once the main door is opened, WITHOUT informing the recipient, EVRI leaves the parcels unattended in the lobby, where at least 100 people (between workers, including cleaners, GPs, nurses, domestic assistants, and family visitors) transit every day. Soon after Evri sends a message saying ""your parcel has been delivered"" I wonder to whom?, trusting what?. DOES TEMU have a policy to send parcels to the BUILDING ADDRESS ONLY? DOES EVRI have a policy to deliver to a BUILDING ADDRESS or to the lobby ONLY? If so, they should informe it to customers. This unreliable delivery service, affects addressees, creates anxiety, and extra work. Do we need to be CHECKING THE STREET, and the ENTRANCE constantly? or providing that one had been lucky that time, RUNNING down the stairs, as soon as they say ""parcel for you"" via intercom.
Many parcels have been lost in this way. TEMU should change the delivery service or EVRI CONTRACTS honest, dependeble workers.",1,"August 6, 2026",6a75a027334c5ff3c279c668,Cira Bracamonte,Negative,1651,-1,review need mention temu evri since closely linked seller delivery service use given seriousness situation believe not evri also temu take responsibility contracting evri expecting parcel temu not received information delivery day nor tracking number yesterday got call neighbour found parcel addressed busy street outside 34 flat building live delivery service not rang flat via intercom nor contacted via mobile open main door not first time experienced main door opened without informing recipient evri leaves parcels unattended lobby least 100 people workers including cleaners gps nurses domestic assistants family visitors transit every day soon evri sends message saying parcel delivered wonder trusting temu policy send parcels building address evri policy deliver building address lobby informe customers unreliable delivery service affects addressees creates anxiety extra work need checking street entrance constantly providing one lucky time running stairs soon say parcel via intercom many parcels lost way temu change delivery service evri contracts honest dependeble workers,154,1089
Temu,Online Shopping,Be careful ordering from TEMU,Be careful ordering from TEMU. I ordered a large supply of various T shirts and clothing. All of them were specific XXXl size. They sent all of them in XL or S size. Now going through the Return process is a nightmare! I will age before I can get any money back. I will just eat the loss but never touch them again. Don't use TEMU and its cheap products.,1,"August 7, 2026",6a757011f59439da073bc79b,shireesh sharma,Negative,354,-1,careful ordering temu ordered large supply various shirts clothing specific xxxl size sent xl size going return process nightmare age get money back eat loss never touch don't use temu cheap products,32,199
Temu,Online Shopping,Most times they are okay but lately…,Most times they are okay but lately they have been sending the wrong items. They ripped me off on toilet paper because they sent a much cheaper version but charged me for the more expensive stuff I ordered. I’m going to return it but I will never order anything like that again . I’ll stick to clothes; dishes and things for my home. They seem too get confused with items that have lots of different types of things like Charmin Toliet tissue has lots of different types of tissue,3,"August 2, 2026",6a7568361fcf25127baf870d,Janine Todd,Neutral,480,0,times okay lately sending wrong items ripped toilet paper sent much cheaper version charged expensive stuff ordered going return never order anything like stick clothes dishes things home seem get confused items lots different types things like charmin toliet tissue lots different types tissue,44,294
Temu,Online Shopping,temu wtf?,bought stuff from temu the first time no problems second time waited 5 weeks for my package it didn't come i waited just to go look and see where they said my package may be lost i requested a refund now i have to pay for a refund where it says it's free which is obviously a scam not recommended and go to takealot or other official websites temu im super disappointed,1,"June 1, 2026",6a7561a16b22cb8d6e15bf17,Theo Van Metzinger,Negative,369,-1,bought stuff temu first time no problems second time waited 5 weeks package didn't come waited go look see said package may lost requested refund pay refund says free obviously scam not recommended go takealot official websites temu im super disappointed,41,254
Temu,Online Shopping,HARASSED by Seller / Robotic Customer Service,"When I attempted to return a high-value “Open Box” item, the seller harassed me. They insisted that it couldn’t be returned if it was “used.” I tried to explain that the issue was the seller’s misrepresentation of the warranty problem to Temu Customer Service, but they canceled my return anyway, even though they provided me with the same robotic response: “You need to return for inspection.”

To resolve the matter, I initiated a bank dispute, expecting a response and resolution. However, the seller responded with an even more HOSTILE message. The robotic Temu Customer Service provided me with the same “return first” response.",1,"July 17, 2026",6a754c0a3b3594173199ecfc,T P,Negative,633,-1,attempted return high value open box item seller harassed insisted returned used tried explain issue seller misrepresentation warranty problem temu customer service canceled return anyway even though provided robotic response need return inspection resolve matter initiated bank dispute expecting response resolution however seller responded even hostile message robotic temu customer service provided return first response,55,423
Temu,Online Shopping,Biggest scam company ever,"This Company should not be allowed to operate in the United States and should be sued and shut down. They are the biggest scam Company ever and I knew that beforehand but I really wanted this one particular product so bad and they were the only ones that had it so I went ahead and placed the order then one week later I get an email from them that the order was canceled with no explanation then I get another email from them after another week saying you have received a store credit. I don’t want a store credit I want a full refund so then I finally get to customer service on their chat and their representative was so relentless and trying to feed me a line of crap that you couldn’t believe back-and-forth back-and-forth I kept telling them I want a refund. They kept coming back with stupid comments like you didn’t receive the package or you want to return the package and they’re giving me links to how to return the package and to have to go to the post office and I keep going at it with them saying I never received it. Your Company canceled it and back-and-forth back-and-forth and then finally they offered me a refund for only half the amount. Can you believe a Company like this can operate in the United States on such a large platform and be able to and scam people right out in the open
like this I went back-and-forth again and finally I got a full refund and then I googled what happened to me and Google AI comes back with that This is a known tactic that they tell their customer service people to try and go back-and-forth with them as much as you can so that they will get so disgusted that they will give up and just walk away leaving the credit or just accepting a half refund. I would never order from them again. No one should ever order from them, and they should be sued and prosecuted to the fullest extent of the law for unethical and unlawful business practices.",1,"August 6, 2026",6a753f6482106f9f2a0563fc,Domenick Chilelli,Negative,1897,-1,company not allowed operate united states sued shut biggest scam company ever knew beforehand really wanted one particular product bad ones went ahead placed order one week later get email order canceled no explanation get another email another week saying received store credit want store credit want full refund finally get customer service chat representative relentless trying feed line crap believe back forth back forth kept telling want refund kept coming back stupid comments like receive package want return package giving links return package go post office keep going saying never received company canceled back forth back forth finally offered refund half amount believe company like operate united states large platform able scam people right open like went back forth finally got full refund googled happened google ai comes back known tactic tell customer service people try go back forth much get disgusted give walk away leaving credit accepting half refund would never order no one ever order sued prosecuted fullest extent law unethical unlawful business practices,167,1083
Temu,Online Shopping,"Today August 6th,b2026 received my…","Today August 6th,b2026 received my shipment, the driver had to park on my driveway due to the heavy rain yet he/she left the parcel on the front step other than placing it at the front door under the canopy.
Very disrespectful and inconsiderate. Most of their drivers are courteous insofar as placing the delivery at the front door as they're supposed to and others are like this very bad driver.",2,"August 6, 2026",6a75356af9be0c7444d7956c,Ppfac Ppfac,Negative,396,-1,today august 6th b2026 received shipment driver park driveway due heavy rain yet left parcel front step placing front door canopy disrespectful inconsiderate drivers courteous insofar placing delivery front door supposed others like bad driver,35,243
Temu,Online Shopping,I have had an order and one of the…,I have had an order and one of the stupid drives has delivered my order to the wrong address so will you put the rice by giving my money back?,1,"August 6, 2026",6a75355753e482657293657e,Jacqueline Beswick,Negative,142,-1,order one stupid drives delivered order wrong address put rice giving money back,13,80
Temu,Online Shopping,I wouldn’t even give them 1,"I wouldn’t even give them 1
Star but it made me! I placed an order on 7/5 and the money came out of my account but I never got a confirmation number or order number. So on the 11th of July I messaged customer service. I was told they will investigate what’s going on and why they can’t find my order. So after 3 weeks of arguing back and forth and send in attachments of the proof the money did go to them and all the messages back and forth and they came back with out decision stands. Your order must be under another account and you will have to log into that account for the info! I told them 5 times I infact do not have any other account and the proof of the transaction from my bank! I wouldn’t order from this company! They are crooked thieves! I will NEVER shop here again! I also got 144 of my friends and family to stop ordering from there as well!!!!",1,"July 11, 2026",6a750b1da6f7dbe439b0f9da,Alison,Negative,862,-1,even give 1 star made placed order 7 5 money came account never got confirmation number order number 11th july messaged customer service told investigate going find order 3 weeks arguing back forth send attachments proof money go messages back forth came back decision stands order must another account log account info told 5 times infact not account proof transaction bank order company crooked thieves never shop also got 144 friends family stop ordering well,75,462
Temu,Online Shopping,Temu Has Me,"I, like many shoppers, avoided Temu for years because I wasn't sure if it was legitimate. I now regret that. I finally succumbed, and I now use Temu regularly for buying supplies for my craft business. It really can't be beat. They have a huge variety of things at great prices, and for the most part the quality is good. I do think they have far too many wild games and promotions which really are just confusing to use, and are borderline fraudulent. However the price adjustment feature on orders is great. You can request a price adjustment on anything you order for up to 30 days from the time you order it and they'll give it to you, even if you do it every single day for 30 days. This can add up to a lot of credits. If you're going to use Temu, you need to learn how to request price adjustments. My only real complaint about Temu, and this is consistent among many different kinds of things I've ordered from them, they misrepresent the size of things, sometimes in the written dimensions and sometimes what they show in pictures of the product. Usually things are smaller than they say they are. I've learned over time how much to assume they are too small so that I order things that I need in the right size, but it's awkward and they really need to address that. I don't really understand why they take that approach though because most people know what size they need of a particular product and that's what they want and that's what they're expecting. It just leads to returns of items for refunds when you get something that is not the dimensions you need. I'm going to continue to use Temu. I hear people say they're Communist and they steal your data, and all this and that, but I figure data stealing is probably happening with anything I buy from anybody online, and I'm certainly not going to stop shopping online, the economic benefits are too good.",4,"August 6, 2026",6a74eaa9447a18771ae75265,Toni,Positive,1872,1,like many shoppers avoided temu years wasn't sure legitimate regret finally succumbed use temu regularly buying supplies craft business really can't beat huge variety things great prices part quality good think far many wild games promotions really confusing use borderline fraudulent however price adjustment feature orders great request price adjustment anything order 30 days time order give even every single day 30 days add lot credits going use temu need learn request price adjustments real complaint temu consistent among many different kinds things ordered misrepresent size things sometimes written dimensions sometimes show pictures product usually things smaller say learned time much assume small order things need right size awkward really need address don't really understand take approach though people know size need particular product that's want that's expecting leads returns items refunds get something not dimensions need going continue use temu hear people say communist steal data figure data stealing probably happening anything buy anybody online certainly not going stop shopping online economic benefits good,165,1136
Temu,Online Shopping,I spent 6 hours trying to fix being…,"I spent 6 hours trying to fix being overcharged and ended up cancelling the whole order. I will NEVER, EVER buy from this deceptive company again. It's no longer all that cheap for what I buy which is beads. I'm disgusted. Temu claims it needs more information from me. If, after hours of trying to deal with them, the don't understand, there is no hope for them More disgusted than ever. They keep emailing me although I made it very clear that I don't want to hear from them & I would NEVER shop there again. I even unsubscribed but the emails landed in my mailbox anyway. With all the one star reviews they have gotten, they should understand that you can't treat customers badly and expect them to keep buying.",1,"August 5, 2026",6a74ea5c9b66797c5e58ed66,Elizabeth Boyd,Negative,714,-1,spent 6 hours trying fix overcharged ended cancelling whole order never ever buy deceptive company no longer cheap buy beads disgusted temu claims needs information hours trying deal don't understand no hope disgusted ever keep emailing although made clear don't want hear would never shop even unsubscribed emails landed mailbox anyway one star reviews gotten understand can't treat customers badly expect keep buying,63,418
Temu,Online Shopping,TEMU.....The Entire Misleading Upstart of a company,"Ive gone through 19 customer resolution specialist for Temu in the last month trying to get a resolution to my issue.....still nothing.....just the same response from all 19 specialists.....sorry, can't help you because your 90 day warranty is up....too bad, so sad......very bad or inexperienced customer service resolution specialists for this company and anyone thinking of buying from them should avoid them at all costs....remember those famous words.....""caveat emptor"" buyer beware......",1,"June 24, 2026",6a74d593b073ab386f73ab4e,ted long,Negative,494,-1,ive gone 19 customer resolution specialist temu last month trying get resolution issue still nothing response 19 specialists sorry can't help 90 day warranty bad sad bad inexperienced customer service resolution specialists company anyone thinking buying avoid costs remember famous words caveat emptor buyer beware,45,315
Temu,Online Shopping,"misrepresentation of discounts, no temu staff contact ever","1) I was building an order/invoice to get past $90 in order to get a promised $25 credit when I passed $90. Temu shut the order down after I amassed about $55 so I was shut out from getting to the $90 level needed. Apparently I added $20 of extra items to the order which reached $74 when I stopped because the original credit was no longer offered. I kept this order, but I was upset.
2) When ordering there are some orders that are filled locally and others from China. Apparently only Chinese orders can be pooled for extra credits. The buyer is not told or made aware which items qualify and so a $90 limit may not be reached i.e. ordering can be stopped early.
3) I decided to run up a second large order (PO-037-21921422510711531) and after each item was posted Temu ran a banner that the $90 limit was in effect and when reached a $25 credit would be applied to the whole order. After each item a message even flagged how much more $ had to be purchased to get the $25 credit applied to the cumulative order. Temu’s rolling tactic pushed me to reach $96. A page was displayed to effect/process the whole order and that taxes, shipping (free) and credits would be displayed on the closed invoice to come on the next page. I pushed “submit” and the final sale was consummated without the earlier promised $25 credit. Further, my highest accumulating invoice total had been $96 but the final invoice showed $115 with no explanation for the discrepancy. I was billed for that high unexpected amount when I expected $96 minus $25 for a $71 total.
4) My complaint “Temu” Chat ended up with Temu’s reps in The Philippines (Rose, very knowledgeable), not actual Temu staff. Rose quickly understood the reasons for my call and said she would escalate it (to where?). After an hour I said that if Temu did not contact me by 4PM I would cancel the order. Rose called me at 3:30PM and helped cancel the entire order which Temu had placed into 3 separate suborders (unknown to me). It was not possible to cancel the payment and keep the order on the side for later reprocessing with Temu’s corrections.
5) Rose informed me that not all Temu clients get the $25 credit offer and that she had no way of proving what I was offered during my ordering items, one by one. While she at first said I had been given the $25 credit she quickly acknowledged that the credit I had accumulated came from each item as it was ordered separately. These smaller credits had nothing to do with the promised $25 amount.
6) I had taken about 90 minutes to amass the order, a time-consuming process. Later contacts with Rose ran more than an hour. My time is valuable; Temu had me running around for 3 hours for nothing. The order can be restituted from Temu’s system. I await a call from a senior Temu staffer to resolve Temu’s deceptions not only for me but all Canadians.
7) If Temu does not resolve its fraudulent actions in an expedient manner, I will have no recourse but to contact Canadian government Ministries involved in the control and monitoring of import/export scams of foreign companies.",1,"July 31, 2026",6a74c944ce56139a101f3eba,John Scheel,Negative,3076,-1,1 building order invoice get past 90 order get promised 25 credit passed 90 temu shut order amassed 55 shut getting 90 level needed apparently added 20 extra items order reached 74 stopped original credit no longer offered kept order upset 2 ordering orders filled locally others china apparently chinese orders pooled extra credits buyer not told made aware items qualify 90 limit may not reached e ordering stopped early 3 decided run second large order po 037 21921422510711531 item posted temu ran banner 90 limit effect reached 25 credit would applied whole order item message even flagged much purchased get 25 credit applied cumulative order temu rolling tactic pushed reach 96 page displayed effect process whole order taxes shipping free credits would displayed closed invoice come next page pushed submit final sale consummated without earlier promised 25 credit highest accumulating invoice total 96 final invoice showed 115 no explanation discrepancy billed high unexpected amount expected 96 minus 25 71 total 4 complaint temu chat ended temu reps philippines rose knowledgeable not actual temu staff rose quickly understood reasons call said would escalate hour said temu not contact 4pm would cancel order rose called 3 30pm helped cancel entire order temu placed 3 separate suborders unknown not possible cancel payment keep order side later reprocessing temu corrections 5 rose informed not temu clients get 25 credit offer no way proving offered ordering items one one first said given 25 credit quickly acknowledged credit accumulated came item ordered separately smaller credits nothing promised 25 amount 6 taken 90 minutes amass order time consuming process later contacts rose ran hour time valuable temu running around 3 hours nothing order restituted temu system await call senior temu staffer resolve temu deceptions not canadians 7 temu not resolve fraudulent actions expedient manner no recourse contact canadian government ministries involved control monitoring import export scams foreign companies,312,2028
Temu,Online Shopping,Ordered a few products,"Ordered a few products, and got a free gift. A small printer. Got my order but no free gift [ printer ] they told me because it was a gift they cannot sent it instead they gave me a £ 3.65 credit , BE AWARE",1,"August 6, 2026",6a74b84feb26c4125b69b299,Philip Morrison,Negative,206,-1,ordered products got free gift small printer got order no free gift printer told gift cannot sent instead gave 3 65 credit aware,23,128
Temu,Online Shopping,Deception of Free Gifts,Total deciete - Promise free items which then need a final item at a fixed price to release. These items are then not released as apparently not enough stars have been collected which means you overpay for 1 item. Totally avoid at all costs,1,"August 6, 2026",6a74b0e47063ecda5231c742,Dean Prangnell,Negative,240,-1,total deciete promise free items need final item fixed price release items not released apparently not enough stars collected means overpay 1 item totally avoid costs,26,166
Temu,Online Shopping,taxes higher than the order!?,"I placed an order for 130 lei, and the taxes were 125, total order 239.
wtf?!",1,"August 6, 2026",6a74ad1b30ff6770e5088552,vivi vivien,Negative,77,-1,placed order 130 lei taxes 125 total order 239 wtf,10,50
Temu,Online Shopping,Fraud with payment and refusal to issue a refund,"Fraud with payment and refusal to issue a refund
I paid for the orders (numbers: PO-208-02557330063992068 and PO-208-21369273726072068), and moreover, the goods were shipped without the right of inspection. When the need arose to get a refund, the company flatly refused to transfer the money back to my bank card from which the payment was made.
Instead, they try to forcibly hold the money on the platform's internal balance or demand strange details for questionable transfers. Customer support engages in outright fraud and ignores consumer protection standards. The case has already been handed over to the bank to initiate a Chargeback procedure.
Be careful with this marketplace—getting your money back in case of problems is practically impossible.",1,"July 14, 2026",6a74aa0f94c7a5f2a660e5b7,Alla Alla,Negative,756,-1,fraud payment refusal issue refund paid orders numbers po 208 02557330063992068 po 208 21369273726072068 moreover goods shipped without right inspection need arose get refund company flatly refused transfer money back bank card payment made instead try forcibly hold money platform's internal balance demand strange details questionable transfers customer support engages outright fraud ignores consumer protection standards case already handed bank initiate chargeback procedure careful marketplace getting money back case problems practically impossible,72,555
Temu,Online Shopping,⭐️ 1/5,"⭐️ 1/5 — Extremely disappointing experience

My experience with Temu was absolutely terrible. I feel that many of the advertisements and offers on this platform are designed more to push customers into buying than to provide a transparent and fair shopping experience. The supposedly amazing prices, constant discounts, limited-time offers, and various promotions can make you feel like you’re constantly being pressured to purchase.

In my opinion, it’s very difficult to trust this platform. If you’re thinking about buying something, make sure you carefully check the actual price, return policy, additional costs, and reviews from other customers before paying.

Personally, I’m extremely disappointed with my experience and I do not recommend Temu.",1,"August 6, 2026",6a74a8c367ad5dd9da99df4b,Reza Tavakoli,Negative,753,-1,1 5 extremely disappointing experience experience temu absolutely terrible feel many advertisements offers platform designed push customers buying provide transparent fair shopping experience supposedly amazing prices constant discounts limited time offers various promotions make feel like constantly pressured purchase opinion difficult trust platform thinking buying something make sure carefully check actual price return policy additional costs reviews customers paying personally extremely disappointed experience not recommend temu,66,538
Temu,Online Shopping,Happy with Temu,I am really suprised with how many unhappy customers are on this web site leaving reviews and that has not been my experience as yet. I have bought quite a bit of home accesories and crafting bits and overall have been very pleased. The quality of some is better than others. When a refund is required due to damage also no issues yet but I have not bought anything like clothing which may be more problematic. I have also avoided anything with a LONG delivery date and used the Local Warehouse for items that are cheaper there than other websites. Delivery has always been quick. Items I would avoid are Paper sheets and anything which might bend because everything is together in one plastic bag. Some recent ceramic items have been carefully boxed. I do think the photography on some items is enchanced but overall I have had some absolute bargains and some good quality items. I also use cash back website and have had some issues with that tracking but nothing that has not been sorted.,4,"August 4, 2026",6a7496da13590b0d78cce61c,Kathryn,Positive,991,1,really suprised many unhappy customers web site leaving reviews not experience yet bought quite bit home accesories crafting bits overall pleased quality better others refund required due damage also no issues yet not bought anything like clothing may problematic also avoided anything long delivery date used local warehouse items cheaper websites delivery always quick items would avoid paper sheets anything might bend everything together one plastic bag recent ceramic items carefully boxed think photography items enchanced overall absolute bargains good quality items also use cash back website issues tracking nothing not sorted,92,635
Temu,Online Shopping,Temu is good there delivery companies…,"Temu is good there delivery companies are awful . J&T express is the worst one they have used

The only loser will be Temu as closing account.",1,"August 6, 2026",6a749491400dcb6bdf0752c6,Paul Deamer,Negative,142,-1,temu good delivery companies awful j express worst one used loser temu closing account,14,86
Temu,Online Shopping,Do not buy silver jewelry from temu,"Do not buy silver jewelry from temu. I have shopped on temu for many years and have been quite satisfied. I was looking for silver bracelets or rings so I looked here. Out of the 8 bracelets I purchased, despite them saying s925 silver, only one was truly silver. The others were silver plate, not mentioned in their ad. A magnet will not stick to real silver. I did receive refunds for all that were not silver but will not buy again. The vendors who advertise pure silver when it's not should be kicked of their site.",3,"June 16, 2026",6a748d56379688fc0bd978ac,Pamela,Neutral,519,0,not buy silver jewelry temu shopped temu many years quite satisfied looking silver bracelets rings looked 8 bracelets purchased despite saying s925 silver one truly silver others silver plate not mentioned ad magnet not stick real silver receive refunds not silver not buy vendors advertise pure silver not kicked site,50,318
Temu,Online Shopping,ABSOLUTELY DISGRACEFUL CUSTOMER SERVICE,"ABSOLUTELY DISGRACEFUL CUSTOMER SERVICE
CAN'T SEEM TO UNDERSTAND WHAT I AM TLING THEM!!!!",1,"July 28, 2026",6a74677cb442f88a8382f9ed,Lisa Jayne Mardlin,Negative,89,-1,absolutely disgraceful customer service can't seem understand tling,8,67
Temu,Online Shopping,Great variety & custom items—but read the reviews!,"I give Temu 4 stars because the sheer variety of items is incredible. Shipping is usually quite fast, though be aware that items sometimes arrive in recycled or ""rented"" boxes to save space.It is absolutely excellent for household items. The makeup selection has also really impressed me; I have received fantastic mascaras, lippies, shadows, and high-quality face creams. Best of all, I have successfully ordered custom-made embroidered blankets, pillows, and jerseys for my favorite sports teams three years in a row!The only major downside is that clothing sizing can be off, even if you carefully check the seller's measurements. You definitely need to take the time to read seller ratings and reviews before buying, and keep an eye out for paid reviews. Prices have gone up recently, but that is happening everywhere. Overall, it is highly recommended if you shop smart.",4,"August 1, 2026",6a745c1694789da23494c4ca,Bethany Ellis,Positive,875,1,give temu 4 stars sheer variety items incredible shipping usually quite fast though aware items sometimes arrive recycled rented boxes save space absolutely excellent household items makeup selection also really impressed received fantastic mascaras lippies shadows high quality face creams best successfully ordered custom made embroidered blankets pillows jerseys favorite sports teams three years row major downside clothing sizing even carefully check seller's measurements definitely need take time read seller ratings reviews buying keep eye paid reviews prices gone recently happening everywhere overall highly recommended shop smart,87,640
Temu,Online Shopping,murderous demons,"Honte à la Chine Jieyong ! Torture et mise à mort d'animaux. Chien torturé et brûlé vivant.

Shame on China Jieyong ! Torture and killing of animals. Dog tortured and burned alive. #JusticeForWangWang #BoycottChina",1,"August 6, 2026",6a74382c39f0e78e33ce1cd9,Véronique Vetsch,Negative,214,-1,honte la chine jieyong torture et mise mort d'animaux chien tortur et br l vivant shame china jieyong torture killing animals dog tortured burned alive justiceforwangwang boycottchina,27,183
Temu,Online Shopping,❌ Avoid Temu,"❌ Avoid Temu! Huge scam with ""local warehouses"" and delivery times!!!
I want to warn everyone against buying on Temu because what they display under their products is pure manipulation and misdirection.
1. The mythical ""Local Warehouse"" and 2-day delivery
Promises of 2 working days delivery or shipping from a ""Local Warehouse"" are an absolute fantasy. In reality, everything comes from China. There is absolutely no way the delivery frames shown under the products are realistic.
The truth is: The package travels from the other side of the world, and the actual waiting time is a week or even longer. The best part? You only find out where it's actually shipping from after you pay.
2. My personal experience
I ordered a pair of trainers that were supposed to be in a local warehouse with promised 2 working days delivery. What actually happened? Exactly what I just mentioned—they shipped them directly from China. I've been waiting for 5 days now, and they are still in transit.
3. The worst possible duo: Temu + Evri
To make matters worse, they use Evri for delivery—hands down the worst courier out there, who is never on time. My other parcels are constantly delayed because of them too. Honestly, it’s just a complete waste of time.
Summary
Comparing Temu’s service to Amazon is like switching from a Mercedes S-Class to a Fiesta. Total disappointment. Don't waste your time!",1,"August 6, 2026",6a7433a2e838846471e471e2,Tomasz Blasiak,Negative,1384,-1,avoid temu huge scam local warehouses delivery times want warn everyone buying temu display products pure manipulation misdirection 1 mythical local warehouse 2 day delivery promises 2 working days delivery shipping local warehouse absolute fantasy reality everything comes china absolutely no way delivery frames shown products realistic truth package travels side world actual waiting time week even longer best part find actually shipping pay 2 personal experience ordered pair trainers supposed local warehouse promised 2 working days delivery actually happened exactly mentioned shipped directly china waiting 5 days still transit 3 worst possible duo temu evri make matters worse use evri delivery hands worst courier never time parcels constantly delayed honestly complete waste time summary comparing temu service amazon like switching mercedes class fiesta total disappointment don't waste time,129,903
Temu,Online Shopping,The customer service is just terrible,The customer service is just terrible. There is something not right about the sellers practices and if trustpilot needs proof I have photos. They always ask for you to verify your rating. Sellers are offering low prices then when you buy multiple they don't ship and never respond. Then you click on your item and it's priced so much higher. I think temu and it's sellers are definitely shady. And holding money up to gain interest in their banks. Because if you do get refunds it's never interest or the full amount back. They Shell out credits and you gave to spend even more to use them. It's a rat race. No more overseas online buying for me. . They tried to give me back twenty bucks back out of 38.00 . Just terrible.,1,"August 5, 2026",6a73e82de6e5428fd9e88670,Mary Parziale,Negative,723,-1,customer service terrible something not right sellers practices trustpilot needs proof photos always ask verify rating sellers offering low prices buy multiple don't ship never respond click item priced much higher think temu sellers definitely shady holding money gain interest banks get refunds never interest full amount back shell credits gave spend even use rat race no overseas online buying tried give back twenty bucks back 38 00 terrible,69,446
Temu,Online Shopping,Time and time again,"Time and time again, misleading catalog and price advertisement. About fifty percent chance of getting the correct item that you ordered. If you buy from TEMU, make sure it's something cheap or desposable.

EDIT, Response to TEMU.
Its great that you have made returns so convenient, but the issue is having to use the service time and time again making it impossible to trust the advertisement, the quality and receiving the correct product in a timely manner.
In my opinion the main focus of TEMU should be focused to resolve the issues before a return or exchange is needed by the customer.",1,"August 1, 2026",6a73e829487f768feb4ff24f,C.R McCashin,Negative,592,-1,time time misleading catalog price advertisement fifty percent chance getting correct item ordered buy temu make sure something cheap desposable edit response temu great made returns convenient issue use service time time making impossible trust advertisement quality receiving correct product timely manner opinion main focus temu focused resolve issues return exchange needed customer,53,386
Temu,Online Shopping,Absolutely shocking,"Absolutely shocking. Will never buy anything from Temu again. They have that many pop ups and free spins that you can’t get to the product you want to buy. When you do get what you ordered it is so cheap and nasty and still not what you wanted to buy. Scam! Scam! Scam!
They should not be able to sell any products. It’s criminal! ☹️",1,"August 4, 2026",6a73daf2e81e4a9a9e4ab8f8,Bernadette Magee,Negative,333,-1,absolutely shocking never buy anything temu many pop ups free spins get product want buy get ordered cheap nasty still not wanted buy scam scam scam not able sell products criminal,31,180
Temu,Online Shopping,I mean out of all the online delivery…,"I mean out of all the online delivery websites to order from this is a Go To every time. Shein, AliExpress and pretty much every other online delivery service is a no brainer to not waste your time or money on. Temu seems to always get the job done Fast and always with a price that cant be beat. ill give my respect where its respected. Thumbs up and very recommended from me.",4,"August 5, 2026",6a73ceae4845ef145777bef4,Thomas Reynoso,Positive,377,1,mean online delivery websites order go every time shein aliexpress pretty much every online delivery service no brainer not waste time money temu seems always get job done fast always price cant beat ill give respect respected thumbs recommended,39,245
Temu,Online Shopping,I was brought two identical dresses in…,"I was brought two identical dresses in different sizes . The larger size was smaller and totally different colours. Showed them photos and they said return via evri . We used Royal Mail as don’t have evri shop . Temu cancelled Royal Mail so can’t return. So they won’t it’s broken and they won’t help . They say send back by evri hope you understand. Also got a light that won’t work , got the same reply. So selling faulty goods but unless you have evri they won’t help . Kept saying don’t have evri . They won’t listen. So will now not be using this company unless it’s sorted. Shame I can’t add photos or their correspondence.",1,"August 5, 2026",6a73cc89906f75caf6f94166,Bex Beuschier,Negative,629,-1,brought two identical dresses different sizes larger size smaller totally different colours showed photos said return via evri used royal mail evri shop temu cancelled royal mail return broken help say send back evri hope understand also got light work got reply selling faulty goods unless evri help kept saying evri listen not using company unless sorted shame add photos correspondence,61,388
Temu,Online Shopping,Doesn’t even deserve one star,"Doesn’t even deserve one star
Shocking company with appalling customer service they never solve issues then block your account when you attempt to complain diabolical company 5 months ago they sent the same response below and we are no further forward in resolving the issue",1,"August 3, 2026",6a73b4a9ed4f9c55a87f60db,Mema Mema,Negative,274,-1,even deserve one star shocking company appalling customer service never solve issues block account attempt complain diabolical company 5 months ago sent response no forward resolving issue,27,188
Temu,Online Shopping,Erroneous billing,"I started a purchase, but never confirmed it. I was then debited 48.12 and 63.47. These ""purchases"" do not show up on my TEMU account under history. I contacted them and couldn't get a live person. The chat was useless. I then had to block them from my bank, so this is the last time I will order from them. NOT RECOMMENDED.",1,"August 5, 2026",6a738384223fcc6c15030707,L Kirk,Negative,324,-1,started purchase never confirmed debited 48 12 63 47 purchases not show temu account history contacted couldn't get live person chat useless block bank last time order not recommended,29,183
Temu,Online Shopping,Refused refund for poor quality,Ordered some so called cotton boxers when delivered they where so thin and not as discribed when I reached out to customer services the refund was refused this was not in the description when purchased Please DO NOT BUY FROM TEMU,1,"August 4, 2026",6a7373fe88b69796eb8a1324,Paul Read,Negative,229,-1,ordered called cotton boxers delivered thin not discribed reached customer services refund refused not description purchased please not buy temu,20,144
Temu,Online Shopping,Terrible Customer Service!!,"Terrible Customer Service!!

It has been over a month, and I’m still waiting for someone to collect my return item. I’ve contacted customer service multiple times and filed several complaints, but nothing has been resolved.

Every time I follow up, I get the same response: “Someone will contact you to arrange the pickup.” Yet no one ever does.

This is completely unacceptable. Customers shouldn’t have to chase a company for over a month just to process a simple return. I expected much better service.

Kindly resolve this issue immediately and arrange the pickup without any further delays.",1,"August 5, 2026",6a7373dd62c6e95081ee568a,Najat Altoobji,Negative,595,-1,terrible customer service month still waiting someone collect return item contacted customer service multiple times filed several complaints nothing resolved every time follow get response someone contact arrange pickup yet no one ever completely unacceptable customers chase company month process simple return expected much better service kindly resolve issue immediately arrange pickup without delays,54,403
Temu,Online Shopping,Temu emailed me wanting me to video…,Temu emailed me wanting me to video product solar light which had a fault.It was put in bin and collected.Beware there expensive solar lights dont work.,1,"August 5, 2026",6a736a1c5be30efccd3bce77,Martin Wolf,Negative,152,-1,temu emailed wanting video product solar light fault put bin collected beware expensive solar lights dont work,17,110
Temu,Online Shopping,Delivery was okay,"Delivery was okay, items were less than impressive, at least they aren't missing.",2,"August 3, 2026",6a73616a581c086a30ae842a,Eric,Negative,81,-1,delivery okay items less impressive least aren't missing,8,56
Temu,Online Shopping,I will never purchase from Temu again.,"I will never purchase from Temu again.

I ordered 10 dresses, and every single one was extremely poor quality. The fabric was thin, see through, and nothing like I expected. Because none of them were acceptable, I returned the ENTIRE order using Temu's prepaid UPS return label exactly as instructed.

I personally verified that all 10 dresses were in the package before sealing it, reinforced the package with additional tape, and personally dropped it off with UPS. Temu acknowledged receiving my return by issuing a partial refund.

Then they claimed that five dresses were ""not found"" in the returned package and refused to refund the remaining $44.97.

I returned all 10 dresses. I no longer have any of them. If something happened after I properly returned the package using Temu's own return process, that should not become the customer's financial responsibility.

What makes this even worse is that Temu has never provided any evidence supporting its claim. No photographs, no package weight upon receipt, no inspection documentation, nothing. They simply denied part of my refund and expected me to absorb the loss.

I have now spent weeks gathering documentation, locating UPS receipts, filing disputes, and wasting countless hours trying to recover money that should have been refunded from the beginning. No customer should have to fight this hard after following the return instructions exactly.

This entire experience has completely destroyed my trust in Temu. Saving a few dollars is not worth the risk of being forced into a lengthy dispute over a properly returned order. There are too many other retailers that stand behind their return process and treat their customers fairly.

Temu has permanently lost my business, and I cannot recommend shopping with a company that handles returns this way. AVOID!!! These thieves should not be in business!

UPDATE: In reply to Temu's automated response, I HAVE contacted them. They refuse to help. I am waiting for PayPal to refund me. Temu does not care about their customers, they are CROOKS.",1,"July 2, 2026",6a736143ac7442b2d3d4f7bf,DebbieK,Negative,2055,-1,never purchase temu ordered 10 dresses every single one extremely poor quality fabric thin see nothing like expected none acceptable returned entire order using temu's prepaid ups return label exactly instructed personally verified 10 dresses package sealing reinforced package additional tape personally dropped ups temu acknowledged receiving return issuing partial refund claimed five dresses not found returned package refused refund remaining 44 97 returned 10 dresses no longer something happened properly returned package using temu's return process not become customer's financial responsibility makes even worse temu never provided evidence supporting claim no photographs no package weight upon receipt no inspection documentation nothing simply denied part refund expected absorb loss spent weeks gathering documentation locating ups receipts filing disputes wasting countless hours trying recover money refunded beginning no customer fight hard following return instructions exactly entire experience completely destroyed trust temu saving dollars not worth risk forced lengthy dispute properly returned order many retailers stand behind return process treat customers fairly temu permanently lost business cannot recommend shopping company handles returns way avoid thieves not business update reply temu's automated response contacted refuse help waiting paypal refund temu not care customers crooks,191,1413
Temu,Online Shopping,NEVER BUY,"I genuinely bought a set of bras from there and within 3 months they ripped, which sucked because I really liked them, the material was cheap. never buy from here.",1,"August 5, 2026",6a734b09d7700ec63d87c5c8,….,Negative,163,-1,genuinely bought set bras within 3 months ripped sucked really liked material cheap never buy,15,93
Temu,Online Shopping,Temu thinks if they give you $5 for a…,"Temu thinks if they give you $5 for a late delivery that replaces a refund because if it’s late you are never going to receive it. I have been waiting over 3 weeks for an order that has not had any movement in shipping in over 10 days. This is nonsense. Don’t ever order from them. I don’t intend to again.
On 8/6 they refunded me. Still wouldn’t order from them again though after not receiving 2 different orders.",1,"August 4, 2026",6a7345b90ddd370093df2f12,Gail,Negative,415,-1,temu thinks give 5 late delivery replaces refund late never going receive waiting 3 weeks order not movement shipping 10 days nonsense ever order intend 8 6 refunded still order though not receiving 2 different orders,36,217
Temu,Online Shopping,My package never arrived,"My package never arrived. Evri Delivery driver delivered the package at the wrong address and upload the photo which is not my address or not my Door photo. It was a random wall photo where the package photo was taken.
I complain to Customer service to Temu But they keep sending me the same photo as the evidence and keeps saying that it was delivered. We were not even home when the delivery was showing and I had written 10 emails to Temu And send them several photos of my address, and my door to prove that delivery was not made to me, but they close my case. They did not give me a refund and they did not do anything. They have the worst customer service.",1,"July 27, 2026",6a7341a7a0a6fa7f83fdbe3c,Businesses,Negative,662,-1,package never arrived evri delivery driver delivered package wrong address upload photo not address not door photo random wall photo package photo taken complain customer service temu keep sending photo evidence keeps saying delivered not even home delivery showing written 10 emails temu send several photos address door prove delivery not made close case not give refund not anything worst customer service,62,408
Temu,Online Shopping,Excellent experiences with TEMU. Thoroughly recommended,"Excellent experiences with TEMU over the past 12 months. Multiple clothing purchases and 100% satisfaction rate for ease of ordering, updates on delivery and the whole shopping experience. Thoroughly recommended 👍",5,"August 5, 2026",6a7317ea862933fbdf04726e,NIGEL BARTON,Positive,213,1,excellent experiences temu past 12 months multiple clothing purchases 100 satisfaction rate ease ordering updates delivery whole shopping experience thoroughly recommended,21,171
Temu,Online Shopping,Now into week 3 of trying to get this…,Now into week 3 of trying to get this resolved. I said at the start I didn’t want credit I wanted a refund to my card as I have no intention of using Temu ever again. You have sent me the same email over and over again saying refund would be credit forcing me to have to spend it on your website. NO not happening. You have already stated that the seller is not responding to you like they didn’t with me and yet you are still not sorting out this issue. Temu is a complete con. Call you a valued customer and have no idea what that actually means they don’t care about the customer at all.,1,"August 5, 2026",6a7315c659bf0a95afe1628f,Anna Stelforth,Negative,590,-1,week 3 trying get resolved said start want credit wanted refund card no intention using temu ever sent email saying refund would credit forcing spend website no not happening already stated seller not responding like yet still not sorting issue temu complete con call valued customer no idea actually means care customer,52,320
Temu,Online Shopping,Awful deterioration of price and service,"This was a really great platform. Something's gone horribly wrong in the last 6 months though. Prices doubled at least on many products. And in the UK they've now engaged a courier (J&T Express) who don't even have a fully working delivery network! They are accepting delivery commitments without actually knowing how they'll deliver. And the tracking updates make it look like they DID try to deliver and you REFUSED to take the parcel!!! Absolute shocking downfall of service levels, Prices up, penny-pinching on delivery, and there's NOTHING you can do about it because couriers are unresponsive, and can't get your money back from TEMU until it's horribly overdue.

I hope they fix this, but I feel that the consumer is just getting crapped on yet again in the name of profit.",1,"July 31, 2026",6a72fa088c6fa8f2ecf8bae6,TC,Negative,780,-1,really great platform something's gone horribly wrong last 6 months though prices doubled least many products uk engaged courier j express don't even fully working delivery network accepting delivery commitments without actually knowing deliver tracking updates make look like try deliver refused take parcel absolute shocking downfall service levels prices penny pinching delivery there's nothing couriers unresponsive can't get money back temu horribly overdue hope fix feel consumer getting crapped yet name profit,73,517
Temu,Online Shopping,I ordered a socket and Ratchet set and…,"I ordered a socket and Ratchet set and took 2 weeks to arrive.What i got was a cheap automotive scanner not what I ordered. What I read up about this company is lots beware and corruption. Misleading customer's of free this and that crap stealing IP addreses ,putting extra charges on bills. I would stay far away from these cons.",1,"July 29, 2026",6a72b8085ff0b674c4e496f3,Eric,Negative,330,-1,ordered socket ratchet set took 2 weeks arrive got cheap automotive scanner not ordered read company lots beware corruption misleading customer's free crap stealing ip addreses putting extra charges bills would stay far away cons,35,229
Temu,Online Shopping,YET ANOTHER SCAM EMAIL,"In a desperate attempt to get my bank details they're lying that my basket has been updated,I have never bought from Temu and never will, free gifts, £20 off vouchers ,it's all nonsense.",1,"August 5, 2026",6a728a598926ceef347b49af,gordon phillips,Negative,186,-1,desperate attempt get bank details lying basket updated never bought temu never free gifts 20 vouchers nonsense,17,111
Temu,Online Shopping,Please be aware I placed an order total…,Please be aware I placed an order total £50 items were delivered I did not receive the order I contacted customer services only to be told repeatedly that my order was delivered successfully they showed me a photo of the delivery which was obviously an ally way nothing like my property or area I live in they refused to replace items or refund me I will never shop with Temu again disgusting,1,"August 5, 2026",6a727fcd4e35799f7d55befe,Georgia Holland,Negative,392,-1,please aware placed order total 50 items delivered not receive order contacted customer services told repeatedly order delivered successfully showed photo delivery obviously ally way nothing like property area live refused replace items refund never shop temu disgusting,38,270
Temu,Online Shopping,Stick to Ali Express,"Never accept gifts by purchasing a certain amount, you'll never get them only buy what you want. Just checked order and surprise no gifts.
An update, I added the app to gain gifts they say so my last two orders were on my app. Added items like the promotion asks and the items I've had are the items paid for. Confusing or mistaken on my part but am I the only one who experience this? Sticking with bargains and quick delivery and bin the gifts.
Update, I actually received a text today to claim gifts you pick because they're free. Does add credit back to be added so you do end up spending. Fed up now so uninstalled app and said bye.",1,"August 4, 2026",6a726422c71d649f129c31f1,Jeff Cole,Negative,637,-1,never accept gifts purchasing certain amount never get buy want checked order surprise no gifts update added app gain gifts say last two orders app added items like promotion asks items items paid confusing mistaken part one experience sticking bargains quick delivery bin gifts update actually received text today claim gifts pick free add credit back added end spending fed uninstalled app said bye,64,400
Temu,Online Shopping,"Occasionally good, mostly awful","Ive used Temu a few times, you can get some decent items from there. It's a chinse marketplace, so you get knockoff goods, some poor quality stuff, but also get access to some decent stuff too, at prices which are reasonable.

Any problems, and returns and refunds are simple.

Until they're not. I recent bought an item that was not as described at all, and went to complain. I was offered a £10 voucher, which could be used to take the price off any £10 spend. Thats ANY spend.

I accepted it. It was £3 less than my items value, but i was able to keep the item (which i have since binned because it was more useless than i thought). So I checked some items I wanted, added them to my basket. Knowing there was a £15 minimum spend. I got £15 of items... and got told I still needed to spend £10. Because my voucher removes the payment BEFORE checkout, so checkout does not meet £15.

Bit of a scam for a refund aint it? my refund of £10, is now locked behind me needed to buy £25 of items, and spend £15 of my own money. So I have to give them 150% MORE than my refund, to get my ""goodwill apology""

I complained, and got given an upgraded £15 credit voucher.

Which I added, and went to my basket... now I need to spend £15 more. because my voucher wiped out before checkout again. So its not credit, its a scam to get me to give them more money.

I explained this again, and how I'm pretty sure that offering a refund that is then paywalled, must break some sort of laws. I got sent a breakdown of how lucky I am to receive offers and coupons from them, and they're sad that my coupon didnt meant my expectations, but to keep looking out as they give new coupons daily. Again, this was not a bonus coupon, it was meant to be a refund! I told them again, and got told sadly there is nothing they can do.

I now have no coupon (timed out whilst waiting for an answer, because you only have 48 hours to use the refund coupon, probably to force you to rush into a nonsense purchase) and I cant refund the item anymore, because it's already been processed for its one off bonus refund (which was the lame voucher)and even if i could, once I was told to keep the item and I'd get the voucher, the item was binned

Like I said, I've had good experiences with the company. Plenty of useful items for the house, that are genuinely cheaper than other options. But this experience has just left me uninstalling the app, not that its stopped them from sending me 10 texts and whatsapp messages daily.",2,"July 30, 2026",6a72573a9c3ef804a2ac7ee5,Martyn,Negative,2492,-1,ive used temu times get decent items chinse marketplace get knockoff goods poor quality stuff also get access decent stuff prices reasonable problems returns refunds simple not recent bought item not described went complain offered 10 voucher could used take price 10 spend thats spend accepted 3 less items value able keep item since binned useless thought checked items wanted added basket knowing 15 minimum spend got 15 items got told still needed spend 10 voucher removes payment checkout checkout not meet 15 bit scam refund aint refund 10 locked behind needed buy 25 items spend 15 money give 150 refund get goodwill apology complained got given upgraded 15 credit voucher added went basket need spend 15 voucher wiped checkout not credit scam get give money explained pretty sure offering refund paywalled must break sort laws got sent breakdown lucky receive offers coupons sad coupon didnt meant expectations keep looking give new coupons daily not bonus coupon meant refund told got told sadly nothing no coupon timed whilst waiting answer 48 hours use refund coupon probably force rush nonsense purchase cant refund item anymore already processed one bonus refund lame voucher even could told keep item get voucher item binned like said good experiences company plenty useful items house genuinely cheaper options experience left uninstalling app not stopped sending 10 texts whatsapp messages daily,224,1411
Temu,Online Shopping,Don't buy if you need it urgently,If you need something fast watch what you are buying I ordered a garden hose on 31st July and I have discovered it won't arrive until 10th September yet there was no mention of this excessive delivery time at the time of purchase,1,"July 31, 2026",6a72344d00f3b2145d235932,David Simpson,Negative,229,-1,need something fast watch buying ordered garden hose 31st july discovered won't arrive 10th september yet no mention excessive delivery time time purchase,23,154
Temu,Online Shopping,"Dishonest practices, fake empathy, and refusal to refund missing items (Order PO-053-05166624174713029)","I ordered a package (Order PO-053-05166624174713029) via cash on delivery. Upon opening the intact parcel, several paid items were completely missing from the shipment.
When I contacted customer support, they repeatedly refused to verify the actual weight of the package at dispatch versus delivery. Instead, they kept sending automated copy-paste template responses, hiding behind vague statements like ""our records show everything was packed correctly.""
After I posted an initial warning, their support team reached out to me with fake empathy, pretending they wanted to resolve the issue and asking for details to fix it. However, right after I provided the requested information, they simply rejected my claim again using another scripted response!
This is a deliberate exhaustion tactic to scam customers out of money for goods that were never delivered. Zero customer care, zero transparency, and absolute disregard for consumer rights. I am now filing an official complaint with the European Consumer Centre (ECC). Stay away!",1,"July 8, 2026",6a721bb53e5c491e9ec593b5,Jakub,Negative,1032,-1,ordered package order po 053 05166624174713029 via cash delivery upon opening intact parcel several paid items completely missing shipment contacted customer support repeatedly refused verify actual weight package dispatch versus delivery instead kept sending automated copy paste template responses hiding behind vague statements like records show everything packed correctly posted initial warning support team reached fake empathy pretending wanted resolve issue asking details fix however right provided requested information simply rejected claim using another scripted response deliberate exhaustion tactic scam customers money goods never delivered zero customer care zero transparency absolute disregard consumer rights filing official complaint european consumer centre ecc stay away,103,792
Temu,Online Shopping,wish I could give no stars,"wish I could give no stars, they have started using Inpost for the deliveries and guess what they have lost the package but worse than that they are saying it was collected from the locker. Contacted customer services who require a photo of nothing in a parcel locker, complete idiots the lot of them",1,"August 4, 2026",6a721acd98c2db3feb8a5bb6,mr JOHN GAWTHORPE,Negative,300,-1,wish could give no stars started using inpost deliveries guess lost package worse saying collected locker contacted customer services require photo nothing parcel locker complete idiots lot,27,189
Temu,Online Shopping,Do not order from then I've been…,Do not order from then I've been waiting on a package for 29 dam days still have not arrived. I rather shop off of shein they deliver as promise very missed off,1,"August 4, 2026",6a721ac80064c26c7abe7e13,Tina,Negative,160,-1,not order waiting package 29 dam days still not arrived rather shop shein deliver promise missed,16,96
Temu,Online Shopping,I placed two orders each saying I had…,"I placed two orders each saying I had eight free items, but I had to buy something for $5 on one and $8 on the to get the eight items free. I did that. I received both items I paid for, and one teeshirt each for the two orders where I was supposed to get eight free items. Where's the rest of my two irders?????????",1,"July 26, 2026",6a721a1bf13891364d2f51dc,Catherine Nelson,Negative,315,-1,placed two orders saying eight free items buy something 5 one 8 get eight items free received items paid one teeshirt two orders supposed get eight free items where's rest two irders,32,182
Temu,Online Shopping,Happy to shop with TEMU,"I have bought a lot of things from Temu, and really happy with them. Yes some things ain't great and can come across a bit misleading, but is that not due to not reading discrimination properly? If I dont like it I just return them and get my refund straight away. I am more than happy to buy from TEMU 😃",5,"August 4, 2026",6a720658f3ed29c1c5a660c2,Wendy,Positive,304,1,bought lot things temu really happy yes things ain't great come across bit misleading not due not reading discrimination properly dont like return get refund straight away happy buy temu,30,186
Temu,Online Shopping,We placed an order in April and paid in…,"We placed an order in April and paid in full. We have tried cancelling and getting our money back and just receive standard non-committal responses. We have now issued a county court online money claim. Their stuff may be cheap but customer service is non-existant.

Read Temu reply - much the same non-committal nonsense as before. They've had all the info they're asking for. Our patience is exhausted and we will let them answer to the court.",1,"August 4, 2026",6a71fe7e8172d1b52fc6a6be,Bob Darby,Negative,445,-1,placed order april paid full tried cancelling getting money back receive standard non committal responses issued county court online money claim stuff may cheap customer service non existant read temu reply much non committal nonsense info asking patience exhausted let answer court,42,282
Temu,Online Shopping,Useless talking to AI robots to sort…,Useless talking to AI robots to sort issues out asking me the same s h i t e repeating myself . They just a fraud no help what so ever . Finally got to speak to someone and they were helpful instead of talking to robots so annoying this AI stuff . well had a message yet again and telling me the same rigmaroll basically love wasting my time as usual . Want the money but don't like when you complain of how some of the products are not as described . Avoid .,1,"August 4, 2026",6a71d863accf3d7ba0856620,Anth,Negative,459,-1,useless talking ai robots sort issues asking h e repeating fraud no help ever finally got speak someone helpful instead talking robots annoying ai stuff well message yet telling rigmaroll basically love wasting time usual want money don't like complain products not described avoid,44,281
Temu,Online Shopping,I ordere some shorts and received rubbish,"I ordered some shorts that I didn’t receive. But received a jet bucket washer, 2 round signs and a jet washer that fits on hose pipe. Message sent to Temu . You only get one chance to make a good impression you failed. GOODBYE",1,"August 3, 2026",6a71c9c33c7cb1510a8475fb,John Maddison,Negative,226,-1,ordered shorts receive received jet bucket washer 2 round signs jet washer fits hose pipe message sent temu get one chance make good impression failed goodbye,26,158
Temu,Online Shopping,Free shipping on orders over $30,"Free shipping on orders over $30. Ordered 6 of one color rechargeable wine bottle lamps. Added 2 of a different color and was charged for shipping on those. Cancelled that part of the order. Since you are not shown an invoice before they run the credit card, you have to go through the refund process. Seems like it would make sense to be able to approve the transaction before paying. I would probably have added more items to the second order to get free shipping.",2,"August 3, 2026",6a7150c6d587873de0dda335,Gary Irwin,Negative,466,-1,free shipping orders 30 ordered 6 one color rechargeable wine bottle lamps added 2 different color charged shipping cancelled part order since not shown invoice run credit card go refund process seems like would make sense able approve transaction paying would probably added items second order get free shipping,49,312
Temu,Online Shopping,Temu is a scam,"Temu is a scam
I got charge with $25.57 for the 5 items that they said is for free plus 4-5 small items on top of the 5 free items. I bought another 9-10 items and got charge $64,69 and i also bought few more small items and got charge $12,30. The thing is they gave me over $200 cash but i have to spend a few items for me to get that $200 and i did but i got nothing after i bought all of that. I still dont see the main items that i have order.",1,"July 31, 2026",6a714b5071f5431f992d3a84,Chut Doan,Negative,447,-1,temu scam got charge 25 57 5 items said free plus 4 5 small items top 5 free items bought another 9 10 items got charge 64 69 also bought small items got charge 12 30 thing gave 200 cash spend items get 200 got nothing bought still dont see main items order,53,257
Temu,Online Shopping,if i could give zero I would.,"if i could give zero I would.. bought a pack of 4 outdoor solar security lights and within 4months of use 3 have failed.. 1 failed within 4 weeks. that one I received a partial refund for. The other 2 have failed within the last 2 weeks. response from temu and seller? well they lasted 4 months so that ok by us.. shit company to deal with
As for the Temu reply .. well I tried that but your word for helping getting the situation resolved is worthless.",1,"August 3, 2026",6a712dc517bdf18c19c4c93a,Uwe Meyer,Negative,453,-1,could give zero would bought pack 4 outdoor solar security lights within 4months use 3 failed 1 failed within 4 weeks one received partial refund 2 failed within last 2 weeks response temu seller well lasted 4 months ok us shit company deal temu reply well tried word helping getting situation resolved worthless,53,312
Temu,Online Shopping,Very misleading,Very misleading. New customers are under the impression that they are receiving “free credits” when in actuality when they go to check out their shopping cart the company asks for a credit card. I had to cancel several items and request refunds for things my teenage daughter purchased. It’s not worth the headaches as they take their time to reimburse you.,1,"August 1, 2026",6a712b891c2a9f833617a055,Lavonne,Negative,357,-1,misleading new customers impression receiving free credits actuality go check shopping cart company asks credit card cancel several items request refunds things teenage daughter purchased not worth headaches take time reimburse,31,227
Temu,Online Shopping,The site told me 4 free gifts I picked…,"The site told me 4 free gifts I picked 4 free gifts spend at least 15 pounds i did they sent 1 free gift its a scam they try and fob me of with 12 pound credits people TEMU IS SCAMMING YOU ALL . I've got the whole conversation photoed can and will share if you ask me but look on face book and other social media for the whole conversation it won't let me put photos on here its a SCAM Look on trust pilot will post all on there they pushed me round 3 operators all with the same response people avoid Temu there are better places than this scam you talk about stars your stars are not that good 3.3 out of 5 I can see that getting worse your not just scamming uk but all over the world Australia, New Zealand to name 2 more countries where your doing the same scam people not going to put up with poor rating and reviews on there way. 50 people have viewed in 1 day i hope all 50 dont use your scam company I hope i get over 1000 views and they all leave your scam",1,"August 3, 2026",6a71092ddb5d0899763c68a4,Dave Moulds,Negative,965,-1,site told 4 free gifts picked 4 free gifts spend least 15 pounds sent 1 free gift scam try fob 12 pound credits people temu scamming got whole conversation photoed share ask look face book social media whole conversation won't let put photos scam look trust pilot post pushed round 3 operators response people avoid temu better places scam talk stars stars not good 3 3 5 see getting worse not scamming uk world australia new zealand name 2 countries scam people not going put poor rating reviews way 50 people viewed 1 day hope 50 dont use scam company hope get 1000 views leave scam,106,584
Temu,Online Shopping,Sent the goods bank over a month ago…,Sent the goods bank over a month ago still waiting for a refund,1,"August 3, 2026",6a71028dc742f9652bcb408c,IAN RAINER-SEATH,Negative,63,-1,sent goods bank month ago still waiting refund,8,46
Temu,Online Shopping,Can I give them a ZERO ?,"Can I give them a ZERO ?
I chose some clips that I wanted to buy.
They played the spin game - said I got 100% off with free shipping. I spun the stupid thing again and it said x6.
So the website told me to pick 6 free items.
I went through this hassle - then I tried to check out and it said minimum $40 order.
So they offered everything FREE - BUT I HAD TO SPEND $40 to get some $5 clips.
THIS TEMU SHOULD BE SHUT DOWN BY OUR FEDERAL GOVERNMENT",1,"August 2, 2026",6a70f6d9ceab1ef81d23f540,Penne,Negative,445,-1,give zero chose clips wanted buy played spin game said got 100 free shipping spun stupid thing said x6 website told pick 6 free items went hassle tried check said minimum 40 order offered everything free spend 40 get 5 clips temu shut federal government,45,253
Temu,Online Shopping,UNFAIR & MISLEADING PROMOTION! Temu refuses to honor $60+ Farmland rewards!,"I spent a whole month completing the Farmland game by inviting 15 NEW USERS to Temu. Once I completed 100% of the requirements, Temu claimed my chosen items were ""out of stock"" in the game interface. HOWEVER, all 4 items are CURRENTLY IN STOCK in my cart on their app, totaling 97.43 AZN (~$57)! When I provided screenshot proof of the items being available in my cart, Support Agent Austin offered me an insulting 10 AZN (~$6) compensation and tried to force me to accept cheap, unwanted alternatives. This is a clear ""Bait and Switch"" tactic to exploit users for free referrals without providing the promised rewards. I demand full credit of 97.43 AZN for my cart items or I will continue escalating this publicly across App Store and Consumer Rights portals! Ticket ID: 1785757529014511
UPDATE (FINAL NOTICE): Temu has ignored the 24-hour deadline. Official fraud reports have now been escalated to Apple App Store Safety and the Better Business Bureau (BBB). Support agents previously admitted capability to issue credits by asking for screenshots, but are now refusing to honor $57.30 earned by bringing 15 real users. Avoid this fraudulent app! Ticket ID: 1785757529014511.",1,"August 3, 2026",6a70f12bb0aa12f29cb86d5a,Sever Bayramova,Negative,1179,-1,spent whole month completing farmland game inviting 15 new users temu completed 100 requirements temu claimed chosen items stock game interface however 4 items currently stock cart app totaling 97 43 azn 57 provided screenshot proof items available cart support agent austin offered insulting 10 azn 6 compensation tried force accept cheap unwanted alternatives clear bait switch tactic exploit users free referrals without providing promised rewards demand full credit 97 43 azn cart items continue escalating publicly across app store consumer rights portals ticket id 1785757529014511 update final notice temu ignored 24 hour deadline official fraud reports escalated apple app store safety better business bureau bbb support agents previously admitted capability issue credits asking screenshots refusing honor 57 30 earned bringing 15 real users avoid fraudulent app ticket id 1785757529014511,130,898
Temu,Online Shopping,TEMU is a BIG SCAM & FRAUD!!.,"TEMU is a BIG SCAM & FRAUD!!.

With there promotions for paying YOU the client to paypal payout.
My wife did a LOT of TEMU & they promest payout to her paypal acount NEVER resived anything.
Talked to a help desk DID nothing !!!.

NOW i know they will react to this BUT let me just say in for hand TEMU DON'T BOTHER we have your IP & adres!.

BUT even that is a TOTAL cover up FOR what is really going ON!.

ALL they want =
1 Your Money
2 Your data
AND the rest lour YOU the client IN to buy more of there BS.
Murteandice THAT is so dangerous IT could KILL you in the end !!.

SO TEMU & everybody that works there to help TEMU grow.
I hope you get what the grimreaper got :P i dont know what it was BUT he aint here anymore iff ya get my drift .

AND dont bother awnsering to this reveuw BECAUSE you know what you are A BIG SCAM & FRAUD componay !!!.

I hope you will have a nice couzy place in hell for your hole fam to",1,"August 3, 2026",6a70eda104cf94ce0d4c6033,v.charpentier,Negative,919,-1,temu big scam fraud promotions paying client paypal payout wife lot temu promest payout paypal acount never resived anything talked help desk nothing know react let say hand temu don't bother ip adres even total cover really going want 1 money 2 data rest lour client buy bs murteandice dangerous could kill end temu everybody works help temu grow hope get grimreaper got p dont know aint anymore iff ya get drift dont bother awnsering reveuw know big scam fraud componay hope nice couzy place hell hole fam,88,507
Temu,Online Shopping,I have a returned package from June 21…,"I have a returned package from June 21 that has been delivered to Temu Company since June 21 and is now August 3, but I am still in the process of searching for the package and has not been refunded yet.
When I complained, I only got the response that I was waiting to find the package :) there was no deadline for handling the case, I felt like a scam",1,"June 21, 2026",6a70dac6bd346fa8792d647f,Linh Tieu,Negative,352,-1,returned package june 21 delivered temu company since june 21 august 3 still process searching package not refunded yet complained got response waiting find package no deadline handling case felt like scam,32,205
Temu,Online Shopping,Temu has harassed me leave me alone I do not have help from my US government if I had I would have taken you to court so long ago cease and desist,"SUBJECT: FINAL DEMAND: Immediate Cease and Desist / Settlement 

Dear  Temu,

I am writing to issue a final attempt to resolve this matter before taking formal public and legal action regarding your ongoing misconduct, contradictory statements, and continued contact despite my explicit requests.

To be clear:

Contradictory Statements & Lack of Accountability: Your team’s story has continuously shifted, demonstrating a clear refusal to own up to standard protocol failures and mistakes—a dynamic documented extensively in public reporting on your organization’s escalation practices.

Inadequate Remedies: Offering a $3.17 ""good faith"" credit—an insultingly nominal amount that does not even cover basic shipping, let alone address the scope of the issue—is entirely unacceptable and fails to demonstrate genuine good faith.

Continued Harassment: I have repeatedly asked your company to cease contact, leave me alone, and close this issue. Your refusal to respect a simple cease-and-desist request, paired with aggressive attempts to gaslight the situation, has escalated this into outright harassment.

My Position:

I have been willing to walk away, but your actions have made that impossible. Consider this your formal notice:

Cease Unsolicited Contact: Stop contacting me with empty rhetoric, moving goalposts, or insulting offers.

Proper Resolution: Either present a meaningful, realistic resolution that accounts for the stress and disruption caused, or honor my request to close this matter entirely and cease all communication.

If you choose to continue harassing me rather than resolving this or walking away, my immediate next step will be to post the complete, unedited record of this interaction—including all emails, dates, contradicting agent statements, and your $3.17 ""good faith"" offer—across major social media platforms, consumer watchdog review sites, and standard regulatory outlets (such as the Better Business Bureau and State Attorney General).

Use this as a learning case for how not to treat customers, and direct your escalation management team to respond accordingly.

Sincerely,

Jacqueline Lewis 

4372 Beaverton Circle Loganville 

Georgia,30052

You have only to the end of the day to respond and to proceed with what you promised that you were going to do and if not I promise you that I will not stop until something has been done about this and I mean every avenue that I can go down and fulfill my commitment to me I will no longer stand around in allow you guys to abuse me to harass me even after you have robbed me you have unauthorized purchases with my credit card you have false advertisement which I have proved time and time again you have a carrier who stole my product and you refund the product but you fell to fix the issue knowing that your customer waited a long time for that product and was not given a promise that you promise of late would be $5 given to your customer you did not honor your own mandate I have had enough and I will not stop until I plastered all the information that you have sent me every last one of the management team's names who emailed me time and every issue that went before myself and your service agents showing that you are not willing to answer any questions that I've had and you are not willing to resolve this matter in a timely time I have had it enough this is it you only have to the end of this day to honor what you said you were going to do do it and cease and desist just matter walk away o",1,"August 2, 2026",6a70d1c78101c3019ddca9bb,Jacqueline Lewis,Negative,3493,-1,subject final demand immediate cease desist settlement dear temu writing issue final attempt resolve matter taking formal public legal action regarding ongoing misconduct contradictory statements continued contact despite explicit requests clear contradictory statements lack accountability team story continuously shifted demonstrating clear refusal standard protocol failures mistakes dynamic documented extensively public reporting organization escalation practices inadequate remedies offering 3 17 good faith credit insultingly nominal amount not even cover basic shipping let alone address scope issue entirely unacceptable fails demonstrate genuine good faith continued harassment repeatedly asked company cease contact leave alone close issue refusal respect simple cease desist request paired aggressive attempts gaslight situation escalated outright harassment position willing walk away actions made impossible consider formal notice cease unsolicited contact stop contacting empty rhetoric moving goalposts insulting offers proper resolution either present meaningful realistic resolution accounts stress disruption caused honor request close matter entirely cease communication choose continue harassing rather resolving walking away immediate next step post complete unedited record interaction including emails dates contradicting agent statements 3 17 good faith offer across major social media platforms consumer watchdog review sites standard regulatory outlets better business bureau state attorney general use learning case not treat customers direct escalation management team respond accordingly sincerely jacqueline lewis 4372 beaverton circle loganville georgia 30052 end day respond proceed promised going not promise not stop something done mean every avenue go fulfill commitment no longer stand around allow guys abuse harass even robbed unauthorized purchases credit card false advertisement proved time time carrier stole product refund product fell fix issue knowing customer waited long time product not given promise promise late would 5 given customer not honor mandate enough not stop plastered information sent every last one management team's names emailed time every issue went service agents showing not willing answer questions not willing resolve matter timely time enough end day honor said going cease desist matter walk away,315,2368
Spotify,Streaming Services,The app has huge problems on windows…,The app has huge problems on windows and this issue is well known and commented on the community but Spotify di nothing to rectify. very poor service. I expect a better customer support as a premium subscriber. My recommendation is to find another music player provider.,1,"August 12, 2026",6a7c23ae8f02478cd693f91f,Erland Kristensen,Negative,270,-1,app huge problems windows issue well known commented community spotify di nothing rectify poor service expect better customer support premium subscriber recommendation find another music player provider,27,202
Spotify,Streaming Services,Shuffle doesn't shuffle the entire list of songs,"I'm trying to export my playlists to import into a competitor. I have various playlists, for example one has over 300 songs. However, using the various ""shuffle"" settings are ignored and will only shuffle the same blocks of songs. I can hear the same song 3 times before one of the others outside that designated block. Their advice, ""sign out then back in to the app"" or delete the app and reinstall it. Well, that's not a fix for poorly written software that's what we call in the industry a Band-Aid and it's only a Band-aid if it provides a temporary solution which it still does not. So my question is, has anyone ever figured out how to export their playlists and import to another platform? I'm tired of having to manually select songs outside the block their algo's constantly have on repeat",1,"August 11, 2026",6a7bce1f601d30edfaef9bb2,Matthew Myers,Negative,799,-1,trying export playlists import competitor various playlists example one 300 songs however using various shuffle settings ignored shuffle blocks songs hear song 3 times one others outside designated block advice sign back app delete app reinstall well that's not fix poorly written software that's call industry band aid band aid provides temporary solution still not question anyone ever figured export playlists import another platform tired manually select songs outside block algo's constantly repeat,73,503
Spotify,Streaming Services,Awful,"Awful. Says free trial for a month to find they want to take £1.01 from your account so if youre on you bum with mobey, you cannot start the ""free"" trial. If you dont pay premium, you can only skip a certain amount of songs and replay a certain amount as well. Down loaded play list also gets deleted if you dobt comply. Go to youtube. If its on Spotify its on YouTube and its worth paying for no ads because theres literally everything on there so you wont be paying multiple services trying to find that 1 thing :) youtube all the way.",1,"August 11, 2026",6a7b26ed9f0f2f5c676a1c81,Sarah Lewis,Negative,537,-1,awful says free trial month find want take 1 01 account youre bum mobey cannot start free trial dont pay premium skip certain amount songs replay certain amount well loaded play list also gets deleted dobt comply go youtube spotify youtube worth paying no ads theres literally everything wont paying multiple services trying find 1 thing youtube way,58,349
Spotify,Streaming Services,"SPOTIFY IS THE WORST APP IN THE WORLD, IT'S A STEALING","It's one of the worst apps in the world, you can't listen to your songs until you pay, which is pretty bad when you're under 18 and your parents are saving every penny.You can't listen to songs, you can't choose what you listen to, it puts shit on there that you don't like and you can't even switch it off.You are constantly interrupted by ads even though you have an adblocker,What bothers me the most is that I can't listen to what I want, only what they force on me.",1,"August 11, 2026",6a7b0a589fd0179a38670ff6,No,Negative,470,-1,one worst apps world can't listen songs pay pretty bad 18 parents saving every penny can't listen songs can't choose listen puts shit don't like can't even switch constantly interrupted ads even though adblocker bothers can't listen want force,39,243
Spotify,Streaming Services,So called `Free Trial',"I signed up for a `Free Trial' on Spotify's Audiobook subscription and I made a date on my Calendar to cancel the trial before it became chargeable. Unfortunately this cancellation mysteriously vanished and they charged me the full amount, despite the fact I hadn't used the service for even a second. I spent the best part of 2 hours trying to remedy this without success. They said they send an email out confirming cancellation but having cancelled for second time I still haven't received this email. Just rubbish customer service and avoid their so called Free Trials at all costs!!",1,"August 10, 2026",6a7a0f5debd29f5bccd12ff2,Simon,Negative,587,-1,signed free trial' spotify's audiobook subscription made date calendar cancel trial became chargeable unfortunately cancellation mysteriously vanished charged full amount despite fact used service even second spent best part 2 hours trying remedy without success said send email confirming cancellation cancelled second time still received email rubbish customer service avoid called free trials costs,54,401
Spotify,Streaming Services,So much choice,"Thee is only one problem with Spotify premium as far as this sometimes indecisive person is concerned. With so much choice, what shall I listen to next.

Whether relaxing at home or out and about, Spotify is my go to choice for music, podcasts and audio books. As well as tried and trusted favourites, I use it as a way to discover new artists and groups, by typing two or three letters and randomly choosing one of the things that appears.",5,"August 10, 2026",6a799ed989a476112a087112,Hazel Greenwood,Positive,440,1,thee one problem spotify premium far sometimes indecisive person concerned much choice shall listen next whether relaxing home spotify go choice music podcasts audio books well tried trusted favourites use way discover new artists groups typing two three letters randomly choosing one things appears,44,299
Spotify,Streaming Services,Spotify is still serving paid…,"Spotify is still serving paid advertisements before podcasts, despite my having a Premium subscription. To be clear, I am not referring to ads that are embedded in the podcast by the creator or host. These are Spotify-delivered ads that play before the podcast starts.

I contacted Customer Support and was informed that this is the expected behaviour under the current offering.

Frankly, I find this quite disappointing. Paying for a Premium subscription while still being served ads before content starts feels contrary to the purpose of a paid, ad-free service. In my view, this significantly reduces the value of the subscription and creates a poor customer experience, zero value in paying for Sportify!",1,"August 8, 2026",6a797beccfef6c6e8a9295a1,Maria Maria,Negative,709,-1,spotify still serving paid advertisements podcasts despite premium subscription clear not referring ads embedded podcast creator host spotify delivered ads play podcast starts contacted customer support informed expected behaviour current offering frankly find quite disappointing paying premium subscription still served ads content starts feels contrary purpose paid ad free service view significantly reduces value subscription creates poor customer experience zero value paying sportify,63,490
Spotify,Streaming Services,Used to think this was a brilliant app…,"Used to think this was a brilliant app and a real boon to a music loving pensioner until I was kicked off from my son's Family account as we no longer live in the same house. Why call it Family, surely Household if you can't support your own parents in their later years! With 2 kids under 4 unlikely to use, surely due a refund? Shame on you, Spotify: blatant profiteering and I suggest lacking the principles of its foundation. Chasing the dollar. What a world we are turning into...",1,"August 8, 2026",6a776575e79024bcbd33098e,Stuart C.,Negative,485,-1,used think brilliant app real boon music loving pensioner kicked son's family account no longer live house call family surely household can't support parents later years 2 kids 4 unlikely use surely due refund shame spotify blatant profiteering suggest lacking principles foundation chasing dollar world turning,46,311
Spotify,Streaming Services,Good for songs but what’s the point of…,Good for songs but what’s the point of advertising for people to advertise and then advertise for premium so they don’t want to listen to ads it’s beyond me,3,"August 6, 2026",6a74bc168c46c75913b33803,Paul Brady,Neutral,156,0,good songs point advertising people advertise advertise premium want listen ads beyond,12,86
Spotify,Streaming Services,SPAM emails,"I have a domain name email. I kept getting daily SPAM emails to this address for many years.

I searched everywhere. How are they getting my email? The only thing I used it for was a free Spotify account – but all notifications were switched off on Spotify.

I changed my address on Spotify to a dump gmail address and the SPAM immediately ended on my domain address *and* on Google.

My conclusion: Spotify is selling my domain name address. Google has a better SPAM filter that knocks out these emails.

If you are using Spotify, use a gmail dump address as your login.",1,"August 6, 2026",6a74499c3c1fd1a88a29846c,Yaswu,Negative,571,-1,domain name email kept getting daily spam emails address many years searched everywhere getting email thing used free spotify account notifications switched spotify changed address spotify dump gmail address spam immediately ended domain address google conclusion spotify selling domain name address google better spam filter knocks emails using spotify use gmail dump address login,54,382
Spotify,Streaming Services,I cancelled my subscription trial last…,"I cancelled my subscription trial last week, but my card was still billed for the next month anyway. When I tried using the live chat support, the agent kept switching every few messages, and nobody gave a straightforward answer about my refund request. I had to dispute the transaction through my online banking app. Turning off auto-renew in the account dashboard feels intentionally confusing.",1,"July 18, 2026",6a743da95fb1a6064e2fa853,Amara Nwosu,Negative,396,-1,cancelled subscription trial last week card still billed next month anyway tried using live chat support agent kept switching every messages nobody gave straightforward answer refund request dispute transaction online banking app turning auto renew account dashboard feels intentionally confusing,40,296
Spotify,Streaming Services,Incompetent… Who could guess?,"Those unprofessional and incompetent people allow anyone to register using any email address. They do send a verification email, thankfully, but they still let the original id*ot use your email address to create an account.

I've had to delete an account three times. Three times they allowed someone else to register with my email. Three times I had to remove accounts that should never have been created if the company had followed basic modern practices for account registration on the Internet.",1,"August 3, 2026",6a73bbeb577b095946dd9f3b,Will,Negative,498,-1,unprofessional incompetent people allow anyone register using email address send verification email thankfully still let original id ot use email address create account delete account three times three times allowed someone else register email three times remove accounts never created company followed basic modern practices account registration internet,48,355
Spotify,Streaming Services,Scam,"Absolute scam. They continued to charge me for 3 months after I thought I cancelled the subscription, with ZERO email notifications or invoices sent. Customer service is basically robots reading T&Cs and refusing to escalate. I had to go through my bank to issue a Chargeback to get my money back. Avoid giving them your card details!",1,"August 4, 2026",6a726530c4914f876aed1b77,JonStark,Negative,334,-1,absolute scam continued charge 3 months thought cancelled subscription zero email notifications invoices sent customer service basically robots reading cs refusing escalate go bank issue chargeback get money back avoid giving card details,33,238
Spotify,Streaming Services,Plays similar songs for me after…,Plays similar songs for me after listening like 5 songs! Don’t download!,1,"August 3, 2026",6a7092a7eed8859a20862230,Benjamin Rizzi,Negative,72,-1,plays similar songs listening like 5 songs download,8,51
Spotify,Streaming Services,I like the app,"I like the app. Having all your fave music at the tip of your fingers is great.
Here’s the cons. I stream almost every day & because I stream, I cannot listen to my fave music (dmca) so I’ve been forced to source alternative music in the same genre.
Now because I am forced to listen to bands I would never normally listen to my fave bands are not getting anything from me in revenue because I am forced onto other dmca free music. Kudos to those bands they’re getting revenue.
My anger at it all is that now according to spotify is my fave bands are no longer my fave bands, now all the dmca free music is my fave music & this couldn’t be further from the truth.
It’s disappointing that I can no longer listen to or support my fave music such as metallica, five finger death punch, screaming jets, ac/dc, etc because of dmca. Hope the music industry is happy with that.
Also, I now have to unsubscribe from spotify notifications because it sends me notifications on tours for my apparently new fave music & no notifications for my actual fave bands, disappointing system",5,"August 3, 2026",6a707854ef8d18e118428029,Kyle,Positive,1071,1,like app fave music tip fingers great cons stream almost every day stream cannot listen fave music dmca forced source alternative music genre forced listen bands would never normally listen fave bands not getting anything revenue forced onto dmca free music kudos bands getting revenue anger according spotify fave bands no longer fave bands dmca free music fave music truth disappointing no longer listen support fave music metallica five finger death punch screaming jets ac dc etc dmca hope music industry happy also unsubscribe spotify notifications sends notifications tours apparently new fave music no notifications actual fave bands disappointing system,100,661
Spotify,Streaming Services,Terrible Customer Service,"Its ok when it works but try and get help thats a different matter. All contact is through Chat which isn't great but it can work, however ive tried numerous times and the agent keeps changing like every couple of responses so you end up getting nowhere and the next agent misunderstands and then contradicts the previous one. I've also had money debited from my account, not a normal monthly subscription cost a couple of times and then refunded a few days later without explanation nor can the chat explain. This is marketed premium service with a premium cost but terrible customer service, its like they are providing customer service for a free App. I've moved elsewhere, come on Spotify get your act together or you will be finished.",2,"July 1, 2026",6a6fa786c083859cf790e052,Phillip Horsley,Negative,739,-1,ok works try get help thats different matter contact chat isn't great work however ive tried numerous times agent keeps changing like every couple responses end getting nowhere next agent misunderstands contradicts previous one also money debited account not normal monthly subscription cost couple times refunded days later without explanation nor chat explain marketed premium service premium cost terrible customer service like providing customer service free app moved elsewhere come spotify get act together finished,75,521
Spotify,Streaming Services,I het it sucks when you don't pay for…,"I het it sucks when you don't pay for it. But it should work at least at a decent level when you literally pay for it every month. It keeps telling you ""no wifi"" when ant other app has wifi, is somehow unable to play downloaded songs without wifi, of at least not without gigadelay. Jeez this is a paid service get ur shit together",1,"July 9, 2026",6a6ba874dac528e0191e1e02,Dries Vanlommel,Negative,331,-1,het sucks don't pay work least decent level literally pay every month keeps telling no wifi ant app wifi somehow unable play downloaded songs without wifi least not without gigadelay jeez paid service get ur shit together,37,221
Spotify,Streaming Services,It just became my default,"I use Spotify almost every day, mostly while I'm working or driving.
Most of the time I don't even make playlists anymore. I start with one song and let it keep going. Sometimes I skip a few tracks, but over time it has got really good at recommending music I actually like. I've found quite a few artists that I probably wouldn't have discovered on my own.
I also like that I can switch between my phone and laptop without thinking about it. Everything just stays where I left it.",5,"July 30, 2026",6a6b2fc33b6685498e30e738,Серафима Преображенская,Positive,481,1,use spotify almost every day mostly working driving time don't even make playlists anymore start one song let keep going sometimes skip tracks time got really good recommending music actually like found quite artists probably wouldn't discovered also like switch phone laptop without thinking everything stays left,47,314
Spotify,Streaming Services,This app is trying to force me to pay and it doesn’t allow me to pick a song because of it,"This app is trying to force me to pay for to listen on what I want and it’s always switching up my songs from my playlist I can’t even pick on what I want to listen to and it’s telling me that I have to pay zero dollars for one month with no ads and then after I have to pay for premium because of it even though I tried my cash app and it declined for no reason, even though I have over 80$",1,"January 21, 2026",6a6ac88eb1be2ec07f8ff22c,Adan Pascual,Negative,391,-1,app trying force pay listen want always switching songs playlist even pick want listen telling pay zero dollars one month no ads pay premium even though tried cash app declined no reason even though 80,35,201
Spotify,Streaming Services,Spotify is honestly the best app on any…,"Spotify is honestly the best app on any of my devices, the personalized sets of playlists each day. I hear something new I love every week, especially New Music Friday and Release Radar. I wish I always had access to all of the music basically ever produced. I forgot how I lived before this app.",5,"July 29, 2026",6a6a56c3e041f34635afce13,Matt Moore,Positive,296,1,spotify honestly best app devices personalized sets playlists day hear something new love every week especially new music friday release radar wish always access music basically ever produced forgot lived app,31,208
Spotify,Streaming Services,Im not a spotify custmer and i keep…,Im not a spotify custmer and i keep having money taken from mh bank account ive just tried to contact them for a refund and there were not helpful what so ever,1,"July 29, 2026",6a6a022d5dce388708229027,Serena Thompson,Negative,159,-1,im not spotify custmer keep money taken mh bank account ive tried contact refund not helpful ever,17,97
Spotify,Streaming Services,Gift Cards no longer,"Since Spotify has stopped offering prepaid gift cards in retail stores, you've left me with no choice but to switch to another music streaming service. I don't want a subscription, and I appreciated having the flexibility to pay with prepaid gift cards.

So, goodbye Spotify. You're not the only option anymore. If more customers who prefer prepaid payments make the same decision, it could affect your ability to attract and retain users.",2,"July 20, 2026",6a691f0bb32b6ff98d7c86aa,G.,Negative,439,-1,since spotify stopped offering prepaid gift cards retail stores left no choice switch another music streaming service don't want subscription appreciated flexibility pay prepaid gift cards goodbye spotify not option anymore customers prefer prepaid payments make decision could affect ability attract retain users,43,313
Spotify,Streaming Services,worst support ever,my account got hacked and i tried contacting support 3 times and everytime i did they just closed conversation after saying they will check it out without any respone worst support ive dealt with in my life and a horrible app too,1,"July 28, 2026",6a68770c7e9b805de48b8809,Lynx,Negative,229,-1,account got hacked tried contacting support 3 times everytime closed conversation saying check without respone worst support ive dealt life horrible app,22,152
Spotify,Streaming Services,Great matching features,"Great app, great search features and music matches. Huge library of music. Not sure where all the hate comes from.",5,"July 6, 2026",6a68482ee424730b6ab19790,J. Aller,Positive,114,1,great app great search features music matches huge library music not sure hate comes,14,84
Spotify,Streaming Services,The Most Horrible and Unstable App Ever Made.,"The most horrible and unstable app on Planet Earth for Windows, Android, and any other Operating System ever made on God's Green Earth. I tried installing 3 different versions on my Windows11 Desktop. Every time it gives me Error 103. I cleared data, Reinstalled, Tried Running as Admininistrator. Cleared and Flushed my DNS, my IP address. Formatted and Fresh installed it again on my Harddive, hell I even got in touch with microsoft Support since it keps telling me my firewall was blocking it but I never changed my settings and even disabled my firewall but nope. Nothing. Every other applicaiton on my desktop is working just fine without a hitch.

I'd rather listen to Elephants Farting than any music track on this Dumpster Fire of an app.",1,"July 28, 2026",6a67b76b4d6a44fc161622ad,Mahesh Daryanani,Negative,747,-1,horrible unstable app planet earth windows android operating system ever made god's green earth tried installing 3 different versions windows11 desktop every time gives error 103 cleared data reinstalled tried running admininistrator cleared flushed dns ip address formatted fresh installed harddive hell even got touch microsoft support since keps telling firewall blocking never changed settings even disabled firewall nope nothing every applicaiton desktop working fine without hitch rather listen elephants farting music track dumpster fire app,76,548
Spotify,Streaming Services,Used to be good not anymore,"Hi
Went on a paid trial and even though I cancelled was still charged for a renewal tired to contact them which was difficult and long and at the end still charged me for a month of service that I won’t be using but they have lost mine and my families business for ever so be careful they are nearly impossible to contact and when you do you wish for hadn’t
Kind regards Debs",1,"July 25, 2026",6a65ed4163689673db3199b4,Debra Carlin,Negative,375,-1,hi went paid trial even though cancelled still charged renewal tired contact difficult long end still charged month service using lost mine families business ever careful nearly impossible contact wish kind regards debs,33,219
Spotify,Streaming Services,Great!,Been using Spotify for quite a long while. Really love it!👍🏻🙂❤️,5,"July 25, 2026",6a643b415ab8e74fa40f071d,Luis,Positive,63,1,using spotify quite long really love,6,36
Spotify,Streaming Services,Had the unfortunate experience of…,Had the unfortunate experience of having profiles across different regions. Asian access and costs are far superior to the nonsense they provide in the west which is thick with limitations and advertising. One of those leech companies we should all make an effort to avoid. There are far superior artist friendly alternatives. Gross.,1,"July 24, 2026",6a6382b46ce7cd58c19efad4,Dan Mason,Negative,333,-1,unfortunate experience profiles across different regions asian access costs far superior nonsense provide west thick limitations advertising one leech companies make effort avoid far superior artist friendly alternatives gross,29,226
Spotify,Streaming Services,I love the selection of musics but…,I love the selection of musics but their treatment of customers on the free plan is atrocious,3,"July 24, 2026",6a63745090b5e08cadded602,Roxanna Piuilla,Neutral,93,0,love selection musics treatment customers free plan atrocious,8,61
Spotify,Streaming Services,smth experience and the free version…,smth experience and the free version works pretty well,5,"July 24, 2026",6a6364ec21ee6aab451dfe64,Elena Ruiz,Positive,54,1,smth experience free version works pretty well,7,46
Spotify,Streaming Services,Worst customer service I have ever come across,"This is the worst customer service I ever encountered. I fell for a three month free trial via the Trainline app. However I didn't use it so cancelled within about six weeks. Got a screen message confirming that I would revert to the free version and thought no more about it until I saw payment taken from my credit card in July. I hadn't even used the service or I guess I would have noticed I was not on the free version. But I was seriously ill in hospital at the time.
I have just wasted nearly an hour trying to find customer service to be told refunds aren't in their policy. Then they offer to cancel now as if they are doing me a favour. An utter disgrace and a cynical way to exploit customers",1,"July 24, 2026",6a6354b9bd13c9d29c7e1a67,annie goodyear,Negative,703,-1,worst customer service ever encountered fell three month free trial via trainline app however didn't use cancelled within six weeks got screen message confirming would revert free version thought no saw payment taken credit card july even used service guess would noticed not free version seriously ill hospital time wasted nearly hour trying find customer service told refunds aren't policy offer cancel favour utter disgrace cynical way exploit customers,69,456
Spotify,Streaming Services,Spotify is the worst listening app…,Spotify is the worst listening app imaginable. If you dont want to pay 14 buck a month and go on free be ready to have an add every 2 songs. I cant even listen to one playlist without having more adds than my actual songs. They treat their free users like trash. Don't install it.,1,"July 23, 2026",6a6258c023e2212b777fa61d,owen,Negative,280,-1,spotify worst listening app imaginable dont want pay 14 buck month go free ready add every 2 songs cant even listen one playlist without adds actual songs treat free users like trash don't install,34,196
Spotify,Streaming Services,really arrogant customer service,"really arrogant customer service. there were problems with the family account, the issue could not be resolved. I do not recommend this to anyone who wants reliability from the service. customer service was directed to India where the person behaved in a disrespectful manner.",1,"July 22, 2026",6a60c700043605330eba74a9,Laatuparkki Asiakaspalvelu,Negative,276,-1,really arrogant customer service problems family account issue could not resolved not recommend anyone wants reliability service customer service directed india person behaved disrespectful manner,25,196
Spotify,Streaming Services,i had a premium family subscription…,"i had a premium family subscription with 6 family members, now they claim that my credit card didn't work,( No problem with my Card anywhere else) they cancelled my family plan, without informing me. and now my only option is a plan for 4 people for the same amount as before. in short a 33% price hike.",1,"July 15, 2026",6a609b7c828f925560e62d83,L,Negative,303,-1,premium family subscription 6 family members claim credit card didn't work no problem card anywhere else cancelled family plan without informing option plan 4 people amount short 33 price hike,30,192
Spotify,Streaming Services,An inconvenient disappointment,"There's a peculiar irony in being told that, as a frequent traveller, I must use a payment method issued in whatever country I happen to find myself in.

One would imagine that a company of Spotify's scale had long since mastered the rather mundane art of accepting payment from customers who occasionally cross borders.

Instead, you've managed to transform a simple subscription into an administrative obstacle course.

It's an inconvenience at best, and an excellent incentive for customers to explore competitors at worst.",1,"July 22, 2026",6a608c2aff53a8ea942e5cf3,Googlethewordcustomer,Negative,526,-1,there's peculiar irony told frequent traveller must use payment method issued whatever country happen find one would imagine company spotify's scale long since mastered rather mundane art accepting payment customers occasionally cross borders instead managed transform simple subscription administrative obstacle course inconvenience best excellent incentive customers explore competitors worst,49,394
Spotify,Streaming Services,Disappointing Recent Updates,"I've been using Spotify for years, and it's usually fantastic, but recent updates are frustrating. The new interface feels cluttered, making it hard to find what I want. Plus, the app crashes more often now. I hope they fix these issues soon.",2,"July 17, 2026",6a5e172d046869924ae5050a,Jaxon Erichson,Negative,242,-1,using spotify years usually fantastic recent updates frustrating new interface feels cluttered making hard find want plus app crashes often hope fix issues soon,24,160
Spotify,Streaming Services,Good music and playlists but Im so…,Good music and playlists but Im so annoyed by advertised music :((,3,"May 6, 2026",6a5de2fe7a7b54318e4b18bb,Phil Dulphy,Neutral,66,0,good music playlists im annoyed advertised music,7,48
Spotify,Streaming Services,La version gratuita es terrible y la…,La version gratuita es terrible y la premium demasiado cara por el servicio. Dinosaurios,1,"July 19, 2026",6a5d6faef6f361bd7e98b54f,Sean Chez,Negative,88,-1,la version gratuita es terrible la premium demasiado cara por el servicio dinosaurios,13,85
Spotify,Streaming Services,Spotify 100% sucks,Spotify 100% sucks! It always stops playing! It's annoying. You would think they would fix it by now with having so many one-star ratings. If I could give it a zero star I would. I'd rather pay for YouTube premium..,1,"July 19, 2026",6a5d0f71db119b3ad561de9b,Crystal Swan,Negative,215,-1,spotify 100 sucks always stops playing annoying would think would fix many one star ratings could give zero star would rather pay youtube premium,24,145
Spotify,Streaming Services,good app,"good app, recommend",4,"July 18, 2026",6a5b802a7123c407e196b822,Aleksandar Ivanov,Positive,19,1,good app recommend,3,18
Spotify,Streaming Services,I was on a run,"I was on a run, like i do every day and all of a sudden the song im listening to cuts out and starts blasting some sort of rap in my ear.When i tried to fix it it got louder so i threw off my headphones and got hit by a car which i could’ve dodged if spotify hadn’t been so shitty, now i am in the hospital with a broken femur all because of spotify.",1,"July 16, 2026",6a599363691525f05910c7ca,dodge,Negative,350,-1,run like every day sudden song im listening cuts starts blasting sort rap ear tried fix got louder threw headphones got hit car could dodged spotify shitty hospital broken femur spotify,31,185
Spotify,Streaming Services,False accounting,Take money from my bank account for a Spotify account which I have never opened. When I ask for my money back they refuse. Abysmal,1,"July 13, 2026",6a5503b3a57e06fb424510e8,John Hardwick,Negative,130,-1,take money bank account spotify account never opened ask money back refuse abysmal,13,82
Spotify,Streaming Services,fffuuuckk Spotify bro,"This app is the most ridiculous thing I have ever dealt with. It constantly randomly likes to log me out and then when I try to log back in it does not cooperate with me what-so-ever. This app is more annoying, frustrating, and idiotic than my husbands parents. I hate this app. I hate everything about it. Just get amazon music. Im so traumatized I felt the need to write this review.",1,"July 11, 2026",6a530b9d8af843fefa91ca63,Makenna,Negative,385,-1,app ridiculous thing ever dealt constantly randomly likes log try log back not cooperate ever app annoying frustrating idiotic husbands parents hate app hate everything get amazon music im traumatized felt need write review,34,223
Spotify,Streaming Services,Ads on a paid plan — I'm out,"I've been paying for Spotify Duo, yet Spotify now injects ads into podcasts on a paid subscription. There is no excuse for showing ads to paying customers — that's the whole point of paying. After 10 years and 373 liked songs, I've migrated my entire library and podcasts to YouTube Music and cancelled my subscription. Trash move, Spotify.",1,"July 9, 2026",6a4f81f72b7a1a87c5bcf479,Matous Hruska,Negative,340,-1,paying spotify duo yet spotify injects ads podcasts paid subscription no excuse showing ads paying customers that's whole point paying 10 years 373 liked songs migrated entire library podcasts youtube music cancelled subscription trash move spotify,36,248
Spotify,Streaming Services,Ads on podcasts,"Ads on podcasts
overpriced",1,"July 9, 2026",6a4f50114bc84e37bdd86650,Anon,Negative,26,-1,ads podcasts overpriced,3,23
Spotify,Streaming Services,so shit i cant even play my music,"so shit i cant even play my music, its super slow on my phone and it has nothing good to offer when not paying, worst music app ever",1,"July 8, 2026",6a4e53706c6fcece1f15d2e2,jen lean,Negative,132,-1,shit cant even play music super slow phone nothing good offer not paying worst music app ever,17,93
Spotify,Streaming Services,Spotify is the worse music app ever,Spotify is the worse music app ever they give you 5+ ads for listening to 2 songs it's not funny at all . Also the 6 skips per hour and you can only pick songs yourself limited amount of times is so freaking stupid. I wish Spotify could see this and go back to the way it was before because the way it is now is horrible. I'm actually thinking of switching to YouTube music,1,"July 7, 2026",6a4d2e9d9034c409892c3b41,Lynn King,Negative,373,-1,spotify worse music app ever give 5 ads listening 2 songs not funny also 6 skips per hour pick songs limited amount times freaking stupid wish spotify could see go back way way horrible actually thinking switching youtube music,39,227
Spotify,Streaming Services,"Verified student still being over charged, no refund.","I verified my account as a student account and should have only been charged 6.99. Instead I got charged 12.99 and when I tried to get a refund, the policy says ""will not refund for charges already paid"". Yeah isn't the whole point of a refund to get your money back? On top of that the FAQ help section is useless and confusing. Under the ""Charged too much"" tab, all it shows is how to view your receipt and THATS IT, does NOT address how to solve getting charged too much. Scummy business and policy. Canceled subscription and looking for alternatives.",1,"July 7, 2026",6a4ca063dd55d0fef2ae1981,Christopher Radik,Negative,554,-1,verified account student account charged 6 99 instead got charged 12 99 tried get refund policy says not refund charges already paid yeah isn't whole point refund get money back top faq help section useless confusing charged much tab shows view receipt thats not address solve getting charged much scummy business policy canceled subscription looking alternatives,56,363
Spotify,Streaming Services,"Spotify is a vGreat for listeners, frustrating for independent artistsery strong platform from…","Spotify is a very strong platform from a listener’s perspective: it is convenient, easy to use, offers a huge music library, and has become one of the main places where people discover and listen to music.

From the perspective of an independent artist, however, my experience is much more disappointing. Spotify gives the impression of reach and visibility, but in practice very little of that turns into real support or sustainable growth. Streams generate extremely low income, older achievements quickly lose visibility, follower numbers feel unstable, and without additional marketing money almost nothing happens.

The problem is not Spotify alone, but the whole system around it. Artists create the music, invest time, money and energy, while platforms, distributors, labels and marketing services benefit far more from the structure. For independent musicians, this can easily become frustrating: you keep working, hoping and investing, but the system rarely gives much back.

For listeners, Spotify is excellent. For independent artists, it can be deeply discouraging, unfair and exhausting.",2,"July 7, 2026",6a4c7db6531ce6cf292262f5,Andre,Negative,1100,-1,spotify strong platform listener perspective convenient easy use offers huge music library become one main places people discover listen music perspective independent artist however experience much disappointing spotify gives impression reach visibility practice little turns real support sustainable growth streams generate extremely low income older achievements quickly lose visibility follower numbers feel unstable without additional marketing money almost nothing happens problem not spotify alone whole system around artists create music invest time money energy platforms distributors labels marketing services benefit far structure independent musicians easily become frustrating keep working hoping investing system rarely gives much back listeners spotify excellent independent artists deeply discouraging unfair exhausting,105,834
Spotify,Streaming Services,Thieves of the music industry,Thieves of the music industry . They steal royalties and streams from artists around the world . Artists only get paid after the first 1000 streams which is a kick in the teeth on all hardworking musicians . They should be sued .,1,"July 6, 2026",6a4b67720dde3a90c8b6a0c9,Satellite,Negative,229,-1,thieves music industry steal royalties streams artists around world artists get paid first 1000 streams kick teeth hardworking musicians sued,20,141
Spotify,Streaming Services,Insane with the ads,"Insane with the ads. I got through TWO songs before I had to listen to FOUR advertisements. I realize this is the free version, but seriously?",1,"July 5, 2026",6a4b194e8f4e40d4b1e2a750,Jess Neff,Negative,142,-1,insane ads got two songs listen four advertisements realize free version seriously,12,82
Spotify,Streaming Services,I love my Spotify and have built it up…,I love my Spotify and have built it up over years. Im now paying for premium without the services and have been for months. There is no way to contact to fix this. How do I fix this as I’ve paid for approx 6 months with no premium.,2,"March 19, 2026",6a485f0a8eb272a82442bcae,Sinnead O'Donnell,Negative,231,-1,love spotify built years im paying premium without services months no way contact fix fix paid approx 6 months no premium,21,121
Spotify,Streaming Services,Spotify makes me mad,Spotify is awful I can’t even choose what song I play anymore and the ads are longer than the songs! It only allows me six skips and won’t let me sign into my family plan GO TO APPLE MUSIC,1,"July 3, 2026",6a481d94b45b402fa7a71a03,Hensley Grothues,Negative,188,-1,spotify awful even choose song play anymore ads longer songs allows six skips let sign family plan go apple music,20,113
Spotify,Streaming Services,I try every single one of the methods I…,"I try every single one of the methods I learn about, yet my songs keep getting skipped no matter what. I might have to switch to Apple Music. It's a good thing I have cds and vinyls though.",1,"July 3, 2026",6a48157ea0e291c786b4f445,Harrison Pewitt,Negative,189,-1,try every single one methods learn yet songs keep getting skipped no matter might switch apple music good thing cds vinyls though,22,129
Spotify,Streaming Services,Kinda aids when you go the app and the…,"Kinda aids when you go the app and the show you a playlist and they show you a completly different list way away from ur music liking? idk, even if you pay the app feels like a complete malware at this point with all the pop ups distubing you from playing the music you acutally want to listen to.",1,"July 3, 2026",6a480b18449db705a89fb32f,Alfons Andersson,Negative,297,-1,kinda aids go app show playlist show completly different list way away ur music liking idk even pay app feels like complete malware point pop ups distubing playing music acutally want listen,32,190
Spotify,Streaming Services,AI music???,"First, they should better compensate the artists who devote so much time to creating their music. Second, they should ban the fake AI-generated artists found on their platform. AI-generated music generates no revenue for artists, yet you pay to listen to it. I wouldn't be surprised if Spotify were inventing these fake artists to fill our playlists. Shame on them.",1,"July 1, 2026",6a458911135e0b728d57522f,jean,Negative,365,-1,first better compensate artists devote much time creating music second ban fake ai generated artists found platform ai generated music generates no revenue artists yet pay listen wouldn't surprised spotify inventing fake artists fill playlists shame,36,249
Spotify,Streaming Services,Cancelled my subscription in April,Cancelled my subscription in April. Randomly got a subscription charge 2 months later July 1. Contacted support two different agents told me two different stories never got a refund. If you cancel your subscription make sure you delete your card. Sketchy ass people,1,"July 1, 2026",6a45789b555ac2a09b7b7d3d,Cara Glorioso,Negative,265,-1,cancelled subscription april randomly got subscription charge 2 months later july 1 contacted support two different agents told two different stories never got refund cancel subscription make sure delete card sketchy ass people,33,227
Spotify,Streaming Services,Loss of all saved music. Again.,"For the 5th time, the payment failed for my premium family account despite me following the instructions from the last very long exchange of messages from the support team. There was no option to pay and reinstate the family account, it reverted to my previous individual account. All of my son's saved music was lost. Again.",1,"July 1, 2026",6a44bec6f85d484b9bbd3743,Jenny Bennett,Negative,325,-1,5th time payment failed premium family account despite following instructions last long exchange messages support team no option pay reinstate family account reverted previous individual account son's saved music lost,30,217
Spotify,Streaming Services,Worst customer experience ever,"Just to change your payment date you have to cancel, wait until the free service starts, then wait again to resubscribe on your preferred payment date!

And worse than that rigmarole- you’ll be bumped back to the £21.99 Family Premium with Audio Books even if you were previously on the £17.99 plan.

A succession of emails from random “Executive Escalation” won’t help you. One even suggested I make sure my payment card had no funds until my preferred payment date so my usual payment would fail until then! That was truly suggested to me as a solution!

😂",1,"June 30, 2026",6a43504408b60cbff5b42487,JC,Negative,558,-1,change payment date cancel wait free service starts wait resubscribe preferred payment date worse rigmarole bumped back 21 99 family premium audio books even previously 17 99 plan succession emails random executive escalation help one even suggested make sure payment card no funds preferred payment date usual payment would fail truly suggested solution,53,354
Spotify,Streaming Services,If there is a option in negative I will…,If there is a option in negative I will prefer it!! But I don't recommend anyone to all to buy Prem and waste af all hardworking money,1,"June 29, 2026",6a42a11e7097149244866cc6,Daksh Kesharwani,Negative,134,-1,option negative prefer don't recommend anyone buy prem waste af hardworking money,12,81
Spotify,Streaming Services,I'm done with the free tier,"I'm done with the free tier. The ads are relentless, every few songs, same handful of irrelevant ads on repeat. If this is ""targeting,"" it's broken.

The part that actually made me write this is that, if you turn the volume down during an ad it pauses (!!!!), then restarts the second you turn it back up. Is this even allowed?

That's not an ad-supported service Spotify, that's just hostile.

I'm not asking for ad-free. But being literally forced to listen to all ads, which are terrible targeted on top of that, so literally not relevant at all, ads up to an experience that feels designed to wear you down until you pay.",1,"June 29, 2026",6a4256fadd8a0a69eb27abee,Anonymous,Negative,625,-1,done free tier ads relentless every songs handful irrelevant ads repeat targeting broken part actually made write turn volume ad pauses restarts second turn back even allowed that's not ad supported service spotify that's hostile not asking ad free literally forced listen ads terrible targeted top literally not relevant ads experience feels designed wear pay,55,360
Spotify,Streaming Services,Do better and let us enjoy our music,"I likeSpotify, however, please add a premium plan as a free option so we don't have to pay to remove your very stupid and annoying ads so rudely interrupt our music and the fact on the current free plan version we only get six skips. Spotify, do better",1,"June 14, 2026",6a41ed1fccd4768e210402e4,Laura Woodward,Negative,252,-1,likespotify however please add premium plan free option don't pay remove stupid annoying ads rudely interrupt music fact current free plan version get six skips spotify better,27,175
Spotify,Streaming Services,peak,seeing the amount of 1 star reviews is frying me bcs idk what drugs ur spotify is on 🥹 i personally LOVE my spotify like it does what it needs to do... all the ai playlists are really annoying me but some of them are actually so funny like why is there a legit playlist called 'the adventures of tung tung tung sahur.' anyway love spotify and im glad that mine isn't tweaking...,5,"June 27, 2026",6a40480dbde3a21ebf5c4a3a,セージ,Positive,378,1,seeing amount 1 star reviews frying bcs idk drugs ur spotify personally love spotify like needs ai playlists really annoying actually funny like legit playlist called 'the adventures tung tung tung sahur ' anyway love spotify im glad mine isn't tweaking,41,253
Spotify,Streaming Services,Shuffle play just plays the same songs…,Shuffle play just plays the same songs all the time and even repeats them! So frustrating and I’ve had to delete certain songs ha that I love because I’m sick of it picking those ones and it’s actually put me off certain songs I used to love!,1,"June 27, 2026",6a3faae30549a46eb0e7659c,Samantha,Negative,242,-1,shuffle play plays songs time even repeats frustrating delete certain songs ha love sick picking ones actually put certain songs used love,22,138
Spotify,Streaming Services,Audio books,Why. Why???? Spotify gives only 15 hours of audio books. Barely can listen one before time cuts off. Yes… adding extra 15 hours/$12.99 is greedy from the company.,2,"June 24, 2026",6a3e9fc2038b62e248bfb441,Marja Khattab,Negative,162,-1,spotify gives 15 hours audio books barely listen one time cuts yes adding extra 15 hours 12 99 greedy company,20,109
Spotify,Streaming Services,Customer service absolutely useless,Customer service absolutely useless. Many hours going round in circles on a webchat. Simple issue still not resolved.,1,"June 25, 2026",6a3d5fd3fcb3093b1f9321a7,Tim France,Negative,117,-1,customer service absolutely useless many hours going round circles webchat simple issue still not resolved,15,106
Spotify,Streaming Services,i was charged for no reason,"i was charged for no reason, with my new card that i never even added. this company refused my refund. never useing this site/app, avoid if you can.",1,"June 22, 2026",6a3be8f8a72d6a6db8a4fb4e,Jamie Cash,Negative,148,-1,charged no reason new card never even added company refused refund never useing site app avoid,16,94
Spotify,Streaming Services,Slop app,"You genuinely hear more ads than actual music, and it doesn't help that it's always the same 5 ""targeted"" ads that have no correlation to you",1,"June 24, 2026",6a3bc80356cc689b704156f1,F T,Negative,141,-1,genuinely hear ads actual music doesn't help always 5 targeted ads no correlation,13,81
Spotify,Streaming Services,Can't log in to reset my password,"tried logging in after months of being away. I can't use my email address as it is a registered member. i was so cool. I try to log in says ""OOPS and some Bullshit""

i can't get to any page wher i can access my detaild to update payment as SPOTIFY wont let me into my own account!!!

ia was needing some music for my morning run. I will choose another provider. SPOTIFY YOU LOST A CUSTOIMER AS I COULD NOT EVEN GET TO RESET MY PASSWORD",1,"June 24, 2026",6a3b50326abfa5a816779faf,Ross Munro,Negative,435,-1,tried logging months away can't use email address registered member cool try log says oops bullshit can't get page wher access detaild update payment spotify wont let account ia needing music morning run choose another provider spotify lost custoimer could not even get reset password,45,284
Spotify,Streaming Services,what's wrong with the laggy music like…,what's wrong with the laggy music like i swear it stays paused for like a whole minute and it only goes back to normal when i go the app its self its just so annoying. Also they decided to think it was a good idea to add 1 AND A HALF MUUNUTE ADDS!!!! like can it get any worse. alr that's all,1,"June 24, 2026",6a3b1288d870888f0ac2d802,tautawtao SV,Negative,292,-1,what's wrong laggy music like swear stays paused like whole minute goes back normal go app self annoying also decided think good idea add 1 half muunute adds like get worse alr that's,33,183
Spotify,Streaming Services,Terrible cancellation procedure and the…,Terrible cancellation procedure and the free option plays the same few songs on my 400 liked songs,1,"June 22, 2026",6a3ae0a045ba43502c082d21,t anthony,Negative,98,-1,terrible cancellation procedure free option plays songs 400 liked songs,10,71
Spotify,Streaming Services,Spotify struggles in the free version,"Unfortunately, Spotify is not the best (in the free version). In the free version I somehow can't use repeat which I love doing on my MacBook, you can't use repeat on mobile for some reason. Don't know if it's just my mobile phone or everybody else's phone. Sometimes when I create a music playlist it will always just play a different song in the middle of playing a playlist that's not relevant to the song's added in the playlist. Oh, and also one time it promised to play 2 ads but instead played 3. Use apple music instead.",1,"June 21, 2026",6a3725fbc6ec179ab208d70c,Zion Rietkerk,Negative,528,-1,unfortunately spotify not best free version free version somehow can't use repeat love macbook can't use repeat mobile reason don't know mobile phone everybody else's phone sometimes create music playlist always play different song middle playing playlist that's not relevant song's added playlist oh also one time promised play 2 ads instead played 3 use apple music instead,58,375
Spotify,Streaming Services,What is this edit system I can't move…,What is this edit system I can't move my songs anymore in my playlists like what is this new update I'm starting to think if I want to swap to a different app now because of this it's just pissing me off now,2,"June 20, 2026",6a36b3c917c6483594b71bb2,Richard Joseph,Negative,207,-1,edit system can't move songs anymore playlists like new update starting think want swap different app pissing,17,109
Spotify,Streaming Services,Too many ads,"I think it is unfair you get an ad after almost every song. There are simply too many ads. It is particularly unfair for kids, why should a child have to suffer so many advertisements. Paying for premium is too expensive. I just think free should have less ads, like maybe one every 5 songs.",1,"June 20, 2026",6a36aa03a64c81d088c74dc3,Drap,Negative,291,-1,think unfair get ad almost every song simply many ads particularly unfair kids child suffer many advertisements paying premium expensive think free less ads like maybe one every 5 songs,30,185
Spotify,Streaming Services,Worst customer service ever,Worst customer service ever - struggled to get online rather then app to cancel the free trial and then was charged and finally they replied and said they wouldn’t refund as given plenty of notice within the trial to cancel - explained I couldn’t access account as email didn’t work and could renew password and had reached out to them prior and no response - I even escalated the complaint twice and told no refund as my fault,1,"June 20, 2026",6a3638369cc68257ba5f0e30,Mark Hughes,Negative,427,-1,worst customer service ever struggled get online rather app cancel free trial charged finally replied said refund given plenty notice within trial cancel explained access account email work could renew password reached prior no response even escalated complaint twice told no refund fault,43,288
Spotify,Streaming Services,Password change = no access to account,"I changed my password, now i cant login for 24h, if i want to contact customer service i need to login ...WTF!!Insane that huge companies like spotify have the freedom of doing wathever they want to their customers",1,"June 19, 2026",6a3541091eb688b208f68363,Florent Colin,Negative,214,-1,changed password cant login 24h want contact customer service need login wtf insane huge companies like spotify freedom wathever want customers,21,143
Spotify,Streaming Services,Worst customer service I’ve ever experienced …,"Money out of your bank account and then tell you it’s your fault. You’re better off, listening to AM/FM radio. I will never allow this app to be on my phone again nor any of my Childrens phones. There are thieves who make billions of dollars off of your minimum wage. Swallow that pill and tell me it tasted good.",1,"June 18, 2026",6a346d37b50fc15a0e5ef9e4,Casie,Negative,313,-1,money bank account tell fault better listening fm radio never allow app phone nor childrens phones thieves make billions dollars minimum wage swallow pill tell tasted good,27,171
Spotify,Streaming Services,Prices of the subscription went sky…,Prices of the subscription went sky high in the last year also the app still doesnt support loseless audio.,3,"June 17, 2026",6a32d45432f9109b54a74d99,İBRAHİM İSTEMİN,Neutral,107,0,prices subscription went sky high last year also app still doesnt support loseless audio,14,88
Spotify,Streaming Services,Recently Had a Playlist with multiple…,Recently Had a Playlist with multiple songs and came back to that same Playlist and more than half my songs were deleted/gone of my Playlist! Anyone else face the same problem? Its happened in the past before. Well tried to get with customer service and trust me that was a shit show! There's no explaining anything to them whatsoever! Nothing was resolved and now I have to make sure to screen shot my Playlist so I can recover manually I guess. Spotify use to be the shit!! Now its just shit lol. Guess gonna try out another music app. Rip old school Spotify.,1,"June 16, 2026",6a32af4bbce9f0ee14cdf272,Gabriel Rivas,Negative,561,-1,recently playlist multiple songs came back playlist half songs deleted gone playlist anyone else face problem happened past well tried get customer service trust shit show there's no explaining anything whatsoever nothing resolved make sure screen shot playlist recover manually guess spotify use shit shit lol guess gonna try another music app rip old school spotify,56,367
Spotify,Streaming Services,Absolutely terrible app,Absolutely terrible app. Spotify seems to think editing music to suit their agenda is something they can do *Ahem* Jamiroquai's music has been severely edited.,1,"June 15, 2026",6a305f190bc16c96efeed46f,Breeze Ever Flowing,Negative,159,-1,absolutely terrible app spotify seems think editing music suit agenda something ahem jamiroquai's music severely edited,16,119
Spotify,Streaming Services,its so trash ads every 2 seconds,its so trash ads every 2 seconds,1,"June 14, 2026",6a2f291f3cf356edc4bfba9c,Darsh A,Negative,32,-1,trash ads every 2 seconds,5,25
Spotify,Streaming Services,bruh,"bro, the songs won't even play 💀",1,"June 13, 2026",6a2e24a429ba834b71eeb643,James Isaac Evans,Negative,32,-1,bro songs won't even play,5,25
Spotify,Streaming Services,Terrible people and service.,"I couldn't change the email to the account to my new one, I couldn't use the first one because I no longer had access to it. I somehow figured my password out and put the email in but when I went to change the email it just kept repeating ""Something went wrong please try again"" and honestly spotify is so greedy. The owners are terrible people too.",1,"June 13, 2026",6a2e23e503f82823e5ab4f79,Ava Streets,Negative,349,-1,couldn't change email account new one couldn't use first one no longer access somehow figured password put email went change email kept repeating something went wrong please try honestly spotify greedy owners terrible people,34,224
Spotify,Streaming Services,I was just tryna listen to music and as…,"I was just tryna listen to music and as soon as I get on the app I get 5 adds that are all 30 seconds and not even 5 minutes later I get 5 more adds and then yall have the audacity to not let me choose my songs and instead say,”songs get chosen in random order”,fix this horrible app that’s why your ratings are horrible and Apple Music is better.SMH",1,"June 13, 2026",6a2d88692862eb2e3d8897ba,Anonymous,Negative,350,-1,tryna listen music soon get app get 5 adds 30 seconds not even 5 minutes later get 5 adds yall audacity not let choose songs instead say songs get chosen random order fix horrible app ratings horrible apple music better smh,41,223
Spotify,Streaming Services,"neglect towards long standing bugs, profit maximization costing users greatly","• i pay the full price, but my region is overlooked and half the features are not available (video podcasts, audio books, etc)
• there is a bug where the app quits suddenly during podcasts. it has been there for a while, and i'm forced to fiddle with the web player
• and the profit maximizing strategies designed to squeeze out ever single coin they can without addressing the issues plaguing their service for years",1,"June 1, 2026",6a2ce496f57e7460db98c8bf,Davronbek Normamatov,Negative,417,-1,pay full price region overlooked half features not available video podcasts audio books etc bug app quits suddenly podcasts forced fiddle web player profit maximizing strategies designed squeeze ever single coin without addressing issues plaguing service years,37,260
Spotify,Streaming Services,Bad Design,"Slow launching, not allowing to share liked songs, not being able to copy and paste lists of songs.",1,"June 11, 2026",6a2b306d29938d1495d03924,Katherine “KitKat”,Negative,99,-1,slow launching not allowing share liked songs not able copy paste lists songs,13,77
Spotify,Streaming Services,I tried to subscribe to Spotify and it…,"I tried to subscribe to Spotify and it replied saying that I ""didn't meet their age requirements."" Since I'm over 50 years old, I can't get an answer as to, how old is too old for Spotify? Since I am clearly not too young. I got sent to a robo chat to inquire as when are you too old for Spotify? I balked when they wanted my CC number to charge m $5 to talk to a technician. I've lived this long without Spotify, so I guess I'll be good living out my remaining continuing to do without.",1,"June 10, 2026",6a2b229316e186397ff115e4,Dave Kubesh,Negative,487,-1,tried subscribe spotify replied saying didn't meet age requirements since 50 years old can't get answer old old spotify since clearly not young got sent robo chat inquire old spotify balked wanted cc number charge 5 talk technician lived long without spotify guess good living remaining continuing without,48,305
Spotify,Streaming Services,Insatiable vultures with full bellies.,"Embarrassing. Years ago, I accepted not being able to use the free version for phones because it was too limited, and I settled for the compromise that on PC the service had no limits and was free. Today, that's not the case, at least not directly because you pay with patience. Literally 4 ads for every 2 songs. As soon as I open the app after listening to a song, the ""commercial break"" starts. Yes, thank you so much for the ""break."" I really needed it after 3 minutes of listening. You've completely failed in the compromise of offering a free service with ads. Remove the free version completely, you'll make a better impression. If you hadn't shown me that you were totally undeserving, I might even have subscribed sooner or later, but now I wouldn't do it even if it were the last music platform on earth. would be like feeding vultures with a belly that's already bursting. But you don't care anyway, you're too big to even read this review, good for you.",2,"June 11, 2026",6a2a002cd916ea0947a5a1c3,Xensho Games,Negative,965,-1,embarrassing years ago accepted not able use free version phones limited settled compromise pc service no limits free today that's not case least not directly pay patience literally 4 ads every 2 songs soon open app listening song commercial break starts yes thank much break really needed 3 minutes listening completely failed compromise offering free service ads remove free version completely make better impression shown totally undeserving might even subscribed sooner later wouldn't even last music platform earth would like feeding vultures belly that's already bursting don't care anyway big even read review good,94,621
Spotify,Streaming Services,Price Increases For Terrible Quality Apps,"They keep increasing the freaking subscription monthly but do nothing about the unstable pc app that needs to be reinstalled ALL THE TIME!
Cannot wait to unsubscribe.",1,"June 10, 2026",6a29db27e1d00687cf597bdc,D.......,Negative,166,-1,keep increasing freaking subscription monthly nothing unstable pc app needs reinstalled time cannot wait unsubscribe,15,116
Spotify,Streaming Services,There’s no help on the support bot…,"There’s no help on the support bot chat,

God help me get my premium back.",1,"June 10, 2026",6a29c9b0c78288e5651ebd96,R K,Negative,74,-1,no help support bot chat god help get premium back,10,50
Spotify,Streaming Services,i paid for 1 year full offical payment…,i paid for 1 year full offical payment and they disabled account and no refund,1,"May 20, 2026",6a292fc9a17203969433e15c,Funke Fal,Negative,78,-1,paid 1 year full offical payment disabled account no refund,10,59
Spotify,Streaming Services,They have been charging my account…,"They have been charging my account since ,Sept 2025, for my dead husbands account,without pemission, Im not inpressed",1,"June 10, 2026",6a2919a2f8fb5c0dacda64d6,Angie Dalby,Negative,117,-1,charging account since sept 2025 dead husbands account without pemission im not inpressed,13,89
Spotify,Streaming Services,Premium member - Spotify has lost the plot!,"Premium member - Spotify has lost the plot!
Spotify used to be brilliant, but lately, it refuses to play my choices in my order, always lands up going to some Spotify determined order and excludes many songs from my chosen playlist and adds whatever it decides I like...
No way to clear the queue, option is not available.
I am in the process of duplicating my playlists in Apple Music, once done i will be unsubscribing from Spotify.",1,"June 10, 2026",6a28a40b70e9233bc1267e8a,Michael Gough,Negative,434,-1,premium member spotify lost plot spotify used brilliant lately refuses play choices order always lands going spotify determined order excludes many songs chosen playlist adds whatever decides like no way clear queue option not available process duplicating playlists apple music done unsubscribing spotify,43,305
Spotify,Streaming Services,Subscription Nightmares!,"With annual subscription about to expire I signed up to switch to a monthly plan with a start date 10 days away.
Instead, the switch happened immediately and I lost the remaining days of my annual sub including the audiobook hours I’d paid for. No suggestion this would happen when I applied for the switch.
Been through a torturous process with Customer Support to try and resolve . The responses I was getting were just idiotic, I honestly thought at times it was a chatbot it was that bad.
Having been told there was nothing they could do I asked for the email of an executive so I could escalate. I chased them 3 times for this!
I was then offered a £5.50 refund. A meaningless sum in the scheme of things but just shows if you don’t keep pushing these so and so’s they will just fob you off.
All they had to was say sorry and fix it first time of asking.
If I wasn’t such a big fan of the product I’d be off elsewhere.",1,"June 9, 2026",6a2896d1192a06d4d10d97e1,DG,Negative,923,-1,annual subscription expire signed switch monthly plan start date 10 days away instead switch happened immediately lost remaining days annual sub including audiobook hours paid no suggestion would happen applied switch torturous process customer support try resolve responses getting idiotic honestly thought times chatbot bad told nothing could asked email executive could escalate chased 3 times offered 5 50 refund meaningless sum scheme things shows keep pushing fob say sorry fix first time asking big fan product elsewhere,78,527
Spotify,Streaming Services,Wish I could give a 0,"Can’t access an old Facebook email, so messaged support asking for help as that was how I logged in to Spotify. After being transferred to a ‘specialist’ I was told that my account ‘has been disabled due to security reasons and we can't reactivate it’. When I asked what the security reason was and if my data was possibly breached I was told ‘We don't have any more information to share, but we'll be here if you need help with anything else. I'm afraid this isn't something customer service can help with. Unless you have a technical or payment issue, I'll be ending this chat’
Absolute ass response. 2026 customer service for you.",1,"June 8, 2026",6a26a2c0e27da13a9193d156,Lyssa Kramer,Negative,633,-1,access old facebook email messaged support asking help logged spotify transferred specialist told account disabled due security reasons can't reactivate asked security reason data possibly breached told don't information share need help anything else afraid isn't something customer service help unless technical payment issue ending chat absolute ass response 2026 customer service,52,382
Spotify,Streaming Services,Have ah paid subscription since some…,"Have ah paid subscription since some years to listen to music and podcasts. Since some months the advertising has gone through the roof. Often as many as 21 commercials in one podcast of 1,5 hour!!! It makes listening to podcasts unbearable, and I came to dislike ( and I express that lightly) those who advertise there like ikea and shopify. Will never go to those businesses again after being overdosed this extreme in the last months. What’s the point of this????? Do Spotify and IKEA really think this saturation approach works? Come on?! Will end my paid subscription here and now.",1,"June 8, 2026",6a264e58699cf73a4e3db9c9,Duur,Negative,586,-1,ah paid subscription since years listen music podcasts since months advertising gone roof often many 21 commercials one podcast 1 5 hour makes listening podcasts unbearable came dislike express lightly advertise like ikea shopify never go businesses overdosed extreme last months point spotify ikea really think saturation approach works come end paid subscription,53,364
Spotify,Streaming Services,to many fn commercials every other…,to many fn commercials every other song or every song worse then the radio airwaves or getting close,2,"June 7, 2026",6a2581e05d57b55384deeef4,Hurbert Timmons,Negative,100,-1,many fn commercials every song every song worse radio airwaves getting close,12,76
Spotify,Streaming Services,Charged without a reminder and difficult refund process,"I was surprised to be charged for Spotify Premium because I did not receive a reminder before the renewal. When I tried to cancel and request a refund, the process was confusing and it was not immediately clear who was handling the billing. I think customers should receive a clear reminder before renewal and have an easier way to manage cancellations and refunds",1,"June 5, 2026",6a2419b9cfca0d1a644f8442,FERNANDA MIHINS,Negative,364,-1,surprised charged spotify premium not receive reminder renewal tried cancel request refund process confusing not immediately clear handling billing think customers receive clear reminder renewal easier way manage cancellations refunds,30,234
Spotify,Streaming Services,Just a general review of how Spotify works and how it affects people’s usage of it.,"Everytime you stop me from playing the tracks I want only I shut the app down and go and listen to music on other app.

The reason I still keep using your app and not get rid of it, is because I like the layout and functionality, but as soon as I can’t listen to the songs I want to listen to, you lose me a a customer (to watch your adverts that you get income from) for the rest of that day until the metrics reset.

You really need to change your business model if you want to increase your revenue, focusing on keeping non-paying customers on your app for longer and you’ll increase your advertising revenue.",2,"June 5, 2026",6a22ebdcbe9feb9da6f32a1c,Paul Riley,Negative,612,-1,everytime stop playing tracks want shut app go listen music app reason still keep using app not get rid like layout functionality soon listen songs want listen lose customer watch adverts get income rest day metrics reset really need change business model want increase revenue focusing keeping non paying customers app longer increase advertising revenue,55,355
Spotify,Streaming Services,So you add more of useless features,"So you add more of useless features, while app's performance degrades and bugs multiply. Priorities.",1,"June 5, 2026",6a22da915350b2e3b1c59a1f,Locab,Negative,100,-1,add useless features app's performance degrades bugs multiply priorities,9,72
Spotify,Streaming Services,Impossible to talk to a person!,"Spotify is double charging me. They put charges on my credit card two weeks in a row. It is absolutely impossible to talk with a real person. You get robot answers and they are ridiculous. Spent a load of time online trying to straighten out the problem with no success! To stop them, I have to close down my credit card and get issued a new one. Buyer beware!!",1,"June 4, 2026",6a22d4d50a8b464100c755d2,Terry Hirt,Negative,361,-1,spotify double charging put charges credit card two weeks row absolutely impossible talk real person get robot answers ridiculous spent load time online trying straighten problem no success stop close credit card get issued new one buyer beware,38,244
Spotify,Streaming Services,AI generated garbage galore,"I used to love Spotify, and discovering new music. Now? My recommendations are constantly flooded with AI generated shit I don't want to ever hear. There is no way to block it. I don't want to need to do research instead of relaxing and enjoying. Time to find a new music app.",1,"June 4, 2026",6a21ac2ff7da69a8da47fc52,Mahogi,Negative,276,-1,used love spotify discovering new music recommendations constantly flooded ai generated shit don't want ever hear no way block don't want need research instead relaxing enjoying time find new music app,31,201
Spotify,Streaming Services,Spotify Is Getting Worse,"As a Spotify user of several years the app is becoming increasingly frustrating.
It repeatedly pauses during play, plays tunes that haven't been selected and generally seems sluggish.
Ant queries to Spotify are met with the usual ""uninstall/reinstall"" reply.
I also still have to listen to adverts on podcasts despite paying for premium.
The service has been deteriorating for quite some time and I'm now actively looking at other options.",1,"June 4, 2026",6a2150a4b201fd78c179be1b,Scott Brown,Negative,439,-1,spotify user several years app becoming increasingly frustrating repeatedly pauses play plays tunes selected generally seems sluggish ant queries spotify met usual uninstall reinstall reply also still listen adverts podcasts despite paying premium service deteriorating quite time actively looking options,40,305
Spotify,Streaming Services,"Be very careful,they have no way of…","Be very careful,they have no way of stopping you getting scammed.",1,"June 4, 2026",6a20c72cd1881e845f1f9322,Philip Tilsley,Negative,65,-1,careful no way stopping getting scammed,6,39
Spotify,Streaming Services,What I can only describe as a virus,"What I can only describe as a virus, have since terminated my subscription.
Continually plays in the background despite turning off!.

When using earbuds listening to anything you only have to randomly touch buds and discover Spotify playing in the background.

Extremely annoying.",1,"June 3, 2026",6a209b1671751580dafa3980,TL,Negative,281,-1,describe virus since terminated subscription continually plays background despite turning using earbuds listening anything randomly touch buds discover spotify playing background extremely annoying,23,197
Spotify,Streaming Services,frustration with the current state of Spotify’s ad-supported tier,"I am leaving this review to express my deep frustration with the current state of Spotify’s ad-supported tier. While I understand that ads are a necessary component of a free service, the current implementation has become incredibly invasive. I am being subjected to the same promotional advertisements for specific albums 24/7, which has completely ruined the listening experience and made the platform feel more like a forced marketing channel than a music player.

As a listener who cannot currently afford the monthly cost of a premium subscription, I feel trapped by the aggressive ad flow. I should not be forced to listen to content that is completely outside of my musical taste on a constant loop. The lack of variety in the advertisement rotation makes the app feel repetitive and stifling, significantly degrading the quality of time I spend trying to enjoy music on the platform.

I hope the developers reconsider this strategy of saturating the free tier with such repetitive and unavoidable promotions. There needs to be a balance between monetization and the basic functionality of the app. Until the frequency and the intrusive nature of these specific artist promotions are addressed, I cannot recommend this app to anyone looking for an enjoyable, personalized listening experience.",1,"June 3, 2026",6a2083fe6cf0f3057ce63d01,diana lives,Negative,1300,-1,leaving review express deep frustration current state spotify ad supported tier understand ads necessary component free service current implementation become incredibly invasive subjected promotional advertisements specific albums 24 7 completely ruined listening experience made platform feel like forced marketing channel music player listener cannot currently afford monthly cost premium subscription feel trapped aggressive ad flow not forced listen content completely outside musical taste constant loop lack variety advertisement rotation makes app feel repetitive stifling significantly degrading quality time spend trying enjoy music platform hope developers reconsider strategy saturating free tier repetitive unavoidable promotions needs balance monetization basic functionality app frequency intrusive nature specific artist promotions addressed cannot recommend app anyone looking enjoyable personalized listening experience,115,936
Spotify,Streaming Services,unexpected loudness,"unexpected loudness, obtained tinnitus",1,"June 3, 2026",6a205bd8cbbb40945ae7c0e6,Bohdan Zakhoda,Negative,38,-1,unexpected loudness obtained tinnitus,4,37
Spotify,Streaming Services,Why Am I Paying for Premium?,"I’ve been a Spotify Premium subscriber for quite a while, and overall I’ve never had issues with my payments, billing, or music streaming experience. Compared to some of the reviews I’ve seen from other users, my account itself has functioned well.
 However, my biggest frustration is with podcasts and the way ads are still delivered throughout episodes, even while paying for Premium.
I understand the difference between Spotify platform ads and ads embedded directly by podcast creators, but from a customer perspective, “Premium” and “ad-free” create the expectation of uninterrupted listening. Instead, podcast episodes are still constantly interrupted by host-read sponsorships and promotional segments.
 Music playback is mostly excellent, but the podcast experience feels misleading when paying customers still have to manually skip through ads and sponsored interruptions. If Spotify markets Premium as an ad-free experience, there should be clearer communication about what that actually means for podcast listeners.
 I’m not asking for perfection. I just want the uninterrupted listening experience I believed I was paying for.",2,"June 2, 2026",6a1ef2ef49a4c1fc14439f05,S. Shiver,Negative,1138,-1,spotify premium subscriber quite overall never issues payments billing music streaming experience compared reviews seen users account functioned well however biggest frustration podcasts way ads still delivered throughout episodes even paying premium understand difference spotify platform ads ads embedded directly podcast creators customer perspective premium ad free create expectation uninterrupted listening instead podcast episodes still constantly interrupted host read sponsorships promotional segments music playback mostly excellent podcast experience feels misleading paying customers still manually skip ads sponsored interruptions spotify markets premium ad free experience clearer communication actually means podcast listeners not asking perfection want uninterrupted listening experience believed paying,99,819
Spotify,Streaming Services,I have given up on Spotify,"I have given up on Spotify because, rather than providing customer service, they give you the runaround with prescribed questions about problems and no response to the actual problem you are having with the site. I pay for premium but constantly get ads. After trying to get through to them to solve this I decided to stop wasting my time.",1,"June 1, 2026",6a1e6bad5ee42e92913e5da4,Laura Burges,Negative,339,-1,given spotify rather providing customer service give runaround prescribed questions problems no response actual problem site pay premium constantly get ads trying get solve decided stop wasting time,28,198
Spotify,Streaming Services,TOO MANY ADS.,"They used to add ads in there in-between moment when you switch to a new song, understandable because at the end of the day, spotify is a business. I listen to a song on repeat and never have any ad. But today THEY ACTUALLY DO IT WHICH IS SO DIABOLICAL. 1 STAR, DELETED.",1,"June 1, 2026",6a1cae5a54584604c623a69b,Lê Quang Vinh,Negative,270,-1,used add ads moment switch new song understandable end day spotify business listen song repeat never ad today actually diabolical 1 star deleted,23,144
Spotify,Streaming Services,We not want russian music in our list !!!,"You guys should stop so agresivly put kacap language music in my listenings shuffle.
I never listened russian language music, never liked it, but somehow spotify want me to listen this trash.",2,"May 31, 2026",6a1c91f1a187a135bfd05874,Nerijus,Negative,191,-1,guys stop agresivly put kacap language music listenings shuffle never listened russian language music never liked somehow spotify want listen trash,21,147
Spotify,Streaming Services,Spotify used to be actually good.,"Spotify used to be actually good.
Since they started using AI to write their code instead of human programmers (around the end of 2025) the app has become borderline unusable. Showing that you’re offline despite having a stable internet connection, deleting songs from your liked playlist, getting rid of the songs and playlists you’ve downloaded, being PHYSICALLY UNABLE to click on a song along with general glitching, buffering and the music not playing once you exit the app sometimes. If any Spotify executives actually care to listen to the people paying the egregious $12.99 a month for their equally substandard app they will realise how awful it actually has become. To those executives: you have been in an ass and seen shit. You wonder why people keep complaining about your app for months now despite not doing anything for your consumers and everything for the pro-AI millionaires whose balls you suckle for the mere concept of extra profit. Do you think that a poorly trained AI will be better than a professional who has spent years perfecting their knowledge and skills? Do you think that upon your app disintegrating into nothing more than unusable slop your consumers, your clients who you seem to care less than your used toilet paper about, will continue to support you?
Stop putting investors and the prospect of profit above the people who pay your wages, man.

Awful app. The only reason i still use it is because of how many playlists i have and the futile hope that the AI bubble bursts and it’ll be back to how it once was.",1,"May 31, 2026",6a1c8103adf0617b3ec6b1fb,Mąż Lodówki,Negative,1549,-1,spotify used actually good since started using ai write code instead human programmers around end 2025 app become borderline unusable showing offline despite stable internet connection deleting songs liked playlist getting rid songs playlists downloaded physically unable click song along general glitching buffering music not playing exit app sometimes spotify executives actually care listen people paying egregious 12 99 month equally substandard app realise awful actually become executives ass seen shit wonder people keep complaining app months despite not anything consumers everything pro ai millionaires whose balls suckle mere concept extra profit think poorly trained ai better professional spent years perfecting knowledge skills think upon app disintegrating nothing unusable slop consumers clients seem care less used toilet paper continue support stop putting investors prospect profit people pay wages man awful app reason still use many playlists futile hope ai bubble bursts back,142,997
Spotify,Streaming Services,Horrible - avoid,Worst 'customer service' experience EVER!!,1,"May 28, 2026",6a1877857db1b487122ace97,Kay,Negative,42,-1,worst 'customer service' experience ever,5,40
Spotify,Streaming Services,Absolutely terrible service,"Absolutely terrible service. Half the time it just tells you it can't load and requests you to go to offline mode, despite full cell and Internet service, and when it doesn't do that, it just drops songs/podcasts.
I refuse to pay for this service. Use YouTube Premium instead. Much better product for your hard earned dollar.",1,"May 28, 2026",6a185da35d7aefd4a3a1a9bd,Nicholas Smatavicius,Negative,325,-1,absolutely terrible service half time tells can't load requests go offline mode despite full cell internet service doesn't drops songs podcasts refuse pay service use youtube premium instead much better product hard earned dollar,34,229
Spotify,Streaming Services,Every time I click my song it does not…,"Every time I click my song it does not work and this has been going on for over 2 weeks, YouTube is better then this. Please fix this problem or I think I may not use it.",2,"May 12, 2026",6a17655e679afa2bb2a6e8f1,AGNA PATEL,Negative,170,-1,every time click song not work going 2 weeks youtube better please fix problem think may not use,18,96
Spotify,Streaming Services,Zero stars with all these ads after…,Zero stars with all these ads after each song,1,"May 27, 2026",6a16f41e073bdf0a7735bd2c,Mohammed Magdi,Negative,45,-1,zero stars ads song,4,19
Spotify,Streaming Services,No repeatation of songs,"Used to open spotify while working every single day.Now they won't even let me repeat songs properly ,so iam now using split screen and listening songs from YouTube at this point spotify feels completely useless to me",1,"May 27, 2026",6a16c949cd2c6c5e77a8d529,Palla Sravanthi,Negative,217,-1,used open spotify working every single day won't even let repeat songs properly iam using split screen listening songs youtube point spotify feels completely useless,25,165
Spotify,Streaming Services,The worst support i have seen,"The worst support i have seen in my life. I bought a subscription, it charged my card but didn't gave me the premium functionality. I reached out to the support, they took an hour but didn't came up with any solution. Kept me on hold for more than an hour and finally I have to demand for the refund. When I asked for the refund they said your money didn't got paid, you'll get the refund. It is showing in my Spotify account that my money is paid and even in my card from which I paid. The support people name was April J, Hager E., Argyl S.",1,"May 27, 2026",6a16330e6ffc1b870e4df2b2,Rishabh Sharma,Negative,542,-1,worst support seen life bought subscription charged card didn't gave premium functionality reached support took hour didn't came solution kept hold hour finally demand refund asked refund said money didn't got paid get refund showing spotify account money paid even card paid support people name april j hager e argyl,50,317
Spotify,Streaming Services,Low streaming quality,"Just retried a Spotify Premium subscription after exclusively using Apple Music for almost one year, and I'm shocked at the low fidelity of the music. Very low quality compared to Apple Music and not competitive at all on pricing.",1,"May 26, 2026",6a15b818b2a69a12ee5879ba,Pires,Negative,230,-1,retried spotify premium subscription exclusively using apple music almost one year shocked low fidelity music low quality compared apple music not competitive pricing,23,166
Spotify,Streaming Services,Doesnt even let me select a song,"This app is trash. I went to school, And when i got back, And selected a song, It said ""Choose a song to play tomorrow."" And i needed premium to select a song. If i didnt, It just plays a random song from the playlist. This app is actually trash.",1,"May 26, 2026",6a1590277ecaf90b412033dd,karl,Negative,246,-1,app trash went school got back selected song said choose song play tomorrow needed premium select song didnt plays random song playlist app actually trash,25,154
Spotify,Streaming Services,"""Recommended"" songs now?","The app is horrid. You can pick what songs you want on the computer but not on the app??? Nobody goes to online music over radio to only be allowed to hear their music on shuffle. It's bad enough I have to listen to commercials, but to have to listen on shuffle is adding insult to injury. And the subscription price is way more money than it's worth. Now they add even more insult to injury by forcing songs on you that aren't even on the chosen playlist marking them as ""recommended"". If I want your recommendation I'll ask for it!! Spotify is sinking and I'm jumping ship.",1,"May 25, 2026",6a14ccc2b6683a480464b91a,for your order,Negative,575,-1,app horrid pick songs want computer not app nobody goes online music radio allowed hear music shuffle bad enough listen commercials listen shuffle adding insult injury subscription price way money worth add even insult injury forcing songs aren't even chosen playlist marking recommended want recommendation ask spotify sinking jumping ship,50,340
Spotify,Streaming Services,Great app,"Great app, but paid version, free version has too many ads and destroys the sense of music.",3,"May 25, 2025",6a1446a78261c53422a504a0,john lee,Neutral,91,0,great app paid version free version many ads destroys sense music,11,65
Spotify,Streaming Services,why do they only have 2 stars,why do they only have 2 stars? Spotify is one of the best products in the world!!,5,"May 23, 2026",6a12a9f0dba01a43b391bb80,P. Matthew,Positive,81,1,2 stars spotify one best products world,7,39
Spotify,Streaming Services,Love the family account,"Love the family account, my 4 children can also enjoy their playlists",4,"May 16, 2026",6a12a4dfe72b1f53fccf094d,LLL,Positive,69,1,love family account 4 children also enjoy playlists,8,51
Spotify,Streaming Services,Was a paid customer but AI slop isn't what i paid for.,"Been paying for a decade with zero issues but woke up 2 days ago to my homepage just being AI slop playlists. When i contacted customer support they told me it was a glitch and put me through 7 hours and 18 advisors telling me to uninstall/reinstall/clear cache/check the laptop version/it's a problem with my phone/make a new account. I asked several times if it was just their new look but was told no, it's a problem. After 7 hours yet another advisor told me it was their new update. I cancelled then and there. Don't waste my whole day telling me it's a glitch then admit it's your new AI slop update.",1,"May 21, 2026",6a11de3c4756acc96baeda1f,E. F.,Negative,606,-1,paying decade zero issues woke 2 days ago homepage ai slop playlists contacted customer support told glitch put 7 hours 18 advisors telling uninstall reinstall clear cache check laptop version problem phone make new account asked several times new look told no problem 7 hours yet another advisor told new update cancelled don't waste whole day telling glitch admit new ai slop update,63,384
Spotify,Streaming Services,Price gouging at its best,"Price gouging at its best. No notification of price increases, which are unwarranted, and no authorization required to charge you more money. The music distribution is subpar. Unable to play family sharing across multiple access points at the same time. Choose another music source.",1,"May 22, 2026",6a1123aa7c1a1cfc281be4d6,Kelly,Negative,282,-1,price gouging best no notification price increases unwarranted no authorization required charge money music distribution subpar unable play family sharing across multiple access points time choose another music source,29,217
Spotify,Streaming Services,SERVICE IS ANATHEMA TO SPOTIFY!,"Once one has paid its high-end subscription fees for so-called ""Premium"", and spent days browsing YouTube and various AIs to learn how to use its complex and difficult tech, let alone get your money's worth out of Spotify, you are left entirely on your own.

SERVICE IS ANATHEMA TO THIS CROWD!

*Emails are never replied to.
*The chatbot is an utter waste of time & effort flinging out stock, off-the-shelf guesses.
*Humans try to resolve, but are completely at sea.
*Months of back & forth will leave you wanting.
*Each interaction will gobble up at least three hours of your time at enormous effort - without resolution.
*You cannot get your costly account or ""library"" to synchronize across various devices.
*Even the so-called ""Community"" cannot resolve many issues.
*You are doggedly ignored on social media - @Spotify & offshoots on X.
*To prevent negative feedback, so-called feedback surveys are deliberately posted at obscure hours before ultra-tight deadlines ""expire"".

But, hey, Spotify debits your account at the speed of light each month, doesn't it! Definitely NOT a nice, caring, supportive, considerate, enthusiastic or service-oriented streaming platform to invest your faith or money in!",1,"May 21, 2026",6a0f923ca406f6da4fffe981,Llewellyn,Negative,1206,-1,one paid high end subscription fees called premium spent days browsing youtube various ais learn use complex difficult tech let alone get money's worth spotify left entirely service anathema crowd emails never replied chatbot utter waste time effort flinging stock shelf guesses humans try resolve completely sea months back forth leave wanting interaction gobble least three hours time enormous effort without resolution cannot get costly account library synchronize across various devices even called community cannot resolve many issues doggedly ignored social media spotify offshoots x prevent negative feedback called feedback surveys deliberately posted obscure hours ultra tight deadlines expire hey spotify debits account speed light month doesn't definitely not nice caring supportive considerate enthusiastic service oriented streaming platform invest faith money,121,873
Spotify,Streaming Services,User Interface getting worst and worst,"User Interface getting worst and worst, artists are not rightfully retributed, support is useless.",1,"May 21, 2026",6a0f69f22519df7bfb03ce45,Tanguy Pégné,Negative,98,-1,user interface getting worst worst artists not rightfully retributed support useless,11,84
Spotify,Streaming Services,Abusive ads and limited services,Greedy company. Won’t let you choose specific songs to play (only a limited number) unless you pay a subscription. Why? Spotify used to also only have 3 ad breaks. Now they’ve ramped it up to 5 ads. No one wants to hear 5 ads. And no one wants to keep having app glitches. Horrible app. I prefer SoundCloud a lottttt more.,1,"May 21, 2026",6a0f624f26bdd56ee71d297d,Cam,Negative,322,-1,greedy company let choose specific songs play limited number unless pay subscription spotify used also 3 ad breaks ramped 5 ads no one wants hear 5 ads no one wants keep app glitches horrible app prefer soundcloud lottttt,38,221
Spotify,Streaming Services,Dear,"Dear, spotify i was a member since day 1. Removing gift cards was a huge betrayal. Goodbye.",1,"May 21, 2026",6a0eaa42031a4335fe10e25e,Martim Fuller,Negative,91,-1,dear spotify member since day 1 removing gift cards huge betrayal goodbye,12,73
Spotify,Streaming Services,PLAN ADDITIONS AND USELESS INTERFACES,"It is incredibly infuriating to see that my Audio book hours cap at 15. Considering I have been only listening to one book and now I need to wait until the next billing date to another set of hours. The add on plan is only ANOTHER 11.99$! For something that could be included on top of a price that raises EVERY YEAR. It’s not as if the developers themselves are putting that money towards making to app better for the user. Slower, less options when compared to other apps, and the only new editions are AI interfaces or an UGLY LOGO. BOO YOU",1,"May 20, 2026",6a0e388792e5e218721e60cc,Joseph Cisneros,Negative,543,-1,incredibly infuriating see audio book hours cap 15 considering listening one book need wait next billing date another set hours add plan another 11 99 something could included top price raises every year not developers putting money towards making app better user slower less options compared apps new editions ai interfaces ugly logo boo,54,338
Spotify,Streaming Services,Spotify use to br great for streaming,"Spotify use to br great for streaming, now it sucks! I've been a member for over 8 years and now I'll be canceling service. Glitches, songs downloaded removed, and the price steadily rising, is not worth it.",1,"May 19, 2026",6a0e1b634e855ba5e767722f,Felicia Moore,Negative,207,-1,spotify use br great streaming sucks member 8 years canceling service glitches songs downloaded removed price steadily rising not worth,20,135
Spotify,Streaming Services,Botify,You have proven you are a brought agent for certain artists. There is no authenticity with your streaming services.,1,"May 19, 2026",6a0d02e74c45958236c9f1f0,Charlotte Harris,Negative,115,-1,proven brought agent certain artists no authenticity streaming services,9,71
Spotify,Streaming Services,The app remains my go-to player for daily listening,"The app remains my go-to player for daily listening. I really liked the new ""Import your music from other apps"" banner in the library — finally, you can move old tracks without clunky third-party websites. The recommendations on the home page are also quite good, and the editor's 20th-anniversary picks are nicely designed. On the downside, the playlist creation interface got a bit confusing. It took me a couple of minutes to figure out where the regular playlist option was versus Collaborative or Blend because the new bottom menu layout feels less intuitive. Still, for sound quality and syncing, it's a solid four stars.",4,"January 18, 2026",6a0c567dde82644b4c799d7c,Manie,Positive,627,1,app remains go player daily listening really liked new import music apps banner library finally move old tracks without clunky third party websites recommendations home page also quite good editor's 20th anniversary picks nicely designed downside playlist creation interface got bit confusing took couple minutes figure regular playlist option versus collaborative blend new bottom menu layout feels less intuitive still sound quality syncing solid four stars,66,459
Spotify,Streaming Services,The desktop app works fine for playing…,"The desktop app works fine for playing my daily mix while I work, no real complaints there. Lately, the mobile version keeps dropping my downloaded podcasts when I'm driving through areas with poor signal though. Hopefully, they patch this soon.",4,"May 18, 2026",6a0b1a9e095a7c7fdd76cc5e,Azalee,Positive,245,1,desktop app works fine playing daily mix work no real complaints lately mobile version keeps dropping downloaded podcasts driving areas poor signal though hopefully patch soon,26,175
Spotify,Streaming Services,Most of the ads in Spotify…,Most of the in spotify is Spotify itself and there is so many ads aswell and atleast make the ads relevant please,1,"May 17, 2025",6a0a0d92ce34d62200c19028,Mahyar RezaeiAmiri,Negative,113,-1,spotify spotify many ads aswell atleast make ads relevant please,10,64
Spotify,Streaming Services,Greedy,"Greedy will not reduce prices for over 60s but cheap for students who supposedly has no money but can purchase pot. I listen to it on Spotify so here is a little trick adverts come on,alexa mute then a minute or so, alexa u mute.",1,"May 17, 2026",6a0903a6a814e178b2982bc4,Thomas Cubby,Negative,229,-1,greedy not reduce prices 60s cheap students supposedly no money purchase pot listen spotify little trick adverts come alexa mute minute alexa u mute,24,148
Spotify,Streaming Services,After 10 years on this service with the…,After 10 years on this service with the same 4 family members Spotify started harassing each family member about confirming their home address. My son didn't receive the email as he used an email address years ago to sign up that no longer works. Spotify kicked him off our family plan and now he has lost 10 years worth of play lists as a result EVEN though I pay every month for the service? They claim he cant sign back in to his account by any other means to recover it due to security reasons. Time to take our business elsewhere,1,"May 16, 2026",6a08aa175bc0173ce759f604,Kevin Gullion,Negative,534,-1,10 years service 4 family members spotify started harassing family member confirming home address son didn't receive email used email address years ago sign no longer works spotify kicked family plan lost 10 years worth play lists result even though pay every month service claim cant sign back account means recover due security reasons time take business elsewhere,58,366
Spotify,Streaming Services,When ever feel sad or any mind out just…,When ever feel sad or any mind out just open Spotify they can which song you want heal up our wounds just trust Spotify ❤️,5,"April 5, 2026",6a076dfe95aea19ab1d6f9c2,Muhammed Safuvankk,Positive,122,1,ever feel sad mind open spotify song want heal wounds trust spotify,12,67
Spotify,Streaming Services,Fairly decent,"Fairly decent, needs more flexible pricing options. Have been using them since 2016 - app works great.",4,"May 15, 2026",6a07209cfda99917aa869865,Alex V,Positive,102,1,fairly decent needs flexible pricing options using since 2016 app works great,12,77
Spotify,Streaming Services,customer support is slow,customer support is slow. Premium prices are high.,2,"May 15, 2026",6a071656e5411fde7b586f4f,Agnes B,Negative,50,-1,customer support slow premium prices high,6,41
Spotify,Streaming Services,Spotify songs cannot be found,Spotify songs cannot be found. Sound quality is not always good.,1,"May 15, 2026",6a071573c11c5e80c45cc0a4,Newfield.A,Negative,64,-1,spotify songs cannot found sound quality not always good,9,56
Spotify,Streaming Services,deeply frustrated with their support I…,"deeply frustrated with their support I used almost 2 hours in support with 3 different persons, and nobody helped except as for waiting.. and they didn't tell me they left conversation.

But when I left the advisor team came and helped me out at last",1,"May 15, 2026",6a06f664c4176dfdf71427e2,Lars jespersen,Negative,250,-1,deeply frustrated support used almost 2 hours support 3 different persons nobody helped except waiting didn't tell left conversation left advisor team came helped last,25,167
Spotify,Streaming Services,Cancelled my membership at 4 am,"Cancelled my membership at 4 am, while in the process my card was charged, for the next month. Immediately contacted support which of course is an AI bot. The Not refused a refund, but I finally got thru to a human whom couldn't not do a refund because the bot had already denied issuing a refund. Have been using Spotify for 2 years now, after this morning, I'll never use them again. I hope that $15 was worth it,, you know where you can shove it. And I'll be disputing the charges and you'll be giving my money back anyways I was sure to get pics of my support chat which clearly states that at 4 am my membership was already cancelled, you're just trying to force me into another month.yoube instructed your AI bot to deny any refunds which them won't allow the humans to either, that's shady AF. Prime example of what greed does to mankind. I hope my $15 buys the lunch that u choke on",1,"May 15, 2026",6a06e0dbea38df11aac6567a,Adrell,Negative,890,-1,cancelled membership 4 process card charged next month immediately contacted support course ai bot not refused refund finally got thru human couldn't not refund bot already denied issuing refund using spotify 2 years morning never use hope 15 worth know shove disputing charges giving money back anyways sure get pics support chat clearly states 4 membership already cancelled trying force another month yoube instructed ai bot deny refunds won't allow humans either that's shady af prime example greed mankind hope 15 buys lunch u choke,85,537
Spotify,Streaming Services,Too many ads,"Too many ads, I wanted to listen to Jiafei.",1,"May 14, 2026",6a0662257bf2c4acb47175d1,michael,Negative,43,-1,many ads wanted listen jiafei,5,29
Spotify,Streaming Services,My Spotify won’t let me get on the app…,My Spotify won’t let me get on the app it says that my internet is down but my internet is perfectly fine so can you please help,4,"May 13, 2026",6a063d568b2af7e6aec883a4,Sapphire Barnes,Positive,128,1,spotify let get app says internet internet perfectly fine please help,11,69
Spotify,Streaming Services,The playlists are terrible,"The playlists are horrendous, why would anyone pay for the subscription?
I’ve just wasted 5 x minutes browsing for high intensity workout, intense spin class etc. all of the results are so slow tempo, I could sleep to playlists returned. For the record I am 46 years old, so more wrinkly rocker than head banger!",1,"May 14, 2026",6a05cfc90e404e7f7f884d69,Matthew McCarthy,Negative,312,-1,playlists horrendous would anyone pay subscription wasted 5 x minutes browsing high intensity workout intense spin class etc results slow tempo could sleep playlists returned record 46 years old wrinkly rocker head banger,33,221
Spotify,Streaming Services,terrible log in,terrible log in. absolutely terrible experience. locked everything to premium. just use youtube music.,1,"May 13, 2026",6a04a1b8c1d959bf7d942c12,Richard Naponelli,Negative,102,-1,terrible log absolutely terrible experience locked everything premium use youtube music,11,87
Spotify,Streaming Services,After a decade as a premium user they…,"After a decade as a premium user they decided to cancel my subscription due to a country/payment/origin mismatch.

I will never pay them a single cent again.",1,"March 1, 2026",6a043ebb6f5beefbbe01960e,David,Negative,157,-1,decade premium user decided cancel subscription due country payment origin mismatch never pay single cent,15,105
Spotify,Streaming Services,Unfortunately and as much I like to see…,"Unfortunately and as much I like to see some many good music and up to date songs , Spotify app is rubbish , and it seems got loads of bugs lately, being laggy and something like glitch where I am unable to login and app freezes / do not update or /and open in full and yes this is even after reinstall and clearing the cache",1,"May 12, 2026",6a0365c1cfd18985cf640b91,Piotr,Negative,325,-1,unfortunately much like see many good music date songs spotify app rubbish seems got loads bugs lately laggy something like glitch unable login app freezes not update open full yes even reinstall clearing cache,34,210
Spotify,Streaming Services,We pay a decent amount every month for…,We pay a decent amount every month for this service and to be honest lately it's been a huge disappointment it just stopped working an hour a go the Internet is gone here it's frustrating esp as at the weekend I need music playing for an art event! Not actually very happy,1,"May 12, 2026",6a035b632f34da8da1f0af01,Titch Hankin,Negative,272,-1,pay decent amount every month service honest lately huge disappointment stopped working hour go internet gone frustrating esp weekend need music playing art event not actually happy,27,181
Spotify,Streaming Services,Evil Corp,App doesn't work more than it does and customer service is unreachable (even the AI bot which is like beyond me) and they want me to give them $14 a month while my user experience is in the gutter and they fund ICE? Cancelling!,1,"May 12, 2026",6a035b4d1058899bb2f9498a,Victoria Pretty,Negative,227,-1,app doesn't work customer service unreachable even ai bot like beyond want give 14 month user experience gutter fund ice cancelling,21,131
Spotify,Streaming Services,Pretty much use it every day,"Spotify is basically always open on my phone at this point. Music, podcasts, random playlists in the background while working, all that stuff. It’s easy to use and finding something to listen to takes like two seconds.
The playlists are actually decent most of the time and the app runs fine overall. Sometimes recommendations get a bit weird and repeat the same songs too much, but nothing major.
Not perfect, but definitely one of the apps I use the most without even thinking about it.",4,"May 11, 2026",6a018bbece626b4df49e94be,Pompeio Omniar,Positive,488,1,spotify basically always open phone point music podcasts random playlists background working stuff easy use finding something listen takes like two seconds playlists actually decent time app runs fine overall sometimes recommendations get bit weird repeat songs much nothing major not perfect definitely one apps use without even thinking,49,338
Spotify,Streaming Services,Free version is basically useless,"The free version is the worst music app I have encountered so far. After 15-20 minutes (ish), you can no longer choose your own songs. Spotify chooses what you should listen to.
That is including the many advertisements in that time frame. Almost more commercials than music in that tiny time frame.",1,"May 11, 2026",6a01359534bf85aee30f1605,ditte,Negative,299,-1,free version worst music app encountered far 15 20 minutes ish no longer choose songs spotify chooses listen including many advertisements time frame almost commercials music tiny time frame,29,190
Spotify,Streaming Services,Premium services cancelled with no warning,"Here to add fuel to the fire that is customer opinion about Spotify. User of seven years, including Family Premium and Audiobook premium. Had a payment glitch while updating the credit card used for payment, and was instantly downgraded to Free with absolutely no warning. Made an enquiry on chat with them, and the advisor said they tried to contact - definitely didn't, having been through Spotify contact with me, and they even rolled out the old chestnut ""but did you check your junk mail?"" which sounded a whole lot like ""Whatever, we don't care""",2,"May 9, 2026",6a0051d07fc4112f26970861,Ian,Negative,551,-1,add fuel fire customer opinion spotify user seven years including family premium audiobook premium payment glitch updating credit card used payment instantly downgraded free absolutely no warning made enquiry chat advisor said tried contact definitely didn't spotify contact even rolled old chestnut check junk mail sounded whole lot like whatever don't care,52,358
Spotify,Streaming Services,Glitchy and expensive,"Glitchy, deleted all my lists out of the blue. And still asking to charge you £11 per month.

I used to be happily subscribed, but prices keep increasing every year while the quality decreases more and more.",1,"May 9, 2026",69fefa8f3352ddf8fc992832,Orbital (Elvaris Giltzari),Negative,207,-1,glitchy deleted lists blue still asking charge 11 per month used happily subscribed prices keep increasing every year quality decreases,20,135
Spotify,Streaming Services,better sound quality on youtube and for…,better sound quality on youtube and for free,1,"May 8, 2026",69fe19fb2dd3b5b79a0f8b72,marek,Negative,44,-1,better sound quality youtube free,5,33
Spotify,Streaming Services,Too many of the same ads repeating!,I deleted the app after hearing the same State Farm ad repeatedly. I much prefer I Heart Radio.,2,"May 7, 2026",69fe095f66118032b2390607,Lori P.,Negative,95,-1,deleted app hearing state farm ad repeatedly much prefer heart radio,11,68
Spotify,Streaming Services,Closed my account for good because of bad service,"I’ve been a Spotify user for more than 8 years, and honestly, I used to really enjoy the service. But from last year until now, my experience has become frustrating because of how unfairly they seem to treat loyal customers.

I’ve always paid through auto-debit and trusted them with my saved card details, but my account has been compromised multiple times, which makes me question how secure their system really is. What disappointed me even more is that every time my payment fails because of these issues, Spotify automatically removes me from my old subscription plan and pushes me into a newer, more expensive one.

What’s worse is that they don’t even properly warn you when there’s an issue with your payment so you can update your details before your subscription gets affected. Instead, it feels like they allow the payment to fail, disconnect you from your current plan, and then use that as a reason to force you into a more expensive subscription. This already happened to me in 2025, and now again this year.

I reached out to customer support asking if they could restore my previous plan or at least help me stay on the one I originally subscribed to, but they simply said they couldn’t help. Worse, the support representative stopped responding while I was still trying to explain the issue.

Out of frustration, I decided to close my account and move to another service.

What I learned from this experience is that while companies may care deeply about growing the business and monetizing their platform, they don’t always value or take care of loyal long-term customers.",1,"May 8, 2026",69fd80105c54f1129d30afda,Super,Negative,1590,-1,spotify user 8 years honestly used really enjoy service last year experience become frustrating unfairly seem treat loyal customers always paid auto debit trusted saved card details account compromised multiple times makes question secure system really disappointed even every time payment fails issues spotify automatically removes old subscription plan pushes newer expensive one worse even properly warn issue payment update details subscription gets affected instead feels like allow payment fail disconnect current plan use reason force expensive subscription already happened 2025 year reached customer support asking could restore previous plan least help stay one originally subscribed simply said help worse support representative stopped responding still trying explain issue frustration decided close account move another service learned experience companies may care deeply growing business monetizing platform always value take care loyal long term customers,133,971
Spotify,Streaming Services,the app should be more light and fast…,"the app should be more light and fast working
price is a bit high",3,"May 7, 2026",69fca6d483fdabd9d98b2d6f,sbDika,Neutral,65,0,app light fast working price bit high,7,37
Spotify,Streaming Services,Store speed sometimes slows down,"Store speed sometimes slows down, especially when using a lot of apps.",1,"May 7, 2026",69fc3cea7bb1f631a5f06cab,Sheikh Zubayer,Negative,70,-1,store speed sometimes slows especially using lot apps,8,53
Spotify,Streaming Services,I just need to vent my frustration with…,"I just need to vent my frustration with the Spotify app. It is SOOOOOOOOOOOOOO slow!!!!!! Like literally, every click takes MINUTES to process. I just stare into that blank screen of darkness, at the eternally spinning green circle as a quiet resentment builds within me; a slow fury, as I begin to question the fabric of existence and wonder if someone is playing some cosmic joke on me, to allow such a pernicious evil as this into the world. I stand, frozen in place, contemplating the cumulative total hours, days, weeks of my life I've spent in this limbo just staring, eternally, at the spinning green circle. It's agonisingly infuriating!

""Just clear your cache!"" Doesn't work
""Just delete your downloads"" Doesn't work
""Just reinstall"" Doesn't work
""Just stop using Spotify!""

But how?! I can't! There are no alternatives! I am their slave and they know it as they laugh maniacally from their ivory towers at my feeble desperation to download the next Fantasy Premier League Gameweek 36 Team Selection Podcast.

FML
Please fix it Spotify. I beg you",1,"May 6, 2026",69fba370758e77bc6f0f111b,nathan dearth,Negative,1056,-1,need vent frustration spotify app soooooooooooooo slow like literally every click takes minutes process stare blank screen darkness eternally spinning green circle quiet resentment builds within slow fury begin question fabric existence wonder someone playing cosmic joke allow pernicious evil world stand frozen place contemplating cumulative total hours days weeks life spent limbo staring eternally spinning green circle agonisingly infuriating clear cache doesn't work delete downloads doesn't work reinstall doesn't work stop using spotify can't no alternatives slave know laugh maniacally ivory towers feeble desperation download next fantasy premier league gameweek 36 team selection podcast fml please fix spotify beg,100,725
Spotify,Streaming Services,Annoying ads.,5 ads all because i listened to 3 songs? ads after every song?. So annoying.,4,"May 6, 2026",69fb69593b8802aed89b5067,Mochi,Positive,76,1,5 ads listened 3 songs ads every song annoying,9,46
Spotify,Streaming Services,need to be improved,"need to be improved
yt music is still better",3,"April 30, 2026",69fa50efef7c2971fd634949,Jarvis Lawson,Neutral,44,0,need improved yt music still better,6,35
Spotify,Streaming Services,Good music app but needs improvement,"I’ve been using Spotify for a while now and overall it’s a good app with a huge music library and easy-to-use interface. Discovering new songs and playlists is one of the best features, and streaming quality is generally good.
However, there are some issues that need improvement. The free version has too many ads, which can be frustrating, and sometimes the app lags or crashes. Also, subscription pricing can feel a bit high depending on the region.
I’d recommend Spotify for music lovers, but improving app performance and reducing ads on the free plan would make the experience much better.",2,"May 5, 2026",69fa0ea6dbe2198432d009b6,Peson Me,Negative,595,-1,using spotify overall good app huge music library easy use interface discovering new songs playlists one best features streaming quality generally good however issues need improvement free version many ads frustrating sometimes app lags crashes also subscription pricing feel bit high depending region recommend spotify music lovers improving app performance reducing ads free plan would make experience much better,59,415
Spotify,Streaming Services,Try Tidal first,Try Tidal first! Spotify has gone shady! terrible company. I received a gift card from a loved one and Spotify won't let me use it because I have a family account. You can only use the money on it from an individual account? What the what? So you took money for the gift card but you won't credit your customer the money when they have been with you for decades?! Please. Someone start a class action lawsuit for this! This seems like an easy win!,1,"May 4, 2026",69f94832e9ff9046471bab9c,K. Martine Ayers,Negative,447,-1,try tidal first spotify gone shady terrible company received gift card loved one spotify won't let use family account use money individual account took money gift card won't credit customer money decades please someone start class action lawsuit seems like easy win,42,265
Spotify,Streaming Services,Spotify's 'dictorial hammer and tongs'…,"Spotify's 'dictorial hammer and tongs' approach to getting people to take up premium services leaves a lot to be desired. They behave as if they are the only music providers. In a financial climate as we are in, Spotify should acknowledge people are lifted/supported by music. This would make them think twice before approaching... if you can't be anything, be kind. When you're at the top for services rendered there's only one way to go; downwards. I will monitor for one month and decide depending on rights - you breache it",1,"May 3, 2026",69f7a2b6913ec88dcc95dfad,Manaid,Negative,527,-1,spotify's 'dictorial hammer tongs' approach getting people take premium services leaves lot desired behave music providers financial climate spotify acknowledge people lifted supported music would make think twice approaching can't anything kind top services rendered there's one way go downwards monitor one month decide depending rights breache,47,346
Spotify,Streaming Services,Spotify ruined my artist credention.,"Spotify ruined my artist credention because of boot stream and my earns for my music are affected. I try support to fix they say to search in the playlist wich of course you dont find. Basicslly they dont help in this kind of scam, I ask more than once to help and they dont respond anymore, as matter fact the support doesn't exist, they always send you to the FAQ Page. But not all is bad, you can listen a lot of playlist músic.",2,"May 2, 2026",69f5b060409623c5596a7481,Carlos Ferreira,Negative,431,-1,spotify ruined artist credention boot stream earns music affected try support fix say search playlist wich course dont find basicslly dont help kind scam ask help dont respond anymore matter fact support doesn't exist always send faq page not bad listen lot playlist sic,44,270
Spotify,Streaming Services,It's just awful,"If you aren't willing to shill £17.99 a month, don't even bother. Spotify raises the prices whenever they feel like it, never take them back down, and would rather die than treat free users with any sort of respect. There are ads, genuinely, every three songs. The ads themselves are nothing short of eardrum-destroying psychological torture weapons that are designed to be as annoying as possible, on purpose (it just is, ok?). To reiterate, don't bother with this awful platform if you're not a posh fella who can afford to shill 18 smackers a month on a mid streaming service. And if you're wondering where all that money goes: it's not to the artists, that's for sure, as artists only get around £0.0022 per stream, without even considering that they need 1000 streams to even be eligible for payouts in the first place. TL;DR website sucks go download some flacs.",1,"April 30, 2026",69f3d913671fad1cafa7821c,Jake Giles,Negative,868,-1,aren't willing shill 17 99 month don't even bother spotify raises prices whenever feel like never take back would rather die treat free users sort respect ads genuinely every three songs ads nothing short eardrum destroying psychological torture weapons designed annoying possible purpose ok reiterate don't bother awful platform not posh fella afford shill 18 smackers month mid streaming service wondering money goes not artists that's sure artists get around 0 0022 per stream without even considering need 1000 streams even eligible payouts first place tl dr website sucks go download flacs,92,594
Spotify,Streaming Services,Had a trial with Spotify,"Had a trial with Spotify, cancelled well within the timeframe. 4 months later I get them taking money from my account, contacted them to be told I hadnt cancelled and they cant give me a refund. A few people I know have had the same issue, even sent Spotify a screenshot of a friend getting a refund, but told me they cant give a refund for the same reason",1,"April 30, 2026",69f3d7f4afde4c202dc7c0d7,C.Mitchell,Negative,356,-1,trial spotify cancelled well within timeframe 4 months later get taking money account contacted told hadnt cancelled cant give refund people know issue even sent spotify screenshot friend getting refund told cant give refund reason,35,231
Spotify,Streaming Services,Getting really pissed off with Spotify,Getting really pissed off with Spotify. They are obsessed with sticking bleeding videos into your playlists. I always save the original single editions of songs where possible. Now I hear applause and other noises and I have to change the song back to audio which is what I saved originally. They piss about with everything now. I can tell whats original an what isnt. I don't want them to think for me. I hate the videos distracting my eye.,1,"April 30, 2026",69f3a2deac421700f298ec9b,juno,Negative,441,-1,getting really pissed spotify obsessed sticking bleeding videos playlists always save original single editions songs possible hear applause noises change song back audio saved originally piss everything tell whats original isnt don't want think hate videos distracting eye,38,272
Spotify,Streaming Services,I am extremely disappointed with…,"I am extremely disappointed with Spotify’s podcast recommendation system.

The app keeps forcing the same unwanted podcast creator and episodes into my recommendations again and again, even though I do not follow the show, do not want to see it, and have no clear way to block it properly. There should be a simple “Block creator”, “Do not recommend this podcast”, or “Never show this again” button.

For a paid service, this is unacceptable. Users should have control over what appears in their feed, especially when Spotify is pushing podcasts and videos so aggressively. The current system feels intrusive, frustrating, and disrespectful to the user.

Please add proper blocking controls for podcasts, podcast creators, and video content. Until then, the recommendation experience is poor and badly needs fixing.",1,"April 30, 2026",69f34c10447a8ce400088c7c,Pat S,Negative,815,-1,extremely disappointed spotify podcast recommendation system app keeps forcing unwanted podcast creator episodes recommendations even though not follow show not want see no clear way block properly simple block creator not recommend podcast never show button paid service unacceptable users control appears feed especially spotify pushing podcasts videos aggressively current system feels intrusive frustrating disrespectful user please add proper blocking controls podcasts podcast creators video content recommendation experience poor badly needs fixing,72,555
Spotify,Streaming Services,Ive been using spotify for years and I…,Ive been using spotify for years and I never had that much of a problem with it. It provides me everything I ask from a music app.,4,"March 30, 2026",69f30aee6486d441916fc603,Sıla Atik,Positive,130,1,ive using spotify years never much problem provides everything ask music app,12,76
Spotify,Streaming Services,Independent artists are ignored here,"Independent artists are ignored here. I pay for distribution, but my music is invisible on Apple Music, iTunes, and Spotify. While YouTube suggestions help new songs grow, these platforms only care about big labels and their own playlists. It’s an unfair system for those who pay for the service. We want a fair discovery system for all artists!""",1,"April 30, 2026",69f30596aab0d782fba4d17b,Gorib Masud,Negative,346,-1,independent artists ignored pay distribution music invisible apple music itunes spotify youtube suggestions help new songs grow platforms care big labels playlists unfair system pay service want fair discovery system artists,31,224
Spotify,Streaming Services,Easy to use for everyday music,"Spotify is one of those apps I just open without thinking. Easy to find music, playlists are decent, and it works fine most of the time.
Sometimes recommendations feel a bit random, but overall it’s solid.",4,"April 27, 2026",69ef1aec76c5a705575af133,Victor,Positive,205,1,spotify one apps open without thinking easy find music playlists decent works fine time sometimes recommendations feel bit random overall solid,21,143
Spotify,Streaming Services,Spotify editors are changing independent artists’ genres without permission,"I am an independent artist with multiple tracks on Spotify. I carefully submitted accurate genres via my distributor (Trap Soul, R&B/Soul, Urbano Latino etc.).
Spotify’s editorial team has systematically changed 7–9 of my tracks to completely wrong genres — mainly “American Hip Hop” and “Alternative Hip Hop”. This is not a small error. It drastically reduces my visibility in the correct playlists and audiences.
When I contacted Spotify support, they refused to provide the submitted metadata, claimed it was “algorithm + editors’ decision”, and offered no real solution. This feels like deliberate mismanagement of independent artists’ work.
Independent musicians rely on accurate genre classification for discoverability and fair streaming. Spotify’s opaque editorial system and poor support for smaller artists is a serious problem.
If you’re an independent artist, be aware that your chosen genres can be overridden with no recourse.",1,"April 28, 2026",69f0c14e5bc9de7ad5d83429,Mad Planet MP,Negative,940,-1,independent artist multiple tracks spotify carefully submitted accurate genres via distributor trap soul r b soul urbano latino etc spotify editorial team systematically changed 7 9 tracks completely wrong genres mainly american hip hop alternative hip hop not small error drastically reduces visibility correct playlists audiences contacted spotify support refused provide submitted metadata claimed algorithm editors decision offered no real solution feels like deliberate mismanagement independent artists work independent musicians rely accurate genre classification discoverability fair streaming spotify opaque editorial system poor support smaller artists serious problem independent artist aware chosen genres overridden no recourse,95,740
Spotify,Streaming Services,Horrendous customer service,Horrendous customer service. Would never recommend someone join. Gobbles your money with no care for loyalty or customer experience.,1,"April 28, 2026",69efd514431fa930da93aff5,Sophie Boyd,Negative,132,-1,horrendous customer service would never recommend someone join gobbles money no care loyalty customer experience,15,112
Spotify,Streaming Services,Its a fine app for music!,"Its a great app for music! one of the best IMO!

But it is the absolute worst app for podcasts! Pay for premium and you still get ads, that seems like a scam to me.

Shame on you.",1,"April 27, 2026",69ef8e0d53c26e1f62c9f319,Kristian,Negative,179,-1,great app music one best imo absolute worst app podcasts pay premium still get ads seems like scam shame,19,104
Spotify,Streaming Services,"Lovely app UI, completely deaf supporter","The app itself is nice, really, but I apparently had 2 users. One created via Facebook, and one via normal login with mail. The FB-user did NOT have my email linked, so I could not figure out how to log in via browser, so I had a subscription charge for many months.

I finally required about it and had one supporter, Mariah Sophia, who was very nice and understanding, but as follow-up, supporter Payal completely disregarded my initial request (close FB-connected account), advised me that I didn't need to close anything but keep 2 accounts, and tried to put a new subscription on my newer account. It was like he had a conversation without me. When I asked about which ID our conversation/case had, he let me know that he may disconnect the conversation, and then disappeared. I think that is cowardly behaviour.
Case ID: a7664b68-b3be-4060-8ee7-3140f4dfbf66

(Please disregard that Ngan H. owns the case latest, since he was only unfortunate to inherit a case that Payal ran away from. Ngan was super constructive)

It's crazy that I can sign up with Spotify, but cannot delete it again. I believe it's a right to have your user deleted on request.",2,"April 26, 2026",69edf8c3ee2808aad7793e1d,Anna D,Negative,1154,-1,app nice really apparently 2 users one created via facebook one via normal login mail fb user not email linked could not figure log via browser subscription charge many months finally required one supporter mariah sophia nice understanding follow supporter payal completely disregarded initial request close fb connected account advised didn't need close anything keep 2 accounts tried put new subscription newer account like conversation without asked id conversation case let know may disconnect conversation disappeared think cowardly behaviour case id a7664b68 b3be 4060 8ee7 3140f4dfbf66 please disregard ngan h owns case latest since unfortunate inherit case payal ran away ngan super constructive crazy sign spotify cannot delete believe right user deleted request,113,771
Spotify,Streaming Services,skipping songs in the free,skipping songs in the free version is a hassle. subscription costs a bit more.,1,"April 25, 2026",69ecc11705a96529e84d41d5,David Kaiser,Negative,78,-1,skipping songs free version hassle subscription costs bit,8,57
Spotify,Streaming Services,This app is good if your playing thru…,This app is good if your playing thru your phone or tablet but is straight dog shit on PC it should be set up to your email and t the way it's set up to phone and tablet app so you can only listen to the songs you have saved and not random shit by the artist you dont like waste of time otherwise do t recommend on anything else,1,"April 25, 2026",69ec4741e9583bebed910958,Joseph Caler,Negative,328,-1,app good playing thru phone tablet straight dog shit pc set email way set phone tablet app listen songs saved not random shit artist dont like waste time otherwise recommend anything else,32,187
Spotify,Streaming Services,Spotify is the worst app I've ever…,"Spotify is the worst app I've ever used. The user interface is appallingly designed, unless the intention was maximum confusion. Whenever I search for a song and try to play it, a different song plays. The sound quality is utterly appalling.
How anyone is paying for this dismal service baffles me.",1,"April 24, 2026",69eba86cdbaf0a0e6f5a378e,Stuart,Negative,298,-1,spotify worst app ever used user interface appallingly designed unless intention maximum confusion whenever search song try play different song plays sound quality utterly appalling anyone paying dismal service baffles,30,218
Spotify,Streaming Services,Spotify account for years…,"I’ve had an Spotify account for years now, and for the last two years every couple of months my account gets blocked. when I speak to an advisor they say there’s unusual activity on the account and for me to agree I won’t to it again (what! I don’t know). I explain everytime I’m not doing anything apart from listening to the music daily. Now they have blocked my account again after me paying for the month and the advisor is saying they are investigating and can’t tell me anything else and not telling me what they are investigating.
Had enough will take my money and give it to Apple Music, see why I get people asking me why I use Spotify",1,"April 20, 2026",69eb9298c278d5f89aff8658,Cherrell,Negative,644,-1,spotify account years last two years every couple months account gets blocked speak advisor say unusual activity account agree know explain everytime not anything apart listening music daily blocked account paying month advisor saying investigating tell anything else not telling investigating enough take money give apple music see get people asking use spotify,53,362
Spotify,Streaming Services,Been using Spotify for a while,"Been using Spotify for a while, maybe like 2 years. At first everything was fine, I even recommended it to friends. But over time it started getting a bit annoying. Main problem for me is random issues with the app. Sometimes songs just stop, or it doesn’t load playlists properly. Not always, but enough to notice. Also had a few times when it logged me out for no reason. Another thing — some songs just disappear. Like you have them in playlist, then they greyed out. I get it’s licensing, but still frustrating. Support didn’t really help much, just basic replies. It’s not terrible service, but for paid subscription I expected more stability",2,"January 14, 2026",69eb42281b3f4dbef6974db5,David P,Negative,647,-1,using spotify maybe like 2 years first everything fine even recommended friends time started getting bit annoying main problem random issues app sometimes songs stop load playlists properly not always enough notice also times logged no reason another thing songs disappear like playlist greyed get licensing still frustrating support really help much basic replies not terrible service paid subscription expected stability,61,422
Spotify,Streaming Services,every time I click the home page,"every time I click the home page, it starts to glitch out and play 10 songs in 1 and can't pause
wtf",2,"April 21, 2026",69e94fcde3f9f78e52ec7805,cony cortes cony,Negative,100,-1,every time click home page starts glitch play 10 songs 1 can't pause wtf,14,72
Spotify,Streaming Services,The app baisicly forces you to pay to listen to music,"I’m not paying almost 20$ a month to listen to music,",1,"April 22, 2026",69e8d58a7c7d6289c835a2de,Lover Girl,Negative,53,-1,not paying almost 20 month listen music,7,39
Spotify,Streaming Services,I subscribed to a Premium Family plan…,"I subscribed to a Premium Family plan on Spotify and included three users in my account. Everything was functioning normally until, without any warning or clear reason, I suddenly lost access to my account after just 13 days of use.

When I contacted support, I was informed that my account had been closed. However, no explanation was provided, and I was explicitly told that no further information could be shared. This lack of transparency is unacceptable and raises serious concerns about how user accounts are handled.

Even more concerning is the way the support process was handled. I was kept in a support chat for nearly an hour, repeatedly transferred between different agents, and ultimately left without any resolution. The case was effectively closed without addressing my concerns.

All of my playlists and years of saved music have become inaccessible due to this action. This is not just a minor service issue—it reflects a serious failure in user data access and account management responsibilities.

At this point, I intend to escalate this matter to relevant consumer protection authorities and pursue formal complaints through appropriate legal channels. I also believe this situation highlights the need for closer regulatory scrutiny of platform practices regarding account termination and user data access.

This issue should not be ignored, as it reflects a broader concern about accountability and user rights on digital platforms.",1,"April 21, 2026",69e87fc14d89032f879b9a88,T.Ali,Negative,1456,-1,subscribed premium family plan spotify included three users account everything functioning normally without warning clear reason suddenly lost access account 13 days use contacted support informed account closed however no explanation provided explicitly told no information could shared lack transparency unacceptable raises serious concerns user accounts handled even concerning way support process handled kept support chat nearly hour repeatedly transferred different agents ultimately left without resolution case effectively closed without addressing concerns playlists years saved music become inaccessible due action not minor service issue reflects serious failure user data access account management responsibilities point intend escalate matter relevant consumer protection authorities pursue formal complaints appropriate legal channels also believe situation highlights need closer regulatory scrutiny platform practices regarding account termination user data access issue not ignored reflects broader concern accountability user rights digital platforms,134,1068
Spotify,Streaming Services,8 ads consecutively in one go,"8 ads consecutively in one go? Making me listen to garbage for 3-4 minutes and then only giving me 1 or 2 songs before I get another ad. I use to think these phone games were bad with the ads and no one could sink no lower. Well, I guess Spotify proved me wrong. Garbage subscription and prices, overcharging and not cancelling membership payments when requested and very very disappointing customer service. Good luck to this app, won’t last much longer",1,"April 21, 2026",69e875566f4af8e93068dd40,Ballistixzツ,Negative,454,-1,8 ads consecutively one go making listen garbage 3 4 minutes giving 1 2 songs get another ad use think phone games bad ads no one could sink no lower well guess spotify proved wrong garbage subscription prices overcharging not cancelling membership payments requested disappointing customer service good luck app last much longer,53,329
Spotify,Streaming Services,You cant find all you downloaded song…,You cant find all you downloaded song if you download your weekly discover. so screw you if you wanted to lisen to those agian. pc app constetly goes offline for no reson and sucks to use.,1,"April 20, 2026",69e6bace154c7bd210896607,Shanti Lambert,Negative,188,-1,cant find downloaded song download weekly discover screw wanted lisen agian pc app constetly goes offline no reson sucks use,20,124
Spotify,Streaming Services,Its been over 6 months I canceled…,Its been over 6 months I canceled spotify they have been charging me over and over called Master Card backnto spotify but I no longer jave an account and you keep charging me Fraud,1,"April 20, 2026",69e67989394743af046e2e01,AIRNATION,Negative,180,-1,6 months canceled spotify charging called master card backnto spotify no longer jave account keep charging fraud,17,112
Spotify,Streaming Services,It is truly and deeply disappointing…,"It is truly and deeply disappointing when one wants to subscribe, but (even before one gets there) the support department in unreachable! What is the use of paying for memebership, but one can't even deal directly with a human being!",1,"April 19, 2026",69e51bab707fbab529f0ac7a,J Olwage,Negative,233,-1,truly deeply disappointing one wants subscribe even one gets support department unreachable use paying memebership one can't even deal directly human,21,149
Spotify,Streaming Services,Worst customer support of any company I…,"Worst customer support of any company I have ever dealt with.
It is just money, money, money, money that they are interested in.
Just appaling",1,"April 18, 2026",69e4fe442dcdda4214cd3b8c,Francis,Negative,142,-1,worst customer support company ever dealt money money money money interested appaling,12,85
Spotify,Streaming Services,Bad user experience - forced shuffle on mobile free tier,"On the free plan I was NOT able to completely disable the shuffle feature when playing albums on the mobile app. Once I selected the first track i wanted to play, the following tracks were always be shuffled out of order. I did some research and found out this was an intended feature to try to get you to subscribe to their premium plan. I am highly disappointed in this service and will not give my money to a company that blatantly makes user experience bad to make a profit. I will be cancelling my spotify account all together and using other providers like Pandora.",1,"April 18, 2026",69e4fc5df3de6c6e8eba6311,Vasanth Venkat,Negative,571,-1,free plan not able completely disable shuffle feature playing albums mobile app selected first track wanted play following tracks always shuffled order research found intended feature try get subscribe premium plan highly disappointed service not give money company blatantly makes user experience bad make profit cancelling spotify account together using providers like pandora,53,378
Spotify,Streaming Services,Stealing money,I had a free plan and after that i thought i had more free premium but no then i got charged 10€ without my authorizsation and for me with no job and income and a thight budget its bad,1,"April 19, 2026",69e488852c009907789bd004,Egert Härm,Negative,184,-1,free plan thought free premium no got charged 10 without authorizsation no job income thight budget bad,17,103
Canva,Software,Very first experience and no doubt it…,Very first experience and no doubt it is fabulous. Keep up Canva.,5,"August 12, 2026",6a7c1b2b562e443f912d38f4,Muhammad,Positive,65,1,first experience no doubt fabulous keep canva,7,45
Canva,Software,I am very happy,"I am very happy, Canva is very help full software application",5,"August 12, 2026",6a7c08fb68496ffb5ef4ffdc,Lalturam,Positive,61,1,happy canva help full software application,6,42
Canva,Software,A just wanted to say that canva is a…,A just wanted to say that canva is a perfect app for me for creating design and files and anything.🥰,5,"August 5, 2026",6a7bc3ddd351d12838a46f36,Ana,Positive,100,1,wanted say canva perfect app creating design files anything,9,59
Canva,Software,Easiest platform to use!,The amount of stuff you can get for free on here is great. Super simpl to use. It's a bit annoying that there isn't a filter to sort between what is free and paid. But this is an incredible platform.,5,"August 11, 2026",6a7bbf82018cfc184427ddf4,Kyle Schwartz,Positive,199,1,amount stuff get free great super simpl use bit annoying isn't filter sort free paid incredible platform,17,104
Canva,Software,This is strictly for the printing…,"This is strictly for the printing services, as the editing services are great. The large print on a thick board, came bent, and discolored. The face looked like it had been digitally altered to make the lips and cheeks a bright orange. The rest of the photo had a blue tint. Another would not arrive in time, so we cannot use it. I was issued a refund, so two stars for that.",2,"August 11, 2026",6a7bbf5f0003cd76052ad1f9,For Shore,Negative,375,-1,strictly printing services editing services great large print thick board came bent discolored face looked like digitally altered make lips cheeks bright orange rest photo blue tint another would not arrive time cannot use issued refund two stars,38,246
Canva,Software,Do not recommend canva,Unable to get support from an actuall person. Would think twice before getting this service again.,1,"August 11, 2026",6a7bbe919488f00b9c576688,ernesto perez,Negative,98,-1,unable get support actuall person would think twice getting service,10,67
Canva,Software,Wonderful products so easy to work with…,"Wonderful products so easy to work with and if you screw up, they help you correct I love working with them. I get all my business supplies that I can there.",5,"August 10, 2026",6a7b975cf869585c839f40d1,drshellwalker,Positive,157,1,wonderful products easy work screw help correct love working get business supplies,12,82
Canva,Software,I really enjoyed using Canva,"I really enjoyed using Canva
Just getting started and its the perfect platform for my new start",5,"August 6, 2026",6a7b914c7f02123a82476711,Barbara,Positive,95,1,really enjoyed using canva getting started perfect platform new start,10,69
Canva,Software,Canva - right down the toilet,"Canva was the bomb. They were my go-to for all things design for all my non-profits and friends. Suddenly, I can't make a QR code with their software that does not have their stupid logo being in the center unless I give them $250 per year because $144 per year just wasn't enough. They got greedy, just like adobe and microsoft and everyone else. I used to tell everyone the subscription is worth it. I will no longer do that. I will tell everyone that Canva screwed their paying customers.",1,"August 9, 2026",6a7b8aa8e95fbfbdfa5df02e,Ann E.,Negative,491,-1,canva bomb go things design non profits friends suddenly can't make qr code software not stupid logo center unless give 250 per year 144 per year wasn't enough got greedy like adobe microsoft everyone else used tell everyone subscription worth no longer tell everyone canva screwed paying customers,48,298
Canva,Software,What about the PreK teachers?!,"There is hardly anything you don’t need to pay for. Pre K teachers could use this so much but we are excluded from the education discount which isn’t very fair, but also doesn’t make total sense. I really want to utilize canva more but the free options are so scarce and not very good.",2,"August 6, 2026",6a7b69bc980a9002eb8f88fb,Danni,Negative,285,-1,hardly anything need pay pre k teachers could use much excluded education discount fair also make total sense really want utilize canva free options scarce not good,27,164
Canva,Software,Responsive,Worked quickly.,5,"August 11, 2026",6a7b5573c9e19d5d3f00a675,Sarita,Positive,15,1,worked quickly,2,14
Canva,Software,Very insightful and easy to use,"Very insightful and easy to use, professional grade all around",5,"August 8, 2026",6a7b4ec18775288bb222565b,Kevin,Positive,62,1,insightful easy use professional grade around,6,45
Canva,Software,Canva is super useful,Canva is super useful for layout and design work. I’ve been trying out the AI helper and it is also very useful.,5,"August 11, 2026",6a7b4d3ead825537c5de2c9a,Janine,Positive,112,1,canva super useful layout design work trying ai helper also useful,11,66
Canva,Software,Sluggish response and controls/settings…,"Sluggish response and controls/settings not always easy to find. Need intro videos that explain basics and structure of interface, such as what happens when assets get placed on different layers/levels of work board.",3,"August 11, 2026",6a7b37f20a642d66e288ab9f,Warren Gross,Neutral,216,0,sluggish response controls settings not always easy find need intro videos explain basics structure interface happens assets get placed different layers levels work board,24,170
Canva,Software,⭐⭐⭐⭐⭐,"⭐⭐⭐⭐⭐
Excellent customer service! I recently had an issue with a subscription charge that I wasn't aware of. I contacted Canva Support, and they responded incredibly quickly and resolved the issue within minutes. The refund was processed without any hassle. I really appreciate how helpful and responsive the Canva team was. Thank you, Canva! 🙏",5,"August 10, 2026",6a7b14edc189fc6c017f78ae,مَصْدُقِي,Positive,344,1,excellent customer service recently issue subscription charge wasn't aware contacted canva support responded incredibly quickly resolved issue within minutes refund processed without hassle really appreciate helpful responsive canva team thank canva,31,249
Canva,Software,A little intimidating at the beginning…,A little intimidating at the beginning to understand how to edit to videos,3,"August 10, 2026",6a7af80b25a0d256283e6deb,Bob,Neutral,74,0,little intimidating beginning understand edit videos,6,52
Canva,Software,Easy to create and amazing can be done…,Easy to create and amazing can be done here!,5,"August 10, 2026",6a7ae2aec575ef825d2abf47,Lina,Positive,44,1,easy create amazing done,4,24
Canva,Software,application,application,2,"August 10, 2026",6a7a650ca9aa4c61e167f1c2,No,Negative,11,-1,application,1,11
Canva,Software,The workers were very nice although I'm…,The workers were very nice although I'm still having the same problem after it's been fixed 🥲,5,"August 7, 2026",6a7a2472dee4edc0082020a5,leonie rich,Positive,93,1,workers nice although still problem fixed,6,41
Canva,Software,Their service sucks,"Their service sucks, they think that by instantly issuing a code for a re-print solves the problem",1,"August 6, 2026",6a7a1b2295b6979e0f1a0e1d,Ronelle Trusty,Negative,98,-1,service sucks think instantly issuing code print solves problem,9,63
Canva,Software,good,good slides,5,"August 10, 2026",6a7a152da26e988605045af8,David,Positive,11,1,good slides,2,11
Canva,Software,Very helpful for someone not tech savvy.,Very helpful for someone not tech savvy.,5,"August 10, 2026",6a7a011894189b7c64aee5bd,Laura,Positive,40,1,helpful someone not tech savvy,5,30
Canva,Software,Wanted refund not even a day,"Wanted refund not even a day, couldn’t help me not using this again",1,"August 6, 2026",6a79fdc12e26c793988334dd,Rico,Negative,67,-1,wanted refund not even day help not using,8,41
Canva,Software,All the people that were attended to my…,"All the people that were attended to my case, so professional and helpful! Thanks so much",5,"August 9, 2026",6a79e735280b5231d9070e99,D&G SOLUCIONES INMOBILIARIA S.,Positive,89,1,people attended case professional helpful thanks much,7,53
Canva,Software,I really enjoy using Canva,"I really enjoy using Canva! It’s super easy to use, even if you don’t have much design experience. There are so many great templates to choose from, and I can quickly make presentations, flyers, social media posts, and more. It saves me a lot of time, and my designs always come out looking professional. Definitely recommend!",5,"August 8, 2026",6a79dd9c824e909c797546b6,Michael,Positive,326,1,really enjoy using canva super easy use even much design experience many great templates choose quickly make presentations flyers social media posts saves lot time designs always come looking professional definitely recommend,32,225
Canva,Software,I had three charges from Canva come out…,I had three charges from Canva come out of my bank account that was debited on my husband‘s debit card that we did not authorize! I could not get a hold of someone at Canva because I could not find a customer service number anywhere on the website and no one emailed me back for a couple days. I had to have my bank dispute the charges. Luckily my bank was able to get the refund after disputing! There were three charges to my account in two days totaling $186! no company should have a website and not a good customer service number that someone can call.,1,"August 9, 2026",6a79d4d82cf428929fd9a36e,Amie De Cou,Negative,557,-1,three charges canva come bank account debited husband debit card not authorize could not get hold someone canva could not find customer service number anywhere website no one emailed back couple days bank dispute charges luckily bank able get refund disputing three charges account two days totaling 186 no company website not good customer service number someone call,58,368
Canva,Software,Canva is so wonderful and so easy to…,"Canva is so wonderful and so easy to use, creatively bringing to life the programs that we create to share with others. I can’t imagine life without Canva!",5,"August 10, 2026",6a79d4cbfa24c85f0675c8c0,Marcia,Positive,155,1,canva wonderful easy use creatively bringing life programs create share others imagine life without canva,15,105
Canva,Software,Love how easy Canva is!,"Love how easy Canva is!

Canva is a great website. I love how you don't have to be good at making slideshows and presentations to use it. Canva AI is great for generating images, and giving you accurate anwers!",5,"August 9, 2026",6a79c70d612e3f86a1a6053b,Reviewer,Positive,210,1,love easy canva canva great website love don't good making slideshows presentations use canva ai great generating images giving accurate anwers,21,143
Canva,Software,Flaws and assets of my experience,"My experience was great because I got to do a lot of fun projects with my friends!All I wish is that normal could remove backgrounds,remove watermarks,and acess to locked fonts and elements.",4,"June 8, 2026",6a79c65cb3e954fdc5211356,Anomynous,Positive,190,1,experience great got lot fun projects friends wish normal could remove backgrounds remove watermarks acess locked fonts elements,18,128
Canva,Software,Too complicated,Too complicated. I gave up trying to create a simple video after a number of failed attempts.,1,"August 10, 2026",6a792d695c930c20267577ac,David,Negative,93,-1,complicated gave trying create simple video number failed attempts,9,66
Canva,Software,I've been using it for over 6 months,"I used to use PicsArt, but Canva is excellent in creating art the, ai is adaptive and can easy correct suggestions via chat.",5,"August 8, 2026",6a7907fa4274089f46a76bd2,Anonymous,Positive,124,1,used use picsart canva excellent creating art ai adaptive easy correct suggestions via chat,14,91
Canva,Software,step by step understanding,"was very easy to understand, step by step hands on experience, and there were canva help were you could ask questions if you needed help.",5,"August 7, 2026",6a78f3bf633bbf508af12f45,joe,Positive,137,1,easy understand step step hands experience canva help could ask questions needed help,13,85
Canva,Software,It was fine,"It was fine, after I figured out how to use it.",4,"August 9, 2026",6a78da8c6e6006973a40b509,Virgie Phillips,Positive,47,1,fine figured use,3,16
Canva,Software,I couldn't do it without Canva!,Canva has helped me make beautiful flyers and creative invitations with ease. I recommend Canva for all people who need help with creativity.,5,"August 8, 2026",6a78a31bc3ada373df3a347f,Georgina,Positive,141,1,canva helped make beautiful flyers creative invitations ease recommend canva people need help creativity,14,104
Canva,Software,"An easy place to start, learn, and produce.",I being amateur at graphic art. Canva walked me step by step with no unwanted financial pressure following the style of work I chose. I'm very thankful for canva.com for being there when I needed them the most!,5,"August 9, 2026",6a7897d3e649d1607ce32578,Larry Potillo,Positive,210,1,amateur graphic art canva walked step step no unwanted financial pressure following style work chose thankful canva com needed,19,126
Canva,Software,Outstanding customer service,"Having used Canva various times before for a multitude of projects I decided to design and print the booklets for my wedding service on Canva also. Unfortunately, there was a printing error and some of the design got cut off during print and I received unusable booklets 3 separate times.
However, this review is not to complain about the printing error as these things happen but more to highlight the outstanding customer service I received when I contacted the Canva support team about the error. On every occasion they looked into the issue and ordered a reprint at no further expense and on the third try when I was finally out of time, they processed a full refund for the order.
The Canva team truly went above and beyond to help ensure I had a good experience (special thanks to Chris & Jack) and despite the issues I would not hesitate to use Canva again for more projects",5,"June 29, 2026",6a78785abec2555dc8d519d2,H M,Positive,881,1,used canva various times multitude projects decided design print booklets wedding service canva also unfortunately printing error design got cut print received unusable booklets 3 separate times however review not complain printing error things happen highlight outstanding customer service received contacted canva support team error every occasion looked issue ordered reprint no expense third try finally time processed full refund order canva team truly went beyond help ensure good experience special thanks chris jack despite issues would not hesitate use canva projects,82,576
Canva,Software,Canva is terrible,It was hard and terrible,1,"August 8, 2026",6a787467891a3f7b47e7af70,Jordyn,Negative,24,-1,hard terrible,2,13
Canva,Software,Very accommodating,"Very accommodating, and solved my problem.",5,"August 8, 2026",6a786ea52bdd954e80a8441b,Fran,Positive,42,1,accommodating solved problem,3,28
Canva,Software,A bit useless now,A bit useless now - I find that AI does most of this quicker and to a higher standard than I am able myself. Not worth the money.,2,"August 9, 2026",6a785cfcd72fd6bceab610ed,Scott Sheldon,Negative,129,-1,bit useless find ai quicker higher standard able not worth money,11,64
Canva,Software,I like the templates and it is very…,I like the templates and it is very easy to use.,5,"July 29, 2026",6a782d65e6976379b2c96488,Anonymous,Positive,48,1,like templates easy use,4,23
Canva,Software,When you do a template for video it is…,When you do a template for video it is so hard to be able to do more than one slide. I don't like it. They should make it easier to not use a template and easier to use one. Other than that's its pretty good!,4,"August 8, 2026",6a77f2706ba8a4ee4b44779f,Rc,Positive,208,1,template video hard able one slide don't like make easier not use template easier use one that's pretty good,19,108
Canva,Software,It is very innovative and I enjoy doing…,It is very innovative and I enjoy doing work here.,5,"August 9, 2026",6a77eec8cfe1973961f89267,Master,Positive,50,1,innovative enjoy work,3,21
Canva,Software,The shirt fits like a small,"The shirt fits like a small, not a medium",3,"August 8, 2026",6a77d549095c54936a0caa8e,tia simoni,Neutral,41,0,shirt fits like small not medium,6,32
Canva,Software,My first time using Canva,"My first time using Canva. Unbelievable software and production capabilities. Project start and completion time cut in half. This was the most professional looking project I have had.
Greg in CA",5,"July 20, 2026",6a77ce993b0db63090c3ab19,Gregtremo,Positive,194,1,first time using canva unbelievable software production capabilities project start completion time cut half professional looking project greg ca,19,144
Canva,Software,Create Great With Ease,Canva made it easy for me to build a custom presentation. With plenty of free customizable features and templates to get the job done with flare! I found the experience to be painless and the creative flexibility to be enjoyable. I especially liked the animation effects!,5,"August 8, 2026",6a77b540e7521f442d36828a,JJ,Positive,271,1,canva made easy build custom presentation plenty free customizable features templates get job done flare found experience painless creative flexibility enjoyable especially liked animation effects,25,196
Canva,Software,Everything has changed on canvas,"Everything has changed on canvas, there is no help area and the AI just tries to change my images. Not what I wanted.",1,"August 7, 2026",6a77b08a87056b2088afb95b,Matina Rose,Negative,117,-1,everything changed canvas no help area ai tries change images not wanted,12,72
Canva,Software,***** Five Gold Stars,***** Five Gold Stars,5,"August 8, 2026",6a77a5bec320cd9c7efb55d9,Alexander,Positive,21,1,five gold stars,3,15
Canva,Software,Wanted a simple frame for my picture,Wanted a simple frame for my picture. Took a while with no result; gave up.,2,"August 8, 2026",6a778c22c2361bed5b18c999,JB,Negative,75,-1,wanted simple frame picture took no result gave,8,47
Canva,Software,I don’t appreciate that no notice is…,I don’t appreciate that no notice is given before you are charged every month. Canceling was not easy. Would not recommend for short term use.,1,"August 8, 2026",6a77740a5b9abcb10d7f1e30,Dare,Negative,142,-1,appreciate no notice given charged every month canceling not easy would not recommend short term use,16,100
Canva,Software,Lots of interesting fonts,Lots of interesting fonts. Helpful grammer corrections.,5,"August 6, 2026",6a7766bbd4a5c3e25454a59e,Aven,Positive,55,1,lots interesting fonts helpful grammer corrections,6,50
Canva,Software,I love all the different elements that…,"I love all the different elements that you can add and all the different fonts, but I wish that without Canva pro you could make custom sized presentations. I make banners, and that would be very useful.",4,"August 6, 2026",6a7751612026a6174e1f2df6,grace,Positive,203,1,love different elements add different fonts wish without canva pro could make custom sized presentations make banners would useful,19,130
Canva,Software,Editing struggles,While the design elements and printing is fast it's a struggle to edit or modify a design.,3,"August 8, 2026",6a7749c0f2f440f0d9d0f9d1,Glorious,Neutral,90,0,design elements printing fast struggle edit modify design,8,57
Canva,Software,Fourth time was (not) the charm,"This is the fourth time I submitted the documents and I finally received a clear (negative) response.
The first time I sent some documents and they rejected me on the grounds that I did not have an online presence (did not have a website) even though I had Social media and the website was in the works.
After I finalised the website, I applied again and they asked me to provide clarification as a reply to a non-responsive email (I received back the answer that the mail is not monitored). After a while, I got the response that my application was rejected due to non-response. After that rejection email, I received another email with clarification on the legal representative. After my response to that email, i did not receive any answer and also no way to respond
After a while, I have applied again. This time i got the reply email that my application was rejected due to filing it in the wrong category (I filed it unde NGO category).
Finally, I ased their personalised AI to help me get clarification and it found me some email address from which I got some clarification that (through another AI, not a human), actually, I got rejected because, I the documents, even though the organisation was an NGO, it was not a CHARITY NGO. I dont know what a charity NGO does because we provide free training courses to our target group with the help of our sponsors.
I decided to quit and to use CLAUDE and GEMINI NOTEBOOK to develop our materials and brand kit",1,"August 6, 2026",6a773ddcf7b1b40f8789f086,asociatiaasterx,Negative,1461,-1,fourth time submitted documents finally received clear negative response first time sent documents rejected grounds not online presence not website even though social media website works finalised website applied asked provide clarification reply non responsive email received back answer mail not monitored got response application rejected due non response rejection email received another email clarification legal representative response email not receive answer also no way respond applied time got reply email application rejected due filing wrong category filed unde ngo category finally ased personalised ai help get clarification found email address got clarification another ai not human actually got rejected documents even though organisation ngo not charity ngo dont know charity ngo provide free training courses target group help sponsors decided quit use claude gemini notebook develop materials brand kit,130,921
Canva,Software,great,great！very perfect communication.,5,"August 7, 2026",6a771519148eb2e1402601fb,Haixia Jiang,Positive,33,1,great perfect communication,3,27
Canva,Software,Thank you for Jian🌷 so professional,"Thank you for Jian🌷 so professional. So kind. Love Canva,love its support .",5,"August 3, 2026",6a770ef59c9bc78fa5fbab5c,Avigo Pro,Positive,75,1,thank jian professional kind love canva love support,8,52
Canva,Software,Removed professional look from pro,"they've lost my trust by removing valuable benefits from the PRO plan to get more money for a Business level that has features that a one person business has no use for. Their huge brand in the center of a QR code looks so tacky and unprofessional I would never use it for a client.

If they diminish other features that made doing business easier and professional looking without being forced to brand them, I will be finding an alternative company to work with.",1,"August 6, 2026",6a767c09f274c11e86f3a29f,Renee Ventrice,Negative,463,-1,lost trust removing valuable benefits pro plan get money business level features one person business no use huge brand center qr code looks tacky unprofessional would never use client diminish features made business easier professional looking without forced brand finding alternative company work,43,297
Canva,Software,The follow-through was courteous and professional,"I was billed twice in error. When I explained the issue to Canva, they checked their files, asked for more documentation, and within a day, refunded the extra billing.
They stayed with me and saw the issue through, courteously and professionally.",5,"August 5, 2026",6a767412ea2840ef633919fc,Linda Hawes,Positive,246,1,billed twice error explained issue canva checked files asked documentation within day refunded extra billing stayed saw issue courteously professionally,20,152
Canva,Software,Canva limitations for students,"We have a school version of Canva and it seems to me that there are limitations unless it's because I'm not using the system correctly. I watch tutorials that say I can do this or that but when I try I'm breaking my brain to get it done. For example, I put a graphic map on one of my slides and I want to write inside the boxes/bubbles.Everything say go to textbox or hit letter T but neither option does anything.",4,"July 31, 2026",6a762e2e73d34b22fe87195c,Jenette,Positive,414,1,school version canva seems limitations unless not using system correctly watch tutorials say try breaking brain get done example put graphic map one slides want write inside boxes bubbles everything say go textbox hit letter neither option anything,38,248
Canva,Software,It’s a great place for creation,A lot of useful elements! AMAZING,5,"August 7, 2026",6a7626abff7b340f3cc99240,Victoria,Positive,33,1,lot useful elements amazing,4,27
Canva,Software,The personal are helpful and canva is…,The personal are helpful and canva is really well to use because you have more exemple to choose when you are at work for school presentation or anything else. And I will give it a good 4 of 5,4,"August 5, 2026",6a761d95eda9f5c08e6fb1ee,assia.maadourigmail.com,Positive,192,1,personal helpful canva really well use exemple choose work school presentation anything else give good 4 5,17,106
Canva,Software,Outstanding Customer Service,"I had a wonderful experience with Canva Support. A huge thank you to Ivy Mary Mae and Grace Marie for their kindness, patience, and professionalism. They took the time to carefully review my case and account activity, and they were able to resolve my concern by processing a full refund. I truly appreciate their understanding and excellent customer service. Thank you, Canva, for having such an amazing support team!",5,"August 5, 2026",6a760531c8e3bb924c1a1806,Kaye Buagas,Positive,417,1,wonderful experience canva support huge thank ivy mary mae grace marie kindness patience professionalism took time carefully review case account activity able resolve concern processing full refund truly appreciate understanding excellent customer service thank canva amazing support team,38,288
Canva,Software,Horrible in that that keep charging my…,"Horrible in that that keep charging my account way past when I cancelled. Trying to get a refund is practically impossible due to lousy chat bots that have no authority to refund your money, and lousy customer support that is basically non-existent. Buyer beware of Canva!",1,"August 7, 2026",6a7603f93288a2e956d1299b,Darlene,Negative,272,-1,horrible keep charging account way past cancelled trying get refund practically impossible due lousy chat bots no authority refund money lousy customer support basically non existent buyer beware canva,29,201
Canva,Software,Fun and useful!,Canva is fun and useful!,5,"August 6, 2026",6a7600bcb12b848764db9ded,TAD THOMAS,Positive,24,1,canva fun useful,3,16
Canva,Software,i dont like that u have to buy so many…,i dont like that u have to buy so many templates.,3,"August 6, 2026",6a75ec5dc42580ed5457733e,Dakota,Neutral,49,0,dont like u buy many templates,6,30
Canva,Software,I love how easy it is to use this app,I love how easy it is to use this app. The design is simple and allows you to import your own pictures. I use this for my song album covers and so much more!,5,"August 6, 2026",6a75e68970236fc325641a99,EchoCore,Positive,157,1,love easy use app design simple allows import pictures use song album covers much,14,81
Canva,Software,Unreliable,"Unreliable! I pay for this platform and they have two fundamental problems: 1. they often change usability, things move, change, get deleted and 2. Outages!! Their servers cannot cope. I often have issues with uploading, continuous circle trying to upload and getting no-where. It could be a brilliant tool, but the unreliability makes it difficult. Suggest Adobe Express, never an issue",1,"August 7, 2026",6a75ab265fc7f11a9472df21,K Dunn,Negative,387,-1,unreliable pay platform two fundamental problems 1 often change usability things move change get deleted 2 outages servers cannot cope often issues uploading continuous circle trying upload getting no could brilliant tool unreliability makes difficult suggest adobe express never issue,40,285
Canva,Software,Good,It helped me with work,5,"June 11, 2026",6a7586feabb40c19b2efc19f,Humans vs ai,Positive,22,1,helped work,2,11
Canva,Software,I have had a horrible experience with…,I have had a horrible experience with this company I had tried to cancel my membership many times with unsuccessful attempts this has continued and the company has not been able to resolve or provide a valid reason for me not getting a refund,1,"August 6, 2026",6a75784c8e4525e7bc038b56,Jorge,Negative,242,-1,horrible experience company tried cancel membership many times unsuccessful attempts continued company not able resolve provide valid reason not getting refund,21,159
Canva,Software,Super easy and fun,"So many things to choose from, definitely one of my top apps. LOVE IT. has helped me so much throughout these years. Although it definitely is harder without pro. really easy to learn!",5,"August 6, 2026",6a7567fa7104674f492f2faa,Sofia,Positive,184,1,many things choose definitely one top apps love helped much throughout years although definitely harder without pro really easy learn,20,133
Canva,Software,I started using Canva as an addition to…,"I started using Canva as an addition to CapCut. I like the fact that Canva is good for anyone who is new to video and image creation. I would recommend it for anyone that is just starting out , because it is pretty easy to use and navigate around in. There is also tutorials that help you navigate through the different products.",4,"August 6, 2026",6a755be48883e7083c206314,jbdgmail.com,Positive,329,1,started using canva addition capcut like fact canva good anyone new video image creation would recommend anyone starting pretty easy use navigate around also tutorials help navigate different products,29,200
Canva,Software,It's so good,It's so good,5,"August 7, 2026",6a7553af37d60d3b34173040,Wayasur,Positive,12,1,good,1,4
Canva,Software,Canva jumped right into action to…,Canva jumped right into action to retrieve my projects. Their customer service was amazing!,5,"August 4, 2026",6a74fe263a1f82dc8a2df746,Wendy Walter,Positive,91,1,canva jumped right action retrieve projects customer service amazing,9,68
Canva,Software,The program is very excellent and easy…,The program is very excellent and easy to deal with. It does not require any experience. It can be reached for any design and the desire for design to be easy and flexible in dealing with.,5,"August 7, 2026",6a74fd8205026478025940f0,Maryam Bas,Positive,188,1,program excellent easy deal not require experience reached design desire design easy flexible dealing,14,101
Canva,Software,I had a great experience with Canva’s…,"I had a great experience with Canva’s support team. They made sure I got my account back with no hassle at all, and the entire process was smooth and stress-free. I was accommodated very nicely, and the support representative was friendly, responsive, and professional throughout. I really appreciate how quickly they resolved my issue and made the experience so easy. Thank you for the excellent customer service!",5,"August 5, 2026",6a74ddbb27cb0a5dcd7725c0,delgadodanayagmail.com,Positive,414,1,great experience canva support team made sure got account back no hassle entire process smooth stress free accommodated nicely support representative friendly responsive professional throughout really appreciate quickly resolved issue made experience easy thank excellent customer service,37,288
Canva,Software,I 🩷 using canva!,It is really fun to use and is helpful for any type of ideas or projects.,5,"August 6, 2026",6a74d61ebfa5fe9498ffc30b,Liyah,Positive,73,1,really fun use helpful type ideas projects,7,42
Canva,Software,Associate Professor,I like the experience.,5,"August 6, 2026",6a74d57bdbfd75cb3bd1b0f5,Xingwen,Positive,22,1,like experience,2,15
Canva,Software,Easy to Design and video editing…,"Easy to Design and video editing anybody
Professional,unprofessionals can use
Paid version can like adobe premium
Thats can use easy
So mamy template, sample audios, instruments, many style of text",5,"August 6, 2026",6a74b41f931096cad65747f4,Radhapaladi,Positive,197,1,easy design video editing anybody professional unprofessionals use paid version like adobe premium thats use easy mamy template sample audios instruments many style text,24,169
Canva,Software,wouldn't let me activate my student…,wouldn't let me activate my student account,1,"August 6, 2026",6a74aaad8b8b1b115603bf96,jd,Negative,43,-1,wouldn't let activate student account,5,37
Canva,Software,Canva for life sia,Canva should be free to everyone and everyone should be able to use everything,3,"July 30, 2026",6a74aa74c5f7a0708bd090dd,Sia,Neutral,78,0,canva free everyone everyone able use everything,7,48
Canva,Software,Gave me all the tools I need for school use graphics.…,Gave me all the tools I need for school flyers and my pitch decks.,5,"August 6, 2026",6a74a4a1a537db9ce2335c64,Johlynn,Positive,66,1,gave tools need school flyers pitch decks,7,41
Canva,Software,Sorry,Sorry - it takes me a long time to understand anything new with computers. today will be my 3rd class I hope I understand a little more the women teaching the class are wonderful but I need someone to actually sit with me and work with me alone I am trying very hard to try to understand it but I don't even know how to download anything right now this is not working for me,1,"August 6, 2026",6a74a201964d02b23c3ffdff,Stgensoptonline.net,Negative,374,-1,sorry takes long time understand anything new computers today 3rd class hope understand little women teaching class wonderful need someone actually sit work alone trying hard try understand don't even know download anything right not working,36,241
Canva,Software,"Really cool, and I like it.","I really like using canva for my random ideas. It's really creative. I kinda do wish that more of it was free and wouldn't say I needed to pay for premium/canva business. Otherwise I really like it, and no complaints other that.",4,"August 3, 2026",6a749aea541df2b54088c428,Lillith_cotara,Positive,228,1,really like using canva random ideas really creative kinda wish free wouldn't say needed pay premium canva business otherwise really like no complaints,23,151
Canva,Software,Super kind,"Super kind, super patient with me and work pretty fast to resolve the issue. Thanks Stephany!!",5,"August 5, 2026",6a746e68c2cc60726bd240ed,Gabriel William,Positive,94,1,super kind super patient work pretty fast resolve issue thanks stephany,11,71
Canva,Software,The best Canva help me a lot☺️ keep up…,The best Canva help me a lot☺️ keep up the good work thank you so much and God bless who build this company and who keep on working for the this team♥️♥️,5,"August 4, 2026",6a742a59bae86815714a0d40,Susan,Positive,153,1,best canva help lot keep good work thank much god bless build company keep working team,16,87
Canva,Software,canva is so very useful sa tulad kong…,canva is so very useful sa tulad kong student and may printing business,5,"August 5, 2026",6a741ade0e274a73563f11c5,althea ocumen,Positive,71,1,canva useful sa tulad kong student may printing business,9,56
Canva,Software,love it,"it is so helpful i made tons of great stuff with canva
not sponserd",5,"August 3, 2026",6a741514035e3088fba89820,chickenbob,Positive,67,1,helpful made tons great stuff canva not sponserd,8,48
Canva,Software,AI ON CANVA IS THE WORST,THIS CANVA AI THING IS STUPID AND IT DOESNT WORK AT ALL IT IS A STUPID THING THAT DIDNT WORK AT ALL IS SO STUPID I HATE IT I HOPE IT GETS A VIRUS AND DOESNT WORK FOR EVERYONE ELSE MAYBE IF IT WOULD HAVE WORKED I WOULD ACTUALLY MIGHT HAVE GIVING IT A 2 STAR NEVER AGAIN WILL IT WORK.,1,"August 6, 2026",6a73efda094bf60dba29ef43,Percy Jacksom,Negative,282,-1,canva ai thing stupid doesnt work stupid thing didnt work stupid hate hope gets virus doesnt work everyone else maybe would worked would actually might giving 2 star never work,30,176
Canva,Software,The Canva team were amazing,The Canva team were amazing. I had a small problem after printing and they were able to rectify it so quickly and help me meet my deadline!,5,"August 5, 2026",6a73e49a70f929935382a312,Torres Wedding Films,Positive,139,1,canva team amazing small problem printing able rectify quickly help meet deadline,12,81
Canva,Software,Easy to use,"Easy to use, excellent design platform.",5,"August 5, 2026",6a73da0b8ce1e00d855a36d0,Evan C,Positive,39,1,easy use excellent design platform,5,34
Canva,Software,great customer service,"great customer service, canva policies are good but with understanding and courtesy to people. great app, will surely use again.",5,"August 4, 2026",6a73be0300c8a12e10d81d15,Nat Panaguiton,Positive,128,1,great customer service canva policies good understanding courtesy people great app surely use,13,93
Canva,Software,"It's not just about the app alone, it's also about the people behind it.....","Out of all the other support teams I have had encountered and talked to, Canva was the most hands-on, accommodating, and loveliest team. They not only catered my request to transfer account ownership from my late teacher, they never forget to send me condolences and gave me assurance every time I ask about things I had a hard time understanding. Despite having different team members updating me, every mail I received treated me with respect and kindness. They never left me hanging. They actively attended to my request and did it only in a short period of time. What I love the most is everytime I say my thanks, they always reply in a comforting tone saying that they're beyond grateful to have served me as a canva user. Once again, to every member I talked to, my heart is so full that I will never forget the kindness and customer service you all showed me. To canva, please keep them safe, treat them well, and provide them with the best salary they deserve. They're the best people you could ever have in your team. ❤️‍🩹

Very truly yours,
Lei",5,"August 4, 2026",6a73b6bb1b1dc7f0de4c0699,Lei Japsay,Positive,1054,1,support teams encountered talked canva hands accommodating loveliest team not catered request transfer account ownership late teacher never forget send condolences gave assurance every time ask things hard time understanding despite different team members updating every mail received treated respect kindness never left hanging actively attended request short period time love everytime say thanks always reply comforting tone saying beyond grateful served canva user every member talked heart full never forget kindness customer service showed canva please keep safe treat well provide best salary deserve best people could ever team truly lei,92,645
Canva,Software,"After 3 years, I still use Canva almost daily","I've been using Canva for almost three years and have found the platform stable, intutive, fast and with lots of things I can do. I've created images for printing, graphics for website development and 5 second videos I'm put together for a 30 second video. Although the text to voice has a lot to be desired, using other platform to generate the speach, uploading the files to Canva was really easy.",5,"August 6, 2026",6a73a2bf7f8156ba1a294a94,David-Graham Parker,Positive,399,1,using canva almost three years found platform stable intutive fast lots things created images printing graphics website development 5 second videos put together 30 second video although text voice lot desired using platform generate speach uploading files canva really easy,40,273
Canva,Software,Entirely non intuitive.,Entirely non intuitive.,1,"August 5, 2026",6a739f9258ac953ef4732428,B.,Negative,23,-1,entirely non intuitive,3,22
Canva,Software,"Unintended auto-renewal charge via MoMo, request for refund - Order ID: 04964-37194356","I am a student experiencing severe financial difficulty and was unexpectedly charged for a Canva Pro subscription via MoMo. I have not used any Pro tools or downloaded any designs since the charge occurred. I submitted multiple tickets and replied to the support emails requesting a manual review, but I have only received automated responses or delays. MoMo cannot process a chargeback without Canva's approval. Please escalate my case to a human support agent to review my zero account activity and process a full refund as soon as possible. My Order ID is 04964-37194356. Thank you.",1,"August 5, 2026",6a73984f44a3b5a1e963bba2,Minh Thư Hoàng,Negative,585,-1,student experiencing severe financial difficulty unexpectedly charged canva pro subscription via momo not used pro tools downloaded designs since charge occurred submitted multiple tickets replied support emails requesting manual review received automated responses delays momo cannot process chargeback without canva's approval please escalate case human support agent review zero account activity process full refund soon possible order id 04964 37194356 thank,61,462
Canva,Software,Waiting to see if the experience actually works this time,"The experience seems to have worked well and was simple and easy. However, I have used this same experience before to cancel only to be charged again months later. So it is difficult to say because an experience can seem easy but if it doesn't work, then it is meaningless. I gave it 3 stars because it is better than being both difficult AND meaningless.",3,"August 4, 2026",6a737ea80f040034953b5c17,customer,Neutral,355,0,experience seems worked well simple easy however used experience cancel charged months later difficult say experience seem easy doesn't work meaningless gave 3 stars better difficult meaningless,27,194
Canva,Software,They were so kind and patient,"They were so kind and patient, taking the time to help me understand what was wrong. They didn't take long to answer, and I really appreciate their teamwork.",5,"August 4, 2026",6a737c9abe595d571e686149,Kaylia_unique,Positive,157,1,kind patient taking time help understand wrong didn't take long answer really appreciate teamwork,14,97
Canva,Software,New to the system and still learning.,New to the system and still learning.,5,"August 1, 2026",6a737663f479467827958f8c,Donna,Positive,37,1,new system still learning,4,25
Canva,Software,Canva is awesome!,Canva is awesome! It is super user friendly,5,"August 4, 2026",6a73664bf05b6ed7e1c93d3e,JJ,Positive,43,1,canva awesome super user friendly,5,33
Canva,Software,Quick response to questions,"Quick response to questions.

How long can I keep “free canva”.",5,"August 5, 2026",6a736515ba05621c7190aae6,Ron Krentz,Positive,63,1,quick response questions long keep free canva,7,45
Canva,Software,love the platform,"love the platform, i use it for my job on a daily basis it makes life so muhc easier as i need help with elemts in design and i am far from a desinger.",5,"August 4, 2026",6a733ac4ed9a933f4ec75029,lyr jacobs,Positive,151,1,love platform use job daily basis makes life muhc easier need help elemts design far desinger,16,93
Canva,Software,I am thus far grateful and appreciative…,"I am thus far grateful and appreciative of the communication with the team. However, the issue has yet to be resolved (the last team member said they are working on the case) and I am thus confused as to why I am getting an evaluation survey with a still open case….",4,"August 4, 2026",6a72a32216e19d741c716abc,pericoatl,Positive,266,1,thus far grateful appreciative communication team however issue yet resolved last team member said working case thus confused getting evaluation survey still open case,24,167
Canva,Software,Excellent customer service!,"My print arrived damaged. Customer support IMMEDIATELY processed a new print and provided a delivery date. The date was too close to the wedding that the print was for so I asked for faster delivery. Again, customer support IMMEDIATELY stopped the processing and created a new order with expedited shipping. I received the new print in perfect condition and with plenty of time to spare. I couldn’t be happier!",5,"July 31, 2026",6a721be107bf4968e572350b,Kim LeDuke,Positive,410,1,print arrived damaged customer support immediately processed new print provided delivery date date close wedding print asked faster delivery customer support immediately stopped processing created new order expedited shipping received new print perfect condition plenty time spare happier,38,288
Canva,Software,Best site for my animations,"I've tried a few sources to create a animated video and have found Canva to be the best. I only wish I could afford to pay for it, but I only animate for fun, so I'll take my couple freebies on the free account.",5,"August 4, 2026",6a721390eef34c1d792af7c9,Mary,Positive,211,1,tried sources create animated video found canva best wish could afford pay animate fun take couple freebies free account,19,120
Canva,Software,Helped me with my issue & also…,Helped me with my issue & also responded fast after i contacted them with my issue I had. I will be recommending this app for everything!,5,"August 3, 2026",6a72138550ffe8793ccd2e02,Carmelia perez,Positive,137,1,helped issue also responded fast contacted issue recommending app everything,10,76
Canva,Software,Easy to design and print,"Easy to design and print! Reasonably priced. And when we had an issue, customer service was super helpful and solved it very quickly.",5,"July 28, 2026",6a72119713b22c511a3d722d,Stefanie Kroll,Positive,133,1,easy design print reasonably priced issue customer service super helpful solved quickly,12,87
Canva,Software,I had a great experience with Canva…,"I had a great experience with Canva Support. They responded to my refund request very quickly and handled my concern professionally. The process was smooth, and they clearly explained everything, making it easy to understand. I truly appreciate how fast and successful they were in resolving my issue. Thank you for the excellent customer service and for valuing your users.",5,"August 3, 2026",6a71f4ac99c5d2bd715808bf,Mark Anthony Gonjoran,Positive,374,1,great experience canva support responded refund request quickly handled concern professionally process smooth clearly explained everything making easy understand truly appreciate fast successful resolving issue thank excellent customer service valuing users,31,257
Canva,Software,Very nice app,"Very nice app, I am using it to create for our church page on Facebook",5,"August 4, 2026",6a71eb2361417dc71590a802,JOHN VANDYK,Positive,70,1,nice app using create church page facebook,7,42
Canva,Software,Really Easy,"Really Easy, best designing option!",5,"August 3, 2026",6a71d8d9367d6a889979ef4e,Nolan,Positive,35,1,really easy best designing option,5,33
Canva,Software,Perfect for Beginners,"""It is a fantastic tool for beginners. I have successfully created 10 designs here, and the templates are very helpful.""",5,"August 2, 2026",6a71bce0e91716e62524099b,Kamil,Positive,120,1,fantastic tool beginners successfully created 10 designs templates helpful,9,74
Canva,Software,Really nice experience I have had with…,Really nice experience I have had with using canva.great elements to use it works as the biggest part of my digital product business 👌,5,"August 3, 2026",6a71876f9f3a806a8b79662c,Joan,Positive,134,1,really nice experience using canva great elements use works biggest part digital product business,14,97
Canva,Software,Account Recovery,"Stephanie, from Canva support, was very helpful and prompt with helping me to recover my account. I’m very grateful and this makes me want to keep using Canva.",5,"August 3, 2026",6a71813a6ba985204b8ded0d,gillian,Positive,159,1,stephanie canva support helpful prompt helping recover account grateful makes want keep using canva,14,99
Canva,Software,Good app,"That it is a free app, is great!! For me, the app is very difficult to use. I'm very confused with what I want to do...while I try to figure out how to use it, It is very useful for people who know what is needed and not so confused.",4,"August 2, 2026",6a7179a64cc61d14b5b45a0e,Pam,Positive,233,1,free app great app difficult use confused want try figure use useful people know needed not confused,17,100
Canva,Software,They gave me a coupon to reorder my…,They gave me a coupon to reorder my invitations on them🥹🥹 I love this app so much,5,"August 3, 2026",6a716838020872dfcb2a2a6c,Elizabeth r Camacho,Positive,81,1,gave coupon reorder invitations love app much,7,45
Canva,Software,Lost all my work 'there was an issue on our end' when loading.,"It was great to start off with, then when I went to edit something it kept saying ""there was an issue on our end"" and so I had no access to the things I was working on, over various days with different intenet connections. Basically I lost all my work and all the time I spent on it, had to restart everything and lost so much time.",1,"August 4, 2026",6a71410ec66e0a200ac6c01c,caitlyn,Negative,332,-1,great start went edit something kept saying issue end no access things working various days different intenet connections basically lost work time spent restart everything lost much time,28,186
Canva,Software,We have had a Canva account for years,"We have had a Canva account for years. I had to change the email and credit card associated with the account when someone retired. Instead of was able to do this online. However, Can a has continued to charge the old credit card for several months now. I have found no way to contact a live person to resolve the issue. The chatbot/AI assistant is no help at all. I have spent several hours over the past 2 months to resolve. It is maddening.",1,"August 3, 2026",6a7128437618972dceb09fc9,Pamela Gardner,Negative,442,-1,canva account years change email credit card associated account someone retired instead able online however continued charge old credit card several months found no way contact live person resolve issue chatbot ai assistant no help spent several hours past 2 months resolve maddening,43,283
Canva,Software,Good job; fast turnaround,Able to pick up at FedEx the next Ray after placing the order. There was a small error but they reprinted at no cost. Good job!,5,"August 1, 2026",6a71157dab60b2de5da3d845,Linda White,Positive,127,1,able pick fedex next ray placing order small error reprinted no cost good job,14,77
Canva,Software,They ignored me,They ignored me,1,"July 30, 2026",6a70f180161fc64925250349,Elle Spangler,Negative,15,-1,ignored,1,7
Canva,Software,I am technology challenged and ADHD so…,"I am technology challenged and ADHD so I had to be coached a bit to create the buttons I wanted, but that said the program seemed pretty user friendly. I really enjoyed using it.",4,"August 2, 2026",6a70ee01a333d5202489ed9b,"Vickers,joseph",Positive,178,1,technology challenged adhd coached bit create buttons wanted said program seemed pretty user friendly really enjoyed using,17,122
Canva,Software,Enhancing my Bible studies,The platform is allowing me to take my lesson plans to the next level with engaging dialogue and graphics that hold the attention of the audience.,4,"August 3, 2026",6a70eb454654d32614d3276a,Peter,Positive,146,1,platform allowing take lesson plans next level engaging dialogue graphics hold attention audience,13,97
Canva,Software,I was a publisher user but with it…,"I was a publisher user but with it going away I needed a user friendly program to design with for the church.
There are functions that aren’t as easy to preform, but I think it just that I haven’t gotten the hang of operating in Canva, yet. I am delighted with the ease of most functions and the many options I have yet to uncover.",4,"August 3, 2026",6a70eb3fc1c85b929eff8610,Faith,Positive,331,1,publisher user going away needed user friendly program design church functions easy preform think gotten hang operating canva yet delighted ease functions many options yet uncover,26,179
Canva,Software,Refund received on a timely manner,Responded promptly and efficiently.,5,"July 31, 2026",6a70dd67f920d6eea6c5da34,Next Near Far LLC,Positive,35,1,responded promptly efficiently,3,30
Canva,Software,Re-sent Order to My New Address,My order was originally sent to my old address and I didn’t catch it before the order shipped. Canva backed me 100% and sent out a replacement order to my new address and it arrived in time for my conference!,5,"July 29, 2026",6a70cff27ef35f5703463003,Dana Singleton,Positive,208,1,order originally sent old address catch order shipped canva backed 100 sent replacement order new address arrived time conference,19,129
Canva,Software,All of the materials that are shared to…,All of the materials that are shared to all teacher and out off duty too!,5,"August 2, 2026",6a70ceb39cfd629dae1cf6a7,Tania,Positive,73,1,materials shared teacher duty,4,29
Canva,Software,excellent across the board,"easy to use, great templates, wonderful idea-starters",5,"August 3, 2026",6a70ac49d78782095b798708,C. Foth-Regner,Positive,53,1,easy use great templates wonderful idea starters,7,48
Canva,Software,It was awesome,It was awesome. I wish there more free features.,5,"July 30, 2026",6a70aa3036d20d585955484a,Saba,Positive,48,1,awesome wish free features,4,26
Canva,Software,Essential for digital communication,"Canva has become an essential part of my communication toolbox for work & social media. Easy to use, multiple options on format, and endless templates - it's got everything.",5,"August 3, 2026",6a709a640818e563287dbe9c,Alex,Positive,173,1,canva become essential part communication toolbox work social media easy use multiple options format endless templates got everything,18,133
Canva,Software,Creative,"Creative, tools are easy to use, once you understand th epurpose",5,"August 1, 2026",6a7077d2257d970bb4ba6e8c,Quan,Positive,64,1,creative tools easy use understand th epurpose,7,46
Canva,Software,Excellent Customer Support,"The Canva team was patient, professional, and incredibly helpful throughout my account recovery process. Even though my case was complicated, they guided me every step of the way until I successfully regained ownership of my account. Special thanks to everyone who assisted me. I truly appreciate your dedication and excellent service. Thank you, Canva!",5,"July 25, 2026",6a706159d0be3d67fe4b871b,Jell,Positive,353,1,canva team patient professional incredibly helpful throughout account recovery process even though case complicated guided every step way successfully regained ownership account special thanks everyone assisted truly appreciate dedication excellent service thank canva,33,268
Canva,Software,Unbelievable response time,Unbelievable response time,5,"August 2, 2026",6a704e21da343eb1302b18be,sarahj,Positive,26,1,unbelievable response time,3,26
Canva,Software,I love Canva,I love Canva. I designed two book covers and found the program super fun and creative. The sky is not the limit with Canva. I highly recommend it!,5,"August 2, 2026",6a70326ae1e8e983edfd51a4,D.K.,Positive,146,1,love canva designed two book covers found program super fun creative sky not limit canva highly recommend,17,105
Canva,Software,Review,Good but expensive,5,"August 3, 2026",6a7007d6243640a851fdddb4,Ornales,Positive,18,1,good expensive,2,14
Canva,Software,Great handy user & customer experience,"Great handy, easy to use features with very great customer support.",5,"July 30, 2026",6a6fca3c58a470a24e36fd78,Stockholm Tamil Sangam STS,Positive,67,1,great handy easy use features great customer support,8,52
Canva,Software,"that Canva is a really good place to make slide shows, docs, and other things.","well, i really like Canva but i don't like how you have to have a subscription to do all the good stuff. Like, you only have a couple options of pictures to choose from when you do the free account. I think that you shouldn't have have to pay for more pictures. I'm fine if you have to pay for some stuff, because i know the people making the pictures and running Canva want to be paid, because I would to. I just think that you shouldn't have to pay for everything. I hope this makes cense. But otherwise, I really like Canva.",3,"July 30, 2026",6a6fa3fc5ae8ccfdda778152,Winnchilla,Neutral,527,0,well really like canva don't like subscription good stuff like couple options pictures choose free account think shouldn't pay pictures fine pay stuff know people making pictures running canva want paid would think shouldn't pay everything hope makes cense otherwise really like canva,43,284
Canva,Software,They reached out in a timely manner,They reached out in a timely manner. I was able to get my cards reprinted! Thank you,5,"July 31, 2026",6a6fa282d53880f56fc0e0c3,Jen,Positive,84,1,reached timely manner able get cards reprinted thank,8,52
Canva,Software,The app is very different to use and I…,The app is very different to use and I was unable to add music to my video.,1,"August 2, 2026",6a6f9ee1e5ceac3768d5f60b,Anonymous,Negative,75,-1,app different use unable add music video,7,40
Canva,Software,Absolutely awful,Absolutely awful. Complete waste of time. Nothing worked properly. The AI tool was terrible. The customer service team were pointless,1,"August 2, 2026",6a6f825fc5cb529b52432423,James Gifford,Negative,133,-1,absolutely awful complete waste time nothing worked properly ai tool terrible customer service team pointless,15,109
Canva,Software,Just having fun,It is very fun I mostly use it for just making silly slides so I don't know if you really want my insight!,4,"August 2, 2026",6a6f81867d50ea868738c19a,Mischief,Positive,106,1,fun mostly use making silly slides don't know really want insight,11,65
Canva,Software,I had an issue where I thought I had…,I had an issue where I thought I had ordered books I had designed. Turned out to be notebook with my cover on. Had a prompt response and step by step what I should have done. As a new small business. This is so helpful.,5,"July 30, 2026",6a6f6841c1753c04d3835da6,Ellen,Positive,219,1,issue thought ordered books designed turned notebook cover prompt response step step done new small business helpful,17,116
Canva,Software,Good so far,Hello. The support is very timely and responsive but I'll put off giving a non-neutral review until the refund gets through.,3,"August 1, 2026",6a6f5ed34e792dd611818d3e,A.L.,Neutral,124,0,hello support timely responsive put giving non neutral review refund gets,11,73
Canva,Software,I was able to make a resume from my…,I was able to make a resume from my phone for free using your format also provided for free. Very cool would recommend even if my resume is still shit lol.,5,"August 2, 2026",6a6f5de7b1789e7099006f95,Anonymous,Positive,155,1,able make resume phone free using format also provided free cool would recommend even resume still shit lol,18,107
Canva,Software,Helped me with many design ideas and…,Helped me with many design ideas and projects.,5,"August 2, 2026",6a6f589bad1ed35797af1abe,Rochelle Schlusser,Positive,46,1,helped many design ideas projects,5,33
Canva,Software,Good Customer Service,Roxanne Marie was quick to solve my issues. Thank you for your help!,5,"July 31, 2026",6a6f5442c9f34604feaa3b9e,Gulf Grooves,Positive,68,1,roxanne marie quick solve issues thank help,7,43
Canva,Software,My book is great because of Canva!,"Im writing my book on canva, and it's been great. I've been able to do things that I would not have done on a Google doc. Now even though I had to pay for premium, which I didn't. I still got acces to things I loved and wanted.",5,"July 24, 2026",6a6f4bcf3334c210767b16ca,Skylar,Positive,227,1,im writing book canva great able things would not done google doc even though pay premium didn't still got acces things loved wanted,23,132
Canva,Software,its really hard to say that it was…,"its really hard to say that it was refunded easy coz if didnt contacted google play, it may not get refundend or its just me. anyway, thankiess",3,"August 1, 2026",6a6f261f21d3978c2ff4ef4f,Shiela,Neutral,143,0,really hard say refunded easy coz didnt contacted google play may not get refundend anyway thankiess,16,100
Canva,Software,They listened to me and changed a…,They listened to me and changed a decision. I am grateful for the ability to use Canva Education.,5,"July 27, 2026",6a6f18a07b8a2446bbe3a910,Heatherss,Positive,97,1,listened changed decision grateful ability use canva education,8,62
Canva,Software,Very helpful!,Great customer support.,5,"July 30, 2026",6a6ef44180f7623a775820b0,Sedrick,Positive,23,1,great customer support,3,22
Canva,Software,Very useful,It is an amazing experience.,5,"August 1, 2026",6a6e928b6db05115da114f27,Lan,Positive,28,1,amazing experience,2,18
Canva,Software,I LOVE IT!!!!,I LOVE IT!!!!! lots of stuff to choose from!!!! and it is literally magic like they said,5,"July 17, 2026",6a6e7038a4d7e6cf214f022a,Kiya,Positive,88,1,love lots stuff choose literally magic like said,8,48
Canva,Software,Excellent experience,Excellent customer service,5,"July 30, 2026",6a6e54b6d502a93bce7837cd,Alexandra Tsiagka,Positive,26,1,excellent customer service,3,26
Canva,Software,Canva is a great resource for creators,Canva is a great resource for creators. It’s a treasure trove of helpful templates and intuitive features. Much appreciated and highly recommended.,5,"August 1, 2026",6a6e49568b358f4d8221a476,Jason,Positive,147,1,canva great resource creators treasure trove helpful templates intuitive features much appreciated highly recommended,14,117
Canva,Software,Excellent experience,Excellent experience! I highly recommend,5,"July 28, 2026",6a6e39bfe0486345111e63a5,Cassandra,Positive,40,1,excellent experience highly recommend,4,37
Canva,Software,They gave me clear instructions on what…,They gave me clear instructions on what I need to do in order to get Access back to my paid account,5,"July 30, 2026",6a6e3649cfcb743855b567d4,Mirabela Burdean,Positive,99,1,gave clear instructions need order get access back paid account,10,63
Canva,Software,Very good plenty of editing tools I've… Photo editor,Very good plenty of editing tools I've tried a lot over the years but this is unbelievable,5,"July 31, 2026",6a6e2c702893f9728ec1d740,Lance,Positive,90,1,good plenty editing tools tried lot years unbelievable,8,54
Canva,Software,Great app!,Canva is an amazing free creative platform that you can undeniably use for absolutely anything and everything! 5 stars all day every day!!!,5,"August 1, 2026",6a6e1b8d6bc08ef921174068,girl,Positive,139,1,canva amazing free creative platform undeniably use absolutely anything everything 5 stars day every day,15,104
Canva,Software,Amazing,Amazing! Thank you very much!!,5,"July 30, 2026",6a6e1ae336518ca32d8b44f1,Nang Lao,Positive,30,1,amazing thank much,3,18
Canva,Software,Really Pretty Templates ~,"It's a really nice platform, and all the pictures recommended for me were really cute and they matched with what I wanted perfectly. Though I would like it if most of the templates weren't for premium users only.",4,"August 1, 2026",6a6e14960586e146431d316a,Cris,Positive,212,1,really nice platform pictures recommended really cute matched wanted perfectly though would like templates weren't premium users,17,128
Canva,Software,Swift and stellar support services,"I have been using Canva for years and I have always maintained that it is value for money. On a recent occasion, I contacted support about an issue on my end and I was assisted almost immediately. Thanks, Canva!",5,"July 28, 2026",6a6e112d6d5f4c6d66e1c12b,Biz,Positive,211,1,using canva years always maintained value money recent occasion contacted support issue end assisted almost immediately thanks canva,18,132
Canva,Software,Very fast very professional,Very fast very professional,5,"July 31, 2026",6a6dfeefb67a78770deb6669,Ammar Hamido,Positive,27,1,fast professional,2,17
Canva,Software,Very helpful,"Very helpful, it‘s easy to get human help instead of bots which i appreciate.",5,"July 30, 2026",6a6de0a15630c7a69accfae2,Stella,Positive,77,1,helpful easy get human help instead bots appreciate,8,51
Canva,Software,Help for small churches with no online presence,"Like many small churches with no real online presence we were turned down several times when applying for the Non-Profit membership, despite qualifying for it. However once I contacted the customer support team online they guided me through what documentation they needed to approve my application and we are now signed up. It was frustrating at first because we kept being knocked back by the automated system but the support team could not have been more helpful - they were great.",4,"July 29, 2026",6a6db469accf264d7ab2e46a,Helen Drever,Positive,483,1,like many small churches no real online presence turned several times applying non profit membership despite qualifying however contacted customer support team online guided documentation needed approve application signed frustrating first kept knocked back automated system support team could not helpful great,42,311
Canva,Software,Great app for various designs,Great app for various designs,5,"August 1, 2026",6a6d8df7ececdfcb62ddfc54,Adeleye,Positive,29,1,great app various designs,4,25
Canva,Software,Fast responses and took care of the…,Fast responses and took care of the issue,5,"July 29, 2026",6a6d5ad3233197860a7ca6da,Kristi Spata,Positive,41,1,fast responses took care issue,5,30
Canva,Software,Great software and product...,"Great software and product...
Very happy",5,"July 31, 2026",6a6d416d135356c1f9fb89f8,Hfhnoah,Positive,40,1,great software product happy,4,28
Canva,Software,Thanks guys for fixing the problem,Thanks guys for fixing the problem,5,"July 29, 2026",6a6d3f43a9e6162c88a824e0,Ivania Mora,Positive,34,1,thanks guys fixing problem,4,26
Canva,Software,Canva does helping people to solve issues if needed,"Card was changed by stranger account, Canva helped a lot",5,"July 28, 2026",6a6d3755df1425bdbd074c4a,"Zheng, Wenling",Positive,56,1,card changed stranger account canva helped lot,7,46
Canva,Software,I accidentally purchased a Years Worth of Canva Business just for one poster,"I accidentally purchased an annual Canva Business subscription while trying to download a poster I had created using premium images. I was surprised to see that I had been charged for an entire year. I immediately cancelled the subscription; however, now I was in a worse situation. I had paid a year's worth of subscription for one poster.

I contacted Canva's support team by email, explained what had happened, and they responded quickly. They understood the situation and issued me a full refund without any hassle.

I really appreciate their professionalism and willingness to help. Mistakes happen, and it's reassuring to know that Canva's customer support handled the issue fairly and efficiently. Thank you for the excellent customer service.",5,"July 28, 2026",6a6d36ab4c4351458098cb79,Scruffnut Thorston CEO of TDA,Positive,750,1,accidentally purchased annual canva business subscription trying download poster created using premium images surprised see charged entire year immediately cancelled subscription however worse situation paid year's worth subscription one poster contacted canva's support team email explained happened responded quickly understood situation issued full refund without hassle really appreciate professionalism willingness help mistakes happen reassuring know canva's customer support handled issue fairly efficiently thank excellent customer service,66,547
Canva,Software,why do we ned to pay mony in canva i am…,why do we ned to pay mony in canva i am a student,1,"July 30, 2026",6a6d284a5fc1afe1293c86e7,Liam,Negative,49,-1,ned pay mony canva student,5,26
Canva,Software,Great!!!!,Very user friendly and top tools and Canva AI on point.,5,"July 29, 2026",6a6d26d9b77aaa9695fc06c0,Maritza Llado,Positive,55,1,user friendly top tools canva ai point,7,38
Canva,Software,Angel was literal.,"Angel was quick to respond, careful with his words, and guided every step to recover my Canva with a different email.",5,"July 29, 2026",6a6d262e60b1e3a88997b6c2,DERRICK BREADY,Positive,117,1,angel quick respond careful words guided every step recover canva different email,12,81
Canva,Software,The initial online chat assistance was…,"The initial online chat assistance was informative and helpful but didn’t solve the issue. After another question or two, two different people checked on me abd were helpful in finding the solution.",5,"July 29, 2026",6a6d2557e56765e7487ec009,Dana Reed,Positive,198,1,initial online chat assistance informative helpful solve issue another question two two different people checked abd helpful finding solution,19,141
Canva,Software,I am trying to cancel my account and no…,"I am trying to cancel my account and no one will help me. I am 77 years old and have absolutely no need for this. It came with a pattern I had ordered. I could use the $18.00 a month for food. Will someone please help me???
Janet Schreiner",1,"July 30, 2026",6a6d2079a31f1b93f916bebb,Janet,Negative,239,-1,trying cancel account no one help 77 years old absolutely no need came pattern ordered could use 18 00 month food someone please help janet schreiner,26,149
Canva,Software,Canva is AMAZING!,"I love seeing all the amazing templates! and Canva is like the best thing since Pizza*! If you're looking for anything to make it even more awesome then...Mabey adding a 3D template where I can see every graphic I put down in 3D. But still in my eyes nothing beats Canva.
*please note that that was a high comparison since pizza is awesome.",4,"July 15, 2026",6a6d06395fdba396535a6a9e,Cassidy,Positive,340,1,love seeing amazing templates canva like best thing since pizza looking anything make even awesome mabey adding 3d template see every graphic put 3d still eyes nothing beats canva please note high comparison since pizza awesome,36,227
Booking.com,Travel,Very poor customer service,"Very poor customer service
Never trust their flexible services and cancellation. its all fake. once you paid your money is gone.
Customer service will not support you at all and just waste your time. i spend 2 hours with customer service. this happened more than once for me.",1,"August 12, 2026",6a7c2d1c4a5bcc4b70f99098,Reza Hashemi,Negative,275,-1,poor customer service never trust flexible services cancellation fake paid money gone customer service not support waste time spend 2 hours customer service happened,24,165
Booking.com,Travel,I am going to sue them,"I am going to sue them, this is a horrific situation. The airline cancelled my flight in APRIL and still I have not have my money back (1375.18€) and got stranded without money to a very expensive destination without monet and a return plan to a country that has limited flight to Greece. I have lost my sleep, my time, calling them once every month, now I am at my wit's end. They told me after they have processed my refund (31st of July), that they stopped it (on the 3rd of August) and requested something from the airline again that it will take another month, and even then I have to call them to see what is happening, and there is still uncertainty. I am contacting my lawyer and I am sending a lawsuit on Monday. People be ware! Canongate and in extend Booking are scammers! My whole family will never use them again and I will share my experience to anyone ever asking me about them. Horrible company.",1,"April 14, 2026",6a7c19ccb99f00117b1c8c83,Anthi,Negative,911,-1,going sue horrific situation airline cancelled flight april still not money back 1375 18 got stranded without money expensive destination without monet return plan country limited flight greece lost sleep time calling every month wit's end told processed refund 31st july stopped 3rd august requested something airline take another month even call see happening still uncertainty contacting lawyer sending lawsuit monday people ware canongate extend booking scammers whole family never use share experience anyone ever asking horrible company,78,542
Booking.com,Travel,IT’S A SCAM !,"Booked a flight on BA to Belfast yesterday at 14:26 (ref 40-1068424040) at £203.18 . They messaged me confirming with airline.
At 23:18 they messaged me ‘booking failed’
At 23:49 I booked exactly the same flight/seat direct with BA at £170.47
WHAT ON EARTH IS THE POINT IN THIS COMPANY AND WHY CAN’T THEY RETURN YOUR MONEY IMMEDIATELY? It’s a scam !",1,"August 11, 2026",6a7c0b472bbdb86577f505b6,Consumer,Negative,349,-1,booked flight ba belfast yesterday 14 26 ref 40 1068424040 203 18 messaged confirming airline 23 18 messaged booking failed 23 49 booked exactly flight seat direct ba 170 47 earth point company return money immediately scam,37,223
Booking.com,Travel,Booking.com promised me a full £280.50 refund - I’m still trying to get my money back,"I am currently in an ongoing dispute with Booking.com over a £280.50 refund that I was explicitly promised but have not received.

After an issue with my original accommodation, I ended up having to pay more for alternative accommodation. I contacted Booking.com about the resulting price difference and was explicitly told that Booking.com would cover it.

This was not presented to me as a voucher, reward or credit towards a future booking. I was told it would be a refund.

I specifically sought confirmation of this and was told by a Booking.com representative:

“I have already coordinated with our senior team and received approval for the full coverage of your price difference.”

I was then told that, in order for Booking.com to “process the refund”, I needed to complete my stay and provide an invoice from the property showing a zero balance.

The representative also explicitly assured me:

“For now, I can assure you that we will cover the entire amount of the difference.”

I relied on those assurances and followed Booking.com’s instructions exactly. I completed the stay, obtained the required zero-balance invoice and submitted it to them.

The price difference was £280.50.

I expected the refund I had been promised.

Instead, Booking.com placed £280.50 into my Booking.com Wallet as Travel Credits.

I do not accept these Travel Credits as fulfilment of the promised refund, and I am still seeking the return of my £280.50.

This is not simply a technical difference in how the money has been processed.

My Booking.com Wallet specifically shows £280.50 in Travel Credits and £0 in Cash Credits. I cannot withdraw the £280.50 to my bank account or payment card. It can only be used towards future Booking.com purchases, and even then only on bookings that accept Wallet payments. The credit also has an expiry date.

That is materially different from refunding £280.50 to me.

It effectively requires me to spend the value through Booking.com in the future rather than returning the money that I was told would be refunded.

Had Booking.com originally offered me £280.50 of restricted Travel Credit, that would have been a different proposition entirely. But that is not what I agreed to and not what I was promised.

I was told that senior-team approval had already been received for the full coverage of the price difference. I was told my invoice was required to process the refund. I was assured that Booking.com would cover the entire amount of the difference.

I complied with the condition Booking.com set on the basis of those assurances.

Since discovering that the £280.50 had been issued as Travel Credits rather than refunded, I have repeatedly tried to get Booking.com to correct this and honour what I was promised.

I have contacted customer service, followed up by email and contacted Booking.com through social media. I have made clear that I am disputing the Travel Credits and want the £280.50 refunded as originally promised.

I am still waiting for Booking.com to resolve this.

My follow-up communications have not resulted in a meaningful response, and I have not been able to establish that my complaint has even been formally logged and progressed through a proper complaints process.

As Booking.com has so far failed to resolve the matter directly with me, I have now initiated a dispute with my bank in an attempt to recover the £280.50.

That bank dispute is ongoing too.

Fortunately, I retained evidence throughout this process. I have screenshots confirming the senior-team approval, Booking.com’s use of the word “refund”, the assurance that the “entire amount” would be covered, evidence that I supplied the invoice they requested, and screenshots of my Wallet showing £280.50 in Travel Credits and £0 in Cash Credits.

To be completely clear: the fact that Booking.com has placed £280.50 of Travel Credits in my account does not mean this matter has been resolved.

I have not accepted restricted Travel Credits as a substitute for the refund I was promised.

I am still seeking the £280.50 refund in money, and this dispute remains ongoing.

I will update this review if Booking.com resolves the matter.

Until then, my advice to anyone dealing with Booking.com customer service is to keep screenshots of absolutely everything you are promised in writing. I’m very glad I did.",1,"August 3, 2026",6a7c08e797f28945813952f6,Ms Victoria Pepperill-Clarke,Negative,4333,-1,currently ongoing dispute booking com 280 50 refund explicitly promised not received issue original accommodation ended pay alternative accommodation contacted booking com resulting price difference explicitly told booking com would cover not presented voucher reward credit towards future booking told would refund specifically sought confirmation told booking com representative already coordinated senior team received approval full coverage price difference told order booking com process refund needed complete stay provide invoice property showing zero balance representative also explicitly assured assure cover entire amount difference relied assurances followed booking com instructions exactly completed stay obtained required zero balance invoice submitted price difference 280 50 expected refund promised instead booking com placed 280 50 booking com wallet travel credits not accept travel credits fulfilment promised refund still seeking return 280 50 not simply technical difference money processed booking com wallet specifically shows 280 50 travel credits 0 cash credits cannot withdraw 280 50 bank account payment card used towards future booking com purchases even bookings accept wallet payments credit also expiry date materially different refunding 280 50 effectively requires spend value booking com future rather returning money told would refunded booking com originally offered 280 50 restricted travel credit would different proposition entirely not agreed not promised told senior team approval already received full coverage price difference told invoice required process refund assured booking com would cover entire amount difference complied condition booking com set basis assurances since discovering 280 50 issued travel credits rather refunded repeatedly tried get booking com correct honour promised contacted customer service followed email contacted booking com social media made clear disputing travel credits want 280 50 refunded originally promised still waiting booking com resolve follow communications not resulted meaningful response not able establish complaint even formally logged progressed proper complaints process booking com far failed resolve matter directly initiated dispute bank attempt recover 280 50 bank dispute ongoing fortunately retained evidence throughout process screenshots confirming senior team approval booking com use word refund assurance entire amount would covered evidence supplied invoice requested screenshots wallet showing 280 50 travel credits 0 cash credits completely clear fact booking com placed 280 50 travel credits account not mean matter resolved not accepted restricted travel credits substitute refund promised still seeking 280 50 refund money dispute remains ongoing update review booking com resolves matter advice anyone dealing booking com customer service keep screenshots absolutely everything promised writing glad,397,2914
Booking.com,Travel,Unethical and criminal,"I have been using them for years but never had a doubt to compare their “discounted” price for Genius. I made two reservations with them last week and today when I was about to make another hotel reservation in LA they showed me they were giving me $73 Genius discount. Being curious I searched on the same hotel’s website and looks like it’s exactly the same price!! If you cannot discount then that’s fine but don’t lie. So they are just scamming people while pretending to be a discounted site. Unbelievable, unethical and criminal activity! They need to be sued",1,"August 11, 2026",6a7c05e41d6c58553fec8b0a,Ahsan Sharif,Negative,565,-1,using years never doubt compare discounted price genius made two reservations last week today make another hotel reservation la showed giving 73 genius discount curious searched hotel website looks like exactly price cannot discount fine lie scamming people pretending discounted site unbelievable unethical criminal activity need sued,47,335
Booking.com,Travel,Not protected if you are treated poorly or if accommodation is not as desired,Hotel owner threatens me with death hope l die as a result of a bad review as there were bed bugs in hotel room. Reported to booking. Com did nothing!!,1,"July 15, 2026",6a7c01467767346c815d618a,Margie O'Donnell,Negative,151,-1,hotel owner threatens death hope l die result bad review bed bugs hotel room reported booking com nothing,18,105
Booking.com,Travel,Booking.com is fine until something…,"Booking.com is fine until something goes wrong — never again

After two separate experiences where Booking.com failed us when we actually needed their help, I will never use Booking.com again.

The first occurred on a trip to Madeira. I specifically purchased and paid for an ocean-view room through Booking.com. When we arrived, we were given a terrible room with no ocean view. It felt like a bait-and-switch — the room we received was not what I had purchased.

I contacted Booking.com expecting them to stand behind a reservation made through their platform. Instead, I was told that the room had been sold through a third-party supplier and Booking.com would not resolve the problem.

I found that unacceptable. I booked through Booking.com, not some third party I had never heard of. If Booking.com chooses to sell inventory supplied by another company, I believe Booking.com should still stand behind what it sells to its customers.

Unfortunately, our recent experience in Okinawa was even worse.

Our flights home were cancelled because of a typhoon, leaving us stranded in Japan. We had purchased our tickets through Booking.com, so we repeatedly contacted them for help. After numerous calls and hours trying to get assistance, Booking.com was unable to get us home within a reasonable period. At one point, the option they gave us could have left us stranded in Japan for nearly two additional weeks.

We finally took matters into our own hands and went directly to the airline at the airport. By being persistent and dealing with the airline ourselves, we were able to get confirmed flights home much sooner.

I don't blame Booking.com for a typhoon or an airline cancelling flights. I also understand that hotels make mistakes. What matters to me is what the company I booked through does when something goes wrong.

And that is where Booking.com has failed us — twice.

The contrast with my experiences using Expedia could not be greater. I have also encountered travel problems with Expedia, but when I needed help, Expedia stood behind me 100%. That is what I expect from a company I trust with my travel arrangements.

I'm not giving up on online travel agencies. I'm giving up on Booking.com.

Two serious problems on two different trips. Two opportunities for Booking.com to stand behind its customer. Twice they failed us.

I will not use Booking.com again for hotels, flights, or anything else. My future travel will be booked through Expedia, because my own experience has shown me which company is there for me when something goes wrong.",1,"August 7, 2026",6a7bee1794b5d65f79f75eef,customer,Negative,2561,-1,booking com fine something goes wrong never two separate experiences booking com failed us actually needed help never use booking com first occurred trip madeira specifically purchased paid ocean view room booking com arrived given terrible room no ocean view felt like bait switch room received not purchased contacted booking com expecting stand behind reservation made platform instead told room sold third party supplier booking com would not resolve problem found unacceptable booked booking com not third party never heard booking com chooses sell inventory supplied another company believe booking com still stand behind sells customers unfortunately recent experience okinawa even worse flights home cancelled typhoon leaving us stranded japan purchased tickets booking com repeatedly contacted help numerous calls hours trying get assistance booking com unable get us home within reasonable period one point option gave us could left us stranded japan nearly two additional weeks finally took matters hands went directly airline airport persistent dealing airline able get confirmed flights home much sooner don't blame booking com typhoon airline cancelling flights also understand hotels make mistakes matters company booked something goes wrong booking com failed us twice contrast experiences using expedia could not greater also encountered travel problems expedia needed help expedia stood behind 100 expect company trust travel arrangements not giving online travel agencies giving booking com two serious problems two different trips two opportunities booking com stand behind customer twice failed us not use booking com hotels flights anything else future travel booked expedia experience shown company something goes wrong,253,1742
Booking.com,Travel,Absolute nightmare customer service is…,Absolute nightmare customer service is atrocious still struggling to get money back from them on their end even though the property has nothing on their end. Avoid at all cost it is a scam.,1,"August 9, 2026",6a7be74310ec4d24d340e886,Levi Haven,Negative,189,-1,absolute nightmare customer service atrocious still struggling get money back end even though property nothing end avoid cost scam,19,130
Booking.com,Travel,DO NOT USE booking.com,"DO NOT USE booking.com

I have been using booking.com for flights and hotels. One time I had to reschedule my flight booking while I was in oversees. They told me it will cost me $1400 extra. I went straight to the airline it cost me $270.
2nd time I canceled my flight duty emergency. Qatar Airways sent me an email with refund receipt confirming that my refund was processed to the travel agent. When I contacted booking.com they denied that they have received my refund and said they will investigate and never received a reply.",1,"March 31, 2026",6a7bbb29bc4a04c44f4d4e0f,Mohamed Nor,Negative,531,-1,not use booking com using booking com flights hotels one time reschedule flight booking oversees told cost 1400 extra went straight airline cost 270 2nd time canceled flight duty emergency qatar airways sent email refund receipt confirming refund processed travel agent contacted booking com denied received refund said investigate never received reply,52,352
Booking.com,Travel,Extremely disappointing customer service,"I have been using Booking.com for years, both as a customer and in connection with my business, but my recent experience has been extremely disappointing.

I booked an apartment in Bangkok for 3 people but there was only 1 bed, no sofa bed as per the listing, so it was impossible for us to stay. Booked 6 nights, stayed 1. Contacted the host and customer service - both were of no help and did not come back to me.

I had a genuine issue that required proper investigation, yet instead of receiving meaningful help, I was passed between different customer service agents, repeatedly had to explain the situation, and received generic responses that did not actually address the problem.

What is particularly frustrating is that despite repeatedly asking for the matter to be escalated to a supervisor or someone with the authority to properly investigate it, I was unable to get through to anyone who could take ownership of the case.

For a company as large as Booking.com, I would expect much better customer service and a clear escalation process when something goes wrong.

The problem itself is frustrating, but the lack of accountability and difficulty getting a senior person to properly review the situation is what has left me most disappointed.

After years of using Booking.com, this experience has seriously damaged my confidence in the company. I hope Booking.com reviews how these cases are handled, because customers should not have to fight this hard simply to have a genuine complaint properly investigated.",1,"July 2, 2026",6a7bba729c55385d61a5bad3,Rob in Krabi,Negative,1526,-1,using booking com years customer connection business recent experience extremely disappointing booked apartment bangkok 3 people 1 bed no sofa bed per listing impossible us stay booked 6 nights stayed 1 contacted host customer service no help not come back genuine issue required proper investigation yet instead receiving meaningful help passed different customer service agents repeatedly explain situation received generic responses not actually address problem particularly frustrating despite repeatedly asking matter escalated supervisor someone authority properly investigate unable get anyone could take ownership case company large booking com would expect much better customer service clear escalation process something goes wrong problem frustrating lack accountability difficulty getting senior person properly review situation left disappointed years using booking com experience seriously damaged confidence company hope booking com reviews cases handled customers not fight hard simply genuine complaint properly investigated,137,1040
Booking.com,Travel,"We Paid, Were Denied Our Stay, Then Received Check-Out Instructions","My wife and I had an extremely troubling experience involving Booking.com and Chez nous Mulhouse - Hyper Centre - Parking - Balcon - Netflix, located at 4 Avenue Robert Schuman, Mulhouse, France.

Our reservation for August 9–12, 2026 was confirmed and paid for. Booking.com confirmed that the property was expecting us, and we received check-in instructions.

However, when it was time for our stay, we were not allowed to use the accommodation. We received no cancellation notice whatsoever. I only discovered that the reservation had supposedly been canceled after personally calling the property at +33 6 07 19 14 44.

The man who answered was extremely rude and dismissive. He told me that he had canceled the reservation and that I should contact my booking agent. His handling of the situation gave me the disturbing impression that this was not unusual. People I subsequently spoke with in Mulhouse also told me they were aware of similar problems involving this particular accommodation. I cannot independently verify their individual experiences, but what I was told added to my concerns.

My wife and I were left stranded without the accommodation we had already booked and paid for. We were forced to find another hotel at the last minute and pay a higher price.

To add insult to injury, on August 12 the property had the audacity to send me a message telling me to check out before 11:00 AM, as though my wife and I had actually stayed there. The message even gave instructions about cleaning the dishes, leaving towels on the bed, returning the keys, and encouraged me to give the property the highest rating if I had enjoyed my stay.

Let me be absolutely clear: **my wife and I never entered or stayed at this property. We were denied the accommodation.**

I have preserved the Booking.com confirmation, the property's check-in and check-out messages, call records, payment records, and proof of the replacement hotel.

I am sharing this publicly because I do not want another traveler or family to experience what happened to us. The circumstances raise serious concerns and, in my view, warrant a thorough investigation by Booking.com.

Travelers should be able to rely on a confirmed and paid reservation. What happened to us was completely unacceptable.",1,"August 12, 2026",6a7bb68afb21483b4eb84ff5,Sekou Kesselly,Negative,2274,-1,wife extremely troubling experience involving booking com chez nous mulhouse hyper centre parking balcon netflix located 4 avenue robert schuman mulhouse france reservation august 9 12 2026 confirmed paid booking com confirmed property expecting us received check instructions however time stay not allowed use accommodation received no cancellation notice whatsoever discovered reservation supposedly canceled personally calling property 33 6 07 19 14 44 man answered extremely rude dismissive told canceled reservation contact booking agent handling situation gave disturbing impression not unusual people subsequently spoke mulhouse also told aware similar problems involving particular accommodation cannot independently verify individual experiences told added concerns wife left stranded without accommodation already booked paid forced find another hotel last minute pay higher price add insult injury august 12 property audacity send message telling check 11 00 though wife actually stayed message even gave instructions cleaning dishes leaving towels bed returning keys encouraged give property highest rating enjoyed stay let absolutely clear wife never entered stayed property denied accommodation preserved booking com confirmation property's check check messages call records payment records proof replacement hotel sharing publicly not want another traveler family experience happened us circumstances raise serious concerns view warrant thorough investigation booking com travelers able rely confirmed paid reservation happened us completely unacceptable,208,1569
Booking.com,Travel,I had an experience at a hotel in…,"I had an experience at a hotel in Hastings which was absolutely disgusting. The hotel smelled, was unfit for purpose and in general a disgrace.

Booking.com customer service is non existent, made me go through hoop after hoop trying to even get a response, then did absolutely nothing about it.

Particularly falling is that they will say they bear no responsibility for the places they represent. Avoid.",1,"June 18, 2026",6a7bb1f5efe50362e1757b43,LOZ BLACKMAN,Negative,404,-1,experience hotel hastings absolutely disgusting hotel smelled unfit purpose general disgrace booking com customer service non existent made go hoop hoop trying even get response absolutely nothing particularly falling say bear no responsibility places represent avoid,36,267
Booking.com,Travel,Corporate greed at its best,This company is a prime example of corporate greed. I have used them several times in the past but they will never get another dime out of me,1,"August 11, 2026",6a7b9e9dd4e4130ff343f4e4,Dale Taylor,Negative,141,-1,company prime example corporate greed used several times past never get another dime,13,84
Booking.com,Travel,Cancelled my hotel,I booked my mum and dad a hotel in Blackpool for 2 nights last weekend for the airshow. They arrived at the hotel to be told the room was cancelled. I checked on booking.com it said confirmed. I tried to get on again they disabled my account and at the bottom it said cancelled by property. I spoke to the hotel and they sent proof of information stating cancelled by booking.com. Never using them again. Luckily enough I found them one the other side of Blackpool. They have had so much stress over the last few months I wanted them to go on holiday to relax but first day was stressful for them thanks to booking.com oh and I had no email or message to say it had been cancelled.,1,"August 8, 2026",6a7b9643e0b40871b38042f3,Sarah,Negative,681,-1,booked mum dad hotel blackpool 2 nights last weekend airshow arrived hotel told room cancelled checked booking com said confirmed tried get disabled account bottom said cancelled property spoke hotel sent proof information stating cancelled booking com never using luckily enough found one side blackpool much stress last months wanted go holiday relax first day stressful thanks booking com oh no email message say cancelled,65,425
Booking.com,Travel,Impossible to contact to follow up a refund,My booking was disrupted so I had to book an alternative. Booking.com offered to refund the difference in price. Been waiting a month and nothing. You can't email or message them and if you eventually get past the AI call handler then you queue for 20 mins. Once you do get a person they then ask you to hold while they review your account then they just leave you on hold. Been waiting 30mins while the guy reviews my account. Next step is a charge back through my back.,1,"August 11, 2026",6a7b8798417655a45261b192,Catherine Willoughby,Negative,471,-1,booking disrupted book alternative booking com offered refund difference price waiting month nothing can't email message eventually get past ai call handler queue 20 mins get person ask hold review account leave hold waiting 30mins guy reviews account next step charge back back,43,278
Booking.com,Travel,AWFUL company with terrible customer service. Do not use.,"I used Booking.Com to purchase flights for an upcoming holiday with my husband. I paid for the flights on 05/07/26 and I did not receive any confirmation of the flight booking. When I became aware of this problem in early August, I contacted Booking.Com on several occasions to explain that I had a completed charge on my bank account but had not received the flight details and to ask for them. I was not able to speak to customer service because I did not have a booking number. I tried sending a message and they sent a link to their FAQs about flight bookings, none of which were helpful in my situation. I was given generic advice to check my email spam (still no booking confirmation found) or to check the details in my booking page (no booking found in my online account). I then contacted the flight company (Ryanair) and they were able to let me know that they do have a record of the flights booked in my name but they were unable to share the details because I could not let them know the card details which were used to pay for the flights (they did not match my card details because I paid Booking.Com and Booking.Com then paid Ryanair) so Ryanair were not able to confirm my flights as Booking.Com need to do this. This has caused a huge amount of stress and anxiety given that the holiday is approaching imminently and I do not have the peace of mind of knowing that our flights are confirmed. I have raised a complaint with my credit card company but due to the timeframes of this, it seems that unless Booking.Com are able to contact us and share with us that flight booking confirmation, we will have no choice but to book the same flights elsewhere (likely now at higher cost) and to make a formal complaint against Booking.Com for these issues. Overall a huge disappointment. They have shown a complete lack of care for their customers, by not even providing the opportunity to speak to a person via the phone (only an AI agent who is of no use) and by not providing an email address or any way to contact them, without a booking confirmation reference (which we have paid for and they have not provided). A huge hassle. I will never be using this company again and will advise everyone I know to avoid them.",1,"August 11, 2026",6a7b7fe470caee3c8bdcf392,Lauren Messling,Negative,2229,-1,used booking com purchase flights upcoming holiday husband paid flights 05 07 26 not receive confirmation flight booking became aware problem early august contacted booking com several occasions explain completed charge bank account not received flight details ask not able speak customer service not booking number tried sending message sent link faqs flight bookings none helpful situation given generic advice check email spam still no booking confirmation found check details booking page no booking found online account contacted flight company ryanair able let know record flights booked name unable share details could not let know card details used pay flights not match card details paid booking com booking com paid ryanair ryanair not able confirm flights booking com need caused huge amount stress anxiety given holiday approaching imminently not peace mind knowing flights confirmed raised complaint credit card company due timeframes seems unless booking com able contact us share us flight booking confirmation no choice book flights elsewhere likely higher cost make formal complaint booking com issues overall huge disappointment shown complete lack care customers not even providing opportunity speak person via phone ai agent no use not providing email address way contact without booking confirmation reference paid not provided huge hassle never using company advise everyone know avoid,209,1407
Booking.com,Travel,REALLY A HORRIBLE SITE THAT DOES NOT…,REALLY A HORRIBLE SITE THAT DOES NOT REFUND YOU WHEN THEY SAY THEY WILL DO TO THEIR ERROR OF CHARGING YOU AT A PLACE YOU DID NOT STAY,1,"July 9, 2026",6a7b7b362f8c8a85179abe01,Arvi Gill,Negative,133,-1,really horrible site not refund say error charging place not stay,11,65
Booking.com,Travel,Booked for 15th to 16th August,"Booked for 15th to 16th August
Money taken confirmation received.
Phoned B&B with a query about parking no answer.
Emailed direct only to be told the establishment was not operating at all.
Would have turned up with no accommodation available.
Lucky someone answered email.
Now have to wait for money to be reimburse d.
Still advertising on booking.com 1 room left apparently ??",1,"August 11, 2026",6a7b7a6f7f52dca716dcbbce,Wendy Andrews,Negative,378,-1,booked 15th 16th august money taken confirmation received phoned b b query parking no answer emailed direct told establishment not operating would turned no accommodation available lucky someone answered email wait money reimburse still advertising booking com 1 room left apparently,41,283
Booking.com,Travel,Great customer service very helpful…,Great customer service very helpful and clean rooms,5,"August 11, 2026",6a7b73ce15602f6a4993172c,Jennifer Alonzo,Positive,51,1,great customer service helpful clean rooms,6,42
Booking.com,Travel,Refund major problem,"I was double booked, booking.com tech error, hotel paid back the money within a week to booking.com, it’s taken countless long calls, countless ways to prove I am
owed my money back. 2 months later I am chasing. Front line customer services are set up to be awkward, time consuming, unhelpful, just keeping you hanging! steer clear. So disappointed with the stressful experience.",1,"June 3, 2026",6a7b733a9e321e509fa2863c,Clive Evans,Negative,379,-1,double booked booking com tech error hotel paid back money within week booking com taken countless long calls countless ways prove owed money back 2 months later chasing front line customer services set awkward time consuming unhelpful keeping hanging steer clear disappointed stressful experience,44,297
Booking.com,Travel,Is there an option for a 0 star review,"Is there an option for a 0 star review?
The worst company to ever exist. These is 0 support for businesses working with them. No costumer support they don’t care at all for hotels who work with them.
They believe everything the costumer says and charge the hotels for everything.",1,"August 10, 2026",6a7b68b549956037371d118e,User,Negative,279,-1,option 0 star review worst company ever exist 0 support businesses working no costumer support care hotels work believe everything costumer says charge hotels everything,25,169
Booking.com,Travel,My experience was extremely bad\,"My experience was extremely bad\. Honestly, they don’t even deserve one star\. I booked a hotel through them, but when I contacted the hotel directly, they told me that there was no reservation under my name\.

The worst part was when I contacted them for help\. They did absolutely nothing to assist me and responded to my calls in a very cold and careless manner\.

What makes this even more serious is that I needed the hotel reservation for my visa application, and the authorities may contact the hotel to verify whether I actually have a reservation or not\. Unfortunately, this situation is extremely serious and feels like a complete scam\. I am very disappointed with their service and would never recommend them\.",1,"August 10, 2026",6a7b6308dc4543aff9a6ab97,Ikram,Negative,723,-1,experience extremely bad honestly even deserve one star booked hotel contacted hotel directly told no reservation name worst part contacted help absolutely nothing assist responded calls cold careless manner makes even serious needed hotel reservation visa application authorities may contact hotel verify whether actually reservation not unfortunately situation extremely serious feels like complete scam disappointed service would never recommend,59,448
Booking.com,Travel,Dont trust booking.com booking they cancel anytime,They have worst booking system in industry. They double booked our cottage booking and cancel our reservation 1.5 hour before check-in and replaced it with low facility mini pods. Their customer support is not so helpful and can be called useless and they didn't help enough for our refund.,1,"August 1, 2026",6a7b5f7bcbb89deb623ac46f,Chintan S Mehta,Negative,290,-1,worst booking system industry double booked cottage booking cancel reservation 1 5 hour check replaced low facility mini pods customer support not helpful called useless didn't help enough refund,29,195
Booking.com,Travel,Great Value for Printer Supplies,Ink n Toner UK offers a useful range of genuine and compatible ink and toner cartridges at different price points. The focus on keeping printing costs down makes it a practical option for home and office printing needs.,5,"August 10, 2026",6a7b5c2cc319e3914135eea4,Alberto James Hopkins,Positive,219,1,ink n toner uk offers useful range genuine compatible ink toner cartridges different price points focus keeping printing costs makes practical option home office printing needs,26,176
Booking.com,Travel,Bed bugs and lack of assistance,"I have been using Booking.com for years, but this experience completely changed my opinion of the platform.

During my stay at a hostel in Barcelona, I found a small insect on my bed that appeared consistent with a bed bug nymph. I kept the insect and provided photographs as evidence.

I immediately contacted Booking.com and was asked to send all the evidence by email. More than 48 hours later, I still have not received any response from Booking.com or the property.

I had to leave the accommodation and book another place myself. In the end, I had to book alternative accommodation through Airbnb because Booking.com did not provide timely assistance.

This lack of support has made me lose trust in Booking.com, and unfortunately I will not be using the platform again.",1,"August 8, 2026",6a7b5ba8c39ee153ceb048bd,Katia Schiavone,Negative,776,-1,using booking com years experience completely changed opinion platform stay hostel barcelona found small insect bed appeared consistent bed bug nymph kept insect provided photographs evidence immediately contacted booking com asked send evidence email 48 hours later still not received response booking com property leave accommodation book another place end book alternative accommodation airbnb booking com not provide timely assistance lack support made lose trust booking com unfortunately not using platform,71,512
Booking.com,Travel,– Booking.com completely failed to…,"– Booking.com completely failed to support me when I needed them

I am extremely disappointed with Booking.com and their customer service.

I made a hotel reservation through Booking.com for a trip to Greece. Unfortunately, one of the guests was officially refused a Greek visa. This was completely beyond our control, and we have official documentation proving the visa refusal.

We had booked two separate rooms. Since one of the guests could no longer travel because of the visa refusal, we contacted the hotel and Booking.com and asked for a reasonable solution: either changing the room arrangement so that the remaining guests could stay together in one room, or cancelling the room belonging to the guest who could not travel and receiving a partial refund.

The hotel refused to make any adjustment, stating that they charge per room rather than per guest.

What is even more disappointing is Booking.com’s attitude. Booking.com was the platform through which we made the reservation, yet when we needed help, they simply referred us back to the hotel’s policy instead of genuinely trying to resolve the situation.

We contacted customer service multiple times and explained the situation clearly. We provided the visa refusal documentation and repeatedly asked for assistance. However, instead of offering a practical solution, we received generic responses and were essentially left to deal with the problem ourselves.

I understand that hotels have cancellation policies. However, when a guest is officially denied a visa and is therefore unable to travel, I believe a major international booking platform should at least make a genuine effort to mediate and find a fair solution.

I was not asking Booking.com to simply refund everything without question. I was asking them to help. They failed to do even that.

This experience has completely changed my opinion of Booking.com. It is easy to book a hotel through a platform when everything goes smoothly. The real test of customer service is what happens when something unexpected and genuinely outside the customer’s control occurs.

Unfortunately, in my case, Booking.com did not stand behind its customer.

I expected assistance, communication with the property and a genuine attempt to find a reasonable solution. Instead, I felt completely abandoned.

I have the reservation details, correspondence with Booking.com and the hotel, as well as the official visa refusal document, and I can provide all supporting evidence if necessary.

Very disappointing experience. I will seriously reconsider using Booking.com for future trips.",1,"July 29, 2026",6a7b5860a773f3e532516298,Tuğçe Bora,Negative,2597,-1,booking com completely failed support needed extremely disappointed booking com customer service made hotel reservation booking com trip greece unfortunately one guests officially refused greek visa completely beyond control official documentation proving visa refusal booked two separate rooms since one guests could no longer travel visa refusal contacted hotel booking com asked reasonable solution either changing room arrangement remaining guests could stay together one room cancelling room belonging guest could not travel receiving partial refund hotel refused make adjustment stating charge per room rather per guest even disappointing booking com attitude booking com platform made reservation yet needed help simply referred us back hotel policy instead genuinely trying resolve situation contacted customer service multiple times explained situation clearly provided visa refusal documentation repeatedly asked assistance however instead offering practical solution received generic responses essentially left deal problem understand hotels cancellation policies however guest officially denied visa therefore unable travel believe major international booking platform least make genuine effort mediate find fair solution not asking booking com simply refund everything without question asking help failed even experience completely changed opinion booking com easy book hotel platform everything goes smoothly real test customer service happens something unexpected genuinely outside customer control occurs unfortunately case booking com not stand behind customer expected assistance communication property genuine attempt find reasonable solution instead felt completely abandoned reservation details correspondence booking com hotel well official visa refusal document provide supporting evidence necessary disappointing experience seriously reconsider using booking com future trips,245,1899
Booking.com,Travel,Long-term customer happy with maybe 100 bookings,"People are only energised to write a review when something goes wrong.
I've been using booking.com for a dozen bookings every year since at least 2018. The website works well, it's very clear what your options are, and all the filters work well. When you get there, it's a real hotel - not like some of the horror stories for more ""innovative"" booking sites. On two occasions I've needed customer service because the hotel was being unreasonable: both times booking.com answered the phone, intervened, and got a successful outcome on my behalf.
With the volume of bookings that they handle, of course things will go wrong, and those are the ones who come here to give 1* reviews. But I am a happy loyal customer who uses them with confidence.",5,"August 11, 2026",6a7b565c7ca7e92861044262,dorinho,Positive,742,1,people energised write review something goes wrong using booking com dozen bookings every year since least 2018 website works well clear options filters work well get real hotel not like horror stories innovative booking sites two occasions needed customer service hotel unreasonable times booking com answered phone intervened got successful outcome behalf volume bookings handle course things go wrong ones come give 1 reviews happy loyal customer uses confidence,69,465
Booking.com,Travel,"Paid extra for Flexible Tickets, but rebooking costs more than buying new flights","I am extremely dissatisfied with Booking.com / Gotogate.

When I originally booked my flights, I paid an additional £13 per passenger for the Flexible Ticket option, specifically so that I could change my travel dates without paying amendment or rebooking fees, with only any fare difference payable if applicable.

I am travelling with two passengers, so I paid extra specifically for this flexibility.

Now I need to change my London–Rome and Rome–London flights, and Gotogate is asking me to pay approximately £128 to amend my existing tickets.

However, I have documented evidence showing that completely new return tickets for the required dates can be purchased for substantially less. At one point I found the new return journey for around £49, and I also have a current Booking.com quotation showing £90 total for two travellers, including taxes and fees.

Even more importantly, the replacement fare itself was lower than the fare I originally paid, meaning the fare difference was effectively negative.

So I paid extra for a Flexible Ticket advertised as allowing changes without amendment fees, yet when I actually try to use it, I am being asked to pay £128 even though the replacement flights are cheaper than my original booking and cheaper to buy again as completely new tickets.

This makes absolutely no sense to me.

I repeatedly asked customer service to provide a transparent breakdown explaining exactly how the £128 charge was calculated, including the fare difference, airline amendment fees and any other charges.

I have not received a satisfactory explanation.

In my opinion, this makes the Flexible Ticket product extremely difficult to justify. I paid extra in advance specifically to avoid rebooking fees, but when I actually need to use the flexibility I purchased, the cost of amending the tickets is higher than simply abandoning them and purchasing new flights.

I have now raised a formal dispute with Clearpay and supplied supporting evidence, including screenshots of the rebooking quotation, current replacement fares and my communications with Booking.com / Gotogate.

If this matter is not resolved satisfactorily, I will consider escalating the payment dispute further through my card issuer.

My advice to other customers is simple: be extremely careful before paying extra for the Flexible Ticket option through Gotogate / Booking.com.

Based on my experience, the practical benefit of this product is very questionable when a customer can apparently be charged more to amend an existing ticket than to buy an entirely new one.",1,"August 11, 2026",6a7b41adc4566e95a50d858f,Edmarco Lenkaitis,Negative,2571,-1,extremely dissatisfied booking com gotogate originally booked flights paid additional 13 per passenger flexible ticket option specifically could change travel dates without paying amendment rebooking fees fare difference payable applicable travelling two passengers paid extra specifically flexibility need change london rome rome london flights gotogate asking pay approximately 128 amend existing tickets however documented evidence showing completely new return tickets required dates purchased substantially less one point found new return journey around 49 also current booking com quotation showing 90 total two travellers including taxes fees even importantly replacement fare lower fare originally paid meaning fare difference effectively negative paid extra flexible ticket advertised allowing changes without amendment fees yet actually try use asked pay 128 even though replacement flights cheaper original booking cheaper buy completely new tickets makes absolutely no sense repeatedly asked customer service provide transparent breakdown explaining exactly 128 charge calculated including fare difference airline amendment fees charges not received satisfactory explanation opinion makes flexible ticket product extremely difficult justify paid extra advance specifically avoid rebooking fees actually need use flexibility purchased cost amending tickets higher simply abandoning purchasing new flights raised formal dispute clearpay supplied supporting evidence including screenshots rebooking quotation current replacement fares communications booking com gotogate matter not resolved satisfactorily consider escalating payment dispute card issuer advice customers simple extremely careful paying extra flexible ticket option gotogate booking com based experience practical benefit product questionable customer apparently charged amend existing ticket buy entirely new one,241,1888
Booking.com,Travel,I thought using booking.com would save…,I thought using booking.com would save me a little money. My room was overbooked. The hotel couldn't adjust the reservation without booking.com. It took me 2 hours sitting in the hotel lobby to get in-person help. Then the hotel room cost me more than it would have if I had just booked it directly in the first place. The hotel told me it's always that way.,1,"August 7, 2026",6a7b411cf037c5dceaba73a9,Abram Young,Negative,358,-1,thought using booking com would save little money room overbooked hotel couldn't adjust reservation without booking com took 2 hours sitting hotel lobby get person help hotel room cost would booked directly first place hotel told always way,38,240
Booking.com,Travel,My daughter book the wrong hotel witch…,"My daughter book the wrong hotel witch was Coastal inn, WE thought she was booken Coastal Palms hotel suite i call told them honest mistake booking. Com Took my entire payment of $402.00 told they can't give me a refund,I called the same day Booking. Com is a big scam please don't trust these people they are scamming people.",1,"August 9, 2026",6a7b3e1e748f599901be48e1,Mark Mitchner,Negative,326,-1,daughter book wrong hotel witch coastal inn thought booken coastal palms hotel suite call told honest mistake booking com took entire payment 402 00 told can't give refund called day booking com big scam please don't trust people scamming people,40,245
Booking.com,Travel,Dangerous property and ignored formal complaint,"My parents booked holiday accommodation through Booking.com. The photographs and listing did not give a true representation of the property. In particular, the extremely slippery marble spiral staircase was not shown, and my parents would not have booked the property had they known about it. As far as they could see from the photos, the property appeared to be on a single level.

During their stay, my 79-year-old mother slipped and fell down the stairs, suffering a life-threatening head injury including a fractured skull and brain bleed.

There were also other serious maintenance and safety issues with the property. After I travelled out to help my parents, the bathroom light switch came away from the wall in my hand during normal use, exposing the electrical wiring.

Over a month ago, we submitted a formal written complaint to Booking.com setting out our concerns. Despite the seriousness of what happened, Booking.com has completely ignored the complaint and provided no response whatsoever.

This is extremely disappointing. We expected Booking.com to take a serious safety complaint of this nature seriously and at the very least have the decency to respond to it.",1,"July 9, 2026",6a7b3dca8867744e5029b63d,Geoduck,Negative,1180,-1,parents booked holiday accommodation booking com photographs listing not give true representation property particular extremely slippery marble spiral staircase not shown parents would not booked property known far could see photos property appeared single level stay 79 year old mother slipped fell stairs suffering life threatening head injury including fractured skull brain bleed also serious maintenance safety issues property travelled help parents bathroom light switch came away wall hand normal use exposing electrical wiring month ago submitted formal written complaint booking com setting concerns despite seriousness happened booking com completely ignored complaint provided no response whatsoever extremely disappointing expected booking com take serious safety complaint nature seriously least decency respond,110,824
Booking.com,Travel,⭐ 1/5,"⭐ 1/5 — EXTREMELY DISAPPOINTING EXPERIENCE — AVOID BOOKING.COM

I am writing this review after repeatedly trying to resolve a serious issue with Booking.com and receiving no proper solution.

I made a reservation through Booking.com for Montenegro Lodge in Kavač, Montenegro (Booking Confirmation No. 5698872168) and paid for the accommodation.

When we arrived, we were informed that the property was FULLY BOOKED and could not accommodate us, despite the fact that we had a confirmed and paid reservation through Booking.com.

We were left without the accommodation we had already paid for and had to deal with finding another place to stay at the last minute. This situation was completely outside of our control.

Since then, I have tried REPEATEDLY to contact Booking.com through their available customer service channels regarding my refund. I have sent messages, tried their customer service system and followed up multiple times, yet I still have NO proper resolution and NO refund.

What makes this even more unacceptable is that I did not cancel because I changed my plans. The property itself could not provide the accommodation that Booking.com had confirmed and accepted payment for.

I should not have to spend days chasing a company to recover money for a service that was NEVER PROVIDED.

Booking.com should take responsibility for reservations made through its platform and protect customers when a confirmed property cannot accommodate them. Instead, I have been left chasing customer service with no clear answer about when my money will be returned.

This has caused unnecessary stress, inconvenience and additional expense during our trip.

I am requesting an immediate FULL REFUND to my original payment method and written confirmation that this case has been resolved.

Until Booking.com returns my money and properly addresses this complaint, I cannot recommend using this platform.

⚠️ My advice to other travelers: think very carefully before paying for accommodation through Booking.com. If something goes wrong with your reservation, getting proper assistance or even getting your money back can be extremely difficult.

I will update this review if and when Booking.com finally refunds my money and resolves the case.",1,"August 7, 2026",6a7b35419a31d4c40a1cebab,Rimooo Rimooo,Negative,2246,-1,1 5 extremely disappointing experience avoid booking com writing review repeatedly trying resolve serious issue booking com receiving no proper solution made reservation booking com montenegro lodge kava montenegro booking confirmation no 5698872168 paid accommodation arrived informed property fully booked could not accommodate us despite fact confirmed paid reservation booking com left without accommodation already paid deal finding another place stay last minute situation completely outside control since tried repeatedly contact booking com available customer service channels regarding refund sent messages tried customer service system followed multiple times yet still no proper resolution no refund makes even unacceptable not cancel changed plans property could not provide accommodation booking com confirmed accepted payment not spend days chasing company recover money service never provided booking com take responsibility reservations made platform protect customers confirmed property cannot accommodate instead left chasing customer service no clear answer money returned caused unnecessary stress inconvenience additional expense trip requesting immediate full refund original payment method written confirmation case resolved booking com returns money properly addresses complaint cannot recommend using platform advice travelers think carefully paying accommodation booking com something goes wrong reservation getting proper assistance even getting money back extremely difficult update review booking com finally refunds money resolves case,204,1565
Booking.com,Travel,Avoid using Booking.com at all costs,"Booking made via booking.com for third party hotel, payment taken from credit card without authorisation by booking.com, timing of this not stipulated in booking email confirmation, contacted customer services via on line chat, phone, email, contacts Engellyn, Rob and Johnabel all either disconnected me or were unresponsive to chats, subsequently contacted their CEO. maybe he will respond but I doubt it!.
Shocking customer service.",1,"August 11, 2026",6a7b2f887468e6af1a062e40,Deborah Haywood,Negative,435,-1,booking made via booking com third party hotel payment taken credit card without authorisation booking com timing not stipulated booking email confirmation contacted customer services via line chat phone email contacts engellyn rob johnabel either disconnected unresponsive chats subsequently contacted ceo maybe respond doubt shocking customer service,47,352
Booking.com,Travel,If I could give a minus I would,"If I could give a minus I would. Cancelled my partners hotel without telling him. On arrival home we chased for the refund as they still took half of the money. They tried to blame the hotel saying they cancelled it and would have to ask them for the refund. Still a month on and no sign of any money and are trying to say that their cancellation policy is to take half of the initial charge, despite them being the ones to cancel. Call handlers don't have a clue what they are doing and when we try to raise a complaint just get an automatic email saying error. Absolute joke!! We will get our money back no matter what it takes. Avoid booking com at all costs please.",1,"August 11, 2026",6a7b2b4f659e282b5353e365,W,Negative,669,-1,could give minus would cancelled partners hotel without telling arrival home chased refund still took half money tried blame hotel saying cancelled would ask refund still month no sign money trying say cancellation policy take half initial charge despite ones cancel call handlers don't clue try raise complaint get automatic email saying error absolute joke get money back no matter takes avoid booking com costs please,66,420
Booking.com,Travel,DO NOT USE BOOKING.COM.,"DO NOT USE BOOKING.COM.

I attempted to change the dates of my reservation well before the 48-hour deadline because I became seriously ill. Despite repeatedly trying to resolve this, I have gotten absolutely nowhere.

Booking.com has repeatedly disconnected my calls when I ask to speak with a supervisor. Westgate has not responded to my calls or emails, and Booking.com keeps telling me they cannot reach the property either.

I did what I was supposed to do and attempted to change my reservation within the required timeframe. Yet I am now stuck in the middle because Booking.com and Westgate cannot—or will not—communicate with each other.

What is most upsetting is the complete lack of assistance from Booking.com. If you are going to act as the booking platform and take customers’ money, you should also be willing and able to help when there is a legitimate problem with a reservation.

I am documenting every call, email, and attempt I have made to resolve this and will be filing a formal complaint with the Better Business Bureau as well.

Based on my experience, I absolutely cannot recommend Booking.com.",1,"August 11, 2026",6a7b29c309b0bae22e04581e,Jennifer Kelly,Negative,1119,-1,not use booking com attempted change dates reservation well 48 hour deadline became seriously ill despite repeatedly trying resolve gotten absolutely nowhere booking com repeatedly disconnected calls ask speak supervisor westgate not responded calls emails booking com keeps telling cannot reach property either supposed attempted change reservation within required timeframe yet stuck middle booking com westgate cannot not communicate upsetting complete lack assistance booking com going act booking platform take customers money also willing able help legitimate problem reservation documenting every call email attempt made resolve filing formal complaint better business bureau well based experience absolutely cannot recommend booking com,100,744
Booking.com,Travel,Extraordinary,"Booking.com has completely transformed the way I approach travel planning. As someone who values efficiency and clarity, I find their platform to be an absolute game-changer. The interface is incredibly intuitive, making it a breeze to compare rates, filter by specific amenities, and pinpoint the perfect accommodation for any trip. Booking.com has completely transformed the way I approach travel planning. As someone who values efficiency and clarity, I find their platform to be an absolute game-changer. The interface is incredibly intuitive, making it a breeze to compare rates, filter by specific amenities, and pinpoint the perfect accommodation for any trip. Booking.com has completely transformed the way I approach travel planning. As someone who values efficiency and clarity, I find their platform to be an absolute game-changer. The interface is incredibly intuitive, making it a breeze to compare rates, filter by specific amenities, and pinpoint the perfect accommodation for any trip.",5,"July 11, 2026",6a7b1ba91f72a87c80cfc1ef,Ahmed Ezzat,Positive,1001,1,booking com completely transformed way approach travel planning someone values efficiency clarity find platform absolute game changer interface incredibly intuitive making breeze compare rates filter specific amenities pinpoint perfect accommodation trip booking com completely transformed way approach travel planning someone values efficiency clarity find platform absolute game changer interface incredibly intuitive making breeze compare rates filter specific amenities pinpoint perfect accommodation trip booking com completely transformed way approach travel planning someone values efficiency clarity find platform absolute game changer interface incredibly intuitive making breeze compare rates filter specific amenities pinpoint perfect accommodation trip,93,764
Booking.com,Travel,booking.com lied,"This happened a couple of months ago.It is absolutely disgusting that a big company like booking com.Treats their customers just like this.

A couple of months my best friend and I travelled to Melbourne from Brisbane for a holiday for a week. We purchase and paid for a 2 bedroom apartment. In the heart of the city, what we got when we arrived was I heard child that was quite pushy, asking us exactly what time we would be in, because i'm not from that area.I said, I don't know, but probably about one.They said, check in is not till 3 and I said, why ask in the first place.

When we arrived, we were shuttled upstairs to the room.As we walked in, I realised that it was one bedroom apartments instead of two bedroom apartments that we actually paid for.... We spent closer 2 hours trying to talk to somebody from booking com, and when I finally got to speak to somebody, they said that they'll call me straight back, they never called back. It was just an email explaining that they will fix it, and nothing was ever fixed. I do have photo evidence. The hotel themselves and booking.com. Did not help at all, so I had to sleep on a couch. For the duration of the stay.... only because I kept hounding them for appropriate answers.And why they made this mistake?They were giving us next to bear minimum of a twenty percent refund that we never have seen at all. I have so much evidence taken on my phone and both hotel and booking com. As I said before, did not help and actually made the stay worse.It was a horrible hotel that is meant to look glamorous and wonderful, and it is not.

Do you know not stay there? It is disgustine. You could hear people next door the walls with that thin, the only thing that worked well was the heater.

The people that work as a hotel were very rude, and they did not care, they're news that they had our money and was not going to return it.",1,"June 23, 2026",6a7b11c53adf9e08a70194c8,Tia Jones,Negative,1884,-1,happened couple months ago absolutely disgusting big company like booking com treats customers like couple months best friend travelled melbourne brisbane holiday week purchase paid 2 bedroom apartment heart city got arrived heard child quite pushy asking us exactly time would not area said don't know probably one said check not till 3 said ask first place arrived shuttled upstairs room walked realised one bedroom apartments instead two bedroom apartments actually paid spent closer 2 hours trying talk somebody booking com finally got speak somebody said call straight back never called back email explaining fix nothing ever fixed photo evidence hotel booking com not help sleep couch duration stay kept hounding appropriate answers made mistake giving us next bear minimum twenty percent refund never seen much evidence taken phone hotel booking com said not help actually made stay worse horrible hotel meant look glamorous wonderful not know not stay disgustine could hear people next door walls thin thing worked well heater people work hotel rude not care news money not going return,172,1094
Booking.com,Travel,Don’t publish negative reviews,Very easy to use and we’ve had no problems. Use it a lot. Losing a star because they ONLY post positive reviews. Negative reviews don’t get published. Do they even let the property know so they have an opportunity act on the issue? Check on other sites for true reviews.,4,"July 25, 2026",6a7b10aa1bdfedec2624fb10,Siobhan Ryan,Positive,270,1,easy use no problems use lot losing star post positive reviews negative reviews get published even let property know opportunity act issue check sites true reviews,26,163
Booking.com,Travel,Do not use this company if you value your sanity.,"If things go wrong they are virtually impossible to correct. Do not use this company if you value your sanity.
The customer service is circus clown level.
But sadly it isn't funny.
Respond to an English request in Polish telling you to use the booking reference that you have stated in the problem ticket that you don't have. gee thanks.
Respond to a flight problem with a number for the accommodation helpline that only deals with accommodation problems. gee thanks doubly so.",1,"August 10, 2026",6a7b044dbb4e9573d2cf542b,Brian Flint,Negative,477,-1,things go wrong virtually impossible correct not use company value sanity customer service circus clown level sadly isn't funny respond english request polish telling use booking reference stated problem ticket don't gee thanks respond flight problem number accommodation helpline deals accommodation problems gee thanks doubly,45,327
Booking.com,Travel,Great Experience,"I love booking because I'm feeling much safer when I travel with them.
I had an issue when my accommodation was awful, and they found me another one in less than 2 hours, which was 2 stars above what I booked.",5,"June 24, 2026",6a7b01bbd46162171be45bd0,Serena Wright,Positive,209,1,love booking feeling much safer travel issue accommodation awful found another one less 2 hours 2 stars booked,18,110
Booking.com,Travel,LIARS!!!!!,"I have been using booking for leisure and business trips since ages. However, I have noticed recently that they massively dropped their standard, to the point that they are useless on something that we have confirmation.

My last experience was by the end of July when we booked 2 apartments in the same block in April 26. Then the property manager upon arrival informed us that our apartments are within 30 min walking distance from each other, you can imagine how painful this was. Furthermore an manager from booking over the phone (I have the record call) promised to refund 10% of the total cost in the same credit card where we made de payment. Liars!
At this point they credited the refund into the account of the person who made the booking and they are not willing to refund the money aa promised. THIS IS UNACCEPTABLE, YOU CAN KEEP YOUR MONEY WE ARE NOT USING YOUR APP OR WEBSITE ANYMORE! LIARS!",1,"July 31, 2026",6a7b0126d752447d37af8260,MJ,Negative,905,-1,using booking leisure business trips since ages however noticed recently massively dropped standard point useless something confirmation last experience end july booked 2 apartments block april 26 property manager upon arrival informed us apartments within 30 min walking distance imagine painful furthermore manager booking phone record call promised refund 10 total cost credit card made de payment liars point credited refund account person made booking not willing refund money aa promised unacceptable keep money not using app website anymore liars,80,553
Booking.com,Travel,Booked a pet friendly hotel in Brisbane…,"Booked a pet friendly hotel in Brisbane , paid the full amount to booking.com.After driving close to 9 hours arrived at the hotel and was told there were no more pet friendly rooms available.They (the hotel) showed messages that were sent to booking.com abut my pet dog, but those messages were never forwarded to me.So the hotel did not reserve a pet friendly room for me.I had to book another hotel at 10pm( this time I did a direct booking with the hotel). Was very difficult get hold and to talk to customer service and they assured me that I will get a refund but 1 week later still no reply.Do your selves a favor and book directly through the hotel websites to avoid being stranded with no refund.Will never used booking.com again",1,"August 7, 2026",6a7afe570221077509e1d3e7,Dilruk,Negative,737,-1,booked pet friendly hotel brisbane paid full amount booking com driving close 9 hours arrived hotel told no pet friendly rooms available hotel showed messages sent booking com abut pet dog messages never forwarded hotel not reserve pet friendly room book another hotel 10pm time direct booking hotel difficult get hold talk customer service assured get refund 1 week later still no reply selves favor book directly hotel websites avoid stranded no refund never used booking com,77,477
Booking.com,Travel,Rogue website,"Rogue website, sold an insurance that was not accepted by the car hire company, no refund process!
Sold I room that was unusable, so had to rebook at own expense.. no refund. Too late to see the reviews...
If you try to connect for a refund, it says tech issues, and disconnects. Why are these traders not blocked from trading..?",1,"August 3, 2026",6a7af8a366529ab7dface48c,M N,Negative,329,-1,rogue website sold insurance not accepted car hire company no refund process sold room unusable rebook expense no refund late see reviews try connect refund says tech issues disconnects traders not blocked trading,33,213
Booking.com,Travel,Wide of the mark,"It’s just an inaccurate site. Totally misleading. Searching for a stay in the Peak District, most of the options provided were Manchester, Sheffield, Rochdale, Congleton, etc. None of them in the right area. Leas than 10% were actually in the Peak District. What’s the point in that?
I wanted to email Booking.com to raise a complaint and they make it impossible for you to contact them.
Here’s a bit of advice Booking.com - try putting the customer first in all you do.
And anyone thinking of booking through this site, always check the individual property site because it’s invariably cheaper.",1,"August 11, 2026",6a7af3a578710c68c54b94fc,David jackson,Negative,595,-1,inaccurate site totally misleading searching stay peak district options provided manchester sheffield rochdale congleton etc none right area leas 10 actually peak district point wanted email booking com raise complaint make impossible contact bit advice booking com try putting customer first anyone thinking booking site always check individual property site invariably cheaper,52,378
Booking.com,Travel,Hotel did not exist - nobody cared,"I booked a hotel in London. After looking for more information about it online and found none I investigated further. I found clear evidence that this hotel did not in fact exist - the location given was a pub, none of the contact details worked, the photos did not match the given (spurious) location. This was The London Crown near Tower of London which offers apartments. I reported this to booking.com and they said they would contact the property. They did and got no response. No further action was taken. I raised it again and they contacted the property, received no response and did nothing. I raised it a 3rd time (by this point two reviews of hotel reported it as a scam) and asked for a refund. They said they were still investigating and would not provide a refund at this point - this was for a booking in 3 days time for my family. When I went to question this the agent closed the chat. Investigating further, I found a few similar properties in the London area on booking.com - apparently good quality properties at low prices in good areas but with no online presence.

I would definitely not use booking.com again (this was my first booking through them) as clearly they do not vet properties rigorously and listings cannot be trusted",1,"August 11, 2026",6a7af30b35ae27b02f3bf96b,Paul Dawson,Negative,1253,-1,booked hotel london looking information online found none investigated found clear evidence hotel not fact exist location given pub none contact details worked photos not match given spurious location london crown near tower london offers apartments reported booking com said would contact property got no response no action taken raised contacted property received no response nothing raised 3rd time point two reviews hotel reported scam asked refund said still investigating would not provide refund point booking 3 days time family went question agent closed chat investigating found similar properties london area booking com apparently good quality properties low prices good areas no online presence would definitely not use booking com first booking clearly not vet properties rigorously listings cannot trusted,120,819
Booking.com,Travel,3 Months No refund No proof and rude customer service,"Title: 3 months, no refund, no proof, and rude customer service
I booked a flight through Booking.com which was cancelled by the airline (Air Tanzania). It has now been over 3 months and I still have not received my refund.
When I contacted customer service to ask for proof that the airline is even processing the refund, I was told they ""cannot provide any proof"" and my chat was disconnected without resolution. I was spoken to rudely and given no clear timeline, no documentation, and no accountability.
For a company that takes payment instantly, this level of delay and lack of transparency for refunds is unacceptable. I would not trust Booking.com with a cancelled flight again — once something goes wrong, they offer no support and no evidence of progress.
I am now escalating this through consumer protection channels since Booking.com support has failed to resolve it.",1,"May 1, 2026",6a7ae51b8b0ce0ebabd1ac18,Sameer Marashi,Negative,879,-1,title 3 months no refund no proof rude customer service booked flight booking com cancelled airline air tanzania 3 months still not received refund contacted customer service ask proof airline even processing refund told cannot provide proof chat disconnected without resolution spoken rudely given no clear timeline no documentation no accountability company takes payment instantly level delay lack transparency refunds unacceptable would not trust booking com cancelled flight something goes wrong offer no support no evidence progress escalating consumer protection channels since booking com support failed resolve,87,619
Booking.com,Travel,Awful costumer service,"Awful costumer service
I have tried many several times to cancel my hotel bookingnumber 6678518214 but it seems impossible.
I have called and got a number to a Danish agent who never answered og called back.
I have wrote mails too but nothing worked.
When everything goes smooth, it's OK to use booking.com but when things goes wrong you get no help from a person, only a machine who don't understand what you are saying.
Don't use this company....",1,"August 11, 2026",6a7ae3c65511f1af9e44b53c,Kurt Christiansen,Negative,448,-1,awful costumer service tried many several times cancel hotel bookingnumber 6678518214 seems impossible called got number danish agent never answered og called back wrote mails nothing worked everything goes smooth ok use booking com things goes wrong get no help person machine don't understand saying don't use company,48,319
Booking.com,Travel,0----rating,"0----rating! ABSOLUTELY ATROCIOUS customer service. I have used the site many times before to book accommodation which has been fine. On Saturday I booked a hotel in Copenhagen and was offered flight through the site so I booked them. I then got a message stating 'your booking is pending airline confirmation'. This was over 48 hours ago and I have tried to contact Customer service several times but their AI bot cannot help with flight bookings. Absolutely no humans to talk to, no way of contacting them on the phone about a flight booking and the email responses ask for more information (that is already in the email) and then don't come back to you. I have no idea if I am booked on a flight or not as money still pending in my account. Stress and time wasting chasing I could do without. I will never use this site again. Its scandalous!!!!",1,"August 11, 2026",6a7ae38650e0284df4ca5626,Sarah Smith,Negative,848,-1,0 rating absolutely atrocious customer service used site many times book accommodation fine saturday booked hotel copenhagen offered flight site booked got message stating 'your booking pending airline confirmation' 48 hours ago tried contact customer service several times ai bot cannot help flight bookings absolutely no humans talk no way contacting phone flight booking email responses ask information already email don't come back no idea booked flight not money still pending account stress time wasting chasing could without never use site scandalous,82,557
Booking.com,Travel,Never ever ever book a car rental via…,"Never ever ever book a car rental via Booking if you depend on others to arrive on time to pick up your rental. My flight was delayed by 3 hours and I arrive a little for pick up time I had selected. I had of course added my flight number to the booking so they would have known this but irrelevant. I was not given the car I had booked and paid for, on a 7 day booking. I have used Booking many times for hotels and when I saw the car rental option on the app thought of trying it. DON’T, save yourself a huge headache. The car rental company in this case was Budget via Booking. You cannot use their phone number for help as you are not a direct customer and Booking will just talk of Terms and Conditions and refuse to help. Consider yourself stranded. Budget saying they can’t release the car which is in the carpark on a 7 day rental as the “system” is now blocked from them releasing it as I was late. I had to pay for a whole new car rental booking! A total disgrace. The feeling that the two companies are colluding to rob you. A tip for Booking contract lawyers, next time you discuss this kind of thing with your external suppliers (in this case Budget) include a customer service representative in at least one meeting. Someone who has a heart as well as a brain. It’s not right what you are doing, tantamount to theft.",1,"July 31, 2026",6a7ada7ec576ac5b0a227045,Dan,Negative,1330,-1,never ever ever book car rental via booking depend others arrive time pick rental flight delayed 3 hours arrive little pick time selected course added flight number booking would known irrelevant not given car booked paid 7 day booking used booking many times hotels saw car rental option app thought trying save huge headache car rental company case budget via booking cannot use phone number help not direct customer booking talk terms conditions refuse help consider stranded budget saying release car carpark 7 day rental system blocked releasing late pay whole new car rental booking total disgrace feeling two companies colluding rob tip booking contract lawyers next time discuss kind thing external suppliers case budget include customer service representative least one meeting someone heart well brain not right tantamount theft,130,838
Booking.com,Travel,Very disappointed with Booking.com’s…,"Very disappointed with Booking.com’s Price Match Guarantee.

I found the exact same holiday home, for the exact same dates, on the property management agency’s website for approximately €550 less.

I still chose to book through Booking.com because I have used the platform for years and trusted their advertised Price Match Guarantee. I submitted a price match claim, but Booking.com is now refusing it because they say the property is “no longer available” on the other website.

But this is ONE holiday home — not a hotel with multiple identical rooms. Of course it is no longer available for the same dates once it has been booked!

This makes absolutely no sense. If Booking.com requires a unique property to remain available after it has been reserved in order to honour a Price Match claim, then how is the Price Match Guarantee supposed to work for holiday homes with only one unit?

The price difference was around €550. Had I known Booking.com would handle the claim this way, I would simply have booked directly with the property management agency and saved €550.

I chose Booking.com specifically because I trusted the platform and its Price Match promise. Unfortunately, this experience has seriously damaged that trust.

I would like Booking.com to properly review the evidence and honour the Price Match Guarantee they advertise.",1,"August 7, 2026",6a7ada2277023226d725b044,manuella passos,Negative,1343,-1,disappointed booking com price match guarantee found exact holiday home exact dates property management agency website approximately 550 less still chose book booking com used platform years trusted advertised price match guarantee submitted price match claim booking com refusing say property no longer available website one holiday home not hotel multiple identical rooms course no longer available dates booked makes absolutely no sense booking com requires unique property remain available reserved order honour price match claim price match guarantee supposed work holiday homes one unit price difference around 550 known booking com would handle claim way would simply booked directly property management agency saved 550 chose booking com specifically trusted platform price match promise unfortunately experience seriously damaged trust would like booking com properly review evidence honour price match guarantee advertise,131,931
Booking.com,Travel,Ignored multiple times and not assisted with evidence for chargeback,"Ignored multiple times. Requested transcripts to initiate chargeback with my bank after waiting over a month for them to pursue a refund from a scam account. Currently €500 out of pocket and not hopeful of getting it back... On hold right now for so long that the music has stopped and the agent seems like they have just abandoned the call. Ridiculous services. I understand that booking is a tempting platform for people to use but my god tread carefully, if anything goes wrong you are not only on your own, but you will be denied the the help andf support you need to be able to resolve your problems through alternative avenues. I'm tech savvy and have never been burned like this before- the listing had 300 positive reviews but they cancelled on the day I was arriving. It now appears that booking allowed a scam account to carry this out and have not done anything to help at all.

Can not recommend. Will avoid in the future as much as possible. Will encourage others to avoid as much as possible.",1,"August 11, 2026",6a7ad66913c2469e167c1b50,Mike Dawson,Negative,1006,-1,ignored multiple times requested transcripts initiate chargeback bank waiting month pursue refund scam account currently 500 pocket not hopeful getting back hold right long music stopped agent seems like abandoned call ridiculous services understand booking tempting platform people use god tread carefully anything goes wrong not denied help andf support need able resolve problems alternative avenues tech savvy never burned like listing 300 positive reviews cancelled day arriving appears booking allowed scam account carry not done anything help not recommend avoid future much possible encourage others avoid much possible,89,627
Booking.com,Travel,Straight Robbers,"Do not ever think about rent a car from this website.I did and lost 130 euros.I wanted to rent a car from brussels airport from Hertz by using booking.com.I want to meet my parents with this rented car and made plans.But surprise, because the lack of information that booking.com provides during the rental process in their website, my money has been wasted.Hertz company allows to rent the cars to whom has the flight tickets only.That is another bulshit decision but booking.com must inform you during the rental process or must make you enter the flight informations before the final payment section.That's exactly called modern robbery.Never ever suggest anyone to rent a car from this scammers.",1,"August 11, 2026",6a7aca48515402adab643212,Golhan Kuybu,Negative,699,-1,not ever think rent car website lost 130 euros wanted rent car brussels airport hertz using booking com want meet parents rented car made plans surprise lack information booking com provides rental process website money wasted hertz company allows rent cars flight tickets another bulshit decision booking com must inform rental process must make enter flight informations final payment section that's exactly called modern robbery never ever suggest anyone rent car scammers,72,475
Booking.com,Travel,Very Poor Customer Service,"The customer service is terrible. I called them regarding an issue, and they said they would call me back, but there was no follow-up and no action taken at all.

It feels like they cannot help with anything and simply keep asking customers to wait without actually resolving the problem. Very disappointing experience and definitely not the level of customer service I expected. I would not recommend booking.com based on my experience.",1,"August 11, 2026",6a7abea1e627ba4bcded6da3,JO IAM,Negative,437,-1,customer service terrible called regarding issue said would call back no follow no action taken feels like cannot help anything simply keep asking customers wait without actually resolving problem disappointing experience definitely not level customer service expected would not recommend booking com based experience,44,317
Booking.com,Travel,Terrible customer service,"We booked an accomodation on booking.com. There were red flags from the time we checked in that we gave the host the opportunity to fix (such as no shower curtain, or towles), but ended up having to leave the accomodation becuase of safety concerns. We immediately reported this to booking.com, and booked a replacement accomodation through booking.com on the check-in date. When booking.com was made aware of this, their response was that since the booking was non-refundable, and the host didn't want to provide a refund there was nothing they could do. They clearly did not care about our experience, or remedying these issues to save futre guests the same experience of finding a replacement accomodation at midnight in an unfamiliar city. I would not book again through this site.",1,"August 7, 2026",6a7a8e6c8dd25e8ac21a7b7f,Ryland Petrick,Negative,785,-1,booked accomodation booking com red flags time checked gave host opportunity fix no shower curtain towles ended leave accomodation becuase safety concerns immediately reported booking com booked replacement accomodation booking com check date booking com made aware response since booking non refundable host didn't want provide refund nothing could clearly not care experience remedying issues save futre guests experience finding replacement accomodation midnight unfamiliar city would not book site,69,501
Booking.com,Travel,My experience with Booking.com was very…,"My experience with Booking.com was very disappointing, especially when it came to customer service after booking.
I had a very simple issue with the passenger’s name — just one incorrect letter. I contacted the airline, and they told me that the correction had to be handled by Booking.com because the ticket was booked through them. When I contacted Booking.com, they told me to contact the airline instead.
I was basically sent back and forth between Booking.com and the airline, with neither side taking responsibility for resolving the issue.
The problem itself was very simple, but the lack of support and the poor after-sales service made the situation extremely frustrating.
Based on this experience, I would not recommend booking flights through Booking.com, especially if you may need any assistance or changes after making the booking.",1,"August 11, 2026",6a7a8094dbcfd75eadba0d61,Khaled Koumy,Negative,845,-1,experience booking com disappointing especially came customer service booking simple issue passenger name one incorrect letter contacted airline told correction handled booking com ticket booked contacted booking com told contact airline instead basically sent back forth booking com airline neither side taking responsibility resolving issue problem simple lack support poor sales service made situation extremely frustrating based experience would not recommend booking flights booking com especially may need assistance changes making booking,72,545
Booking.com,Travel,Zero support when problems arose en route,"Booked an accommodation through Booking.com and paid fully in advance. When issues arose while we were en route and the accommodation turned out to be unreachable by phone, we immediately contacted Booking.com customer service for mediation and assistance. Booking.com simply stated they could do nothing for us and merely referred us back to the unreachable host. As a result, we were left entirely on our own while traveling and were forced to incur additional costs for alternative lodging ourselves. Terrible support in emergency situations.",1,"August 3, 2026",6a7a76ecb84a4ce6f8806813,C.J. Hartmann,Negative,545,-1,booked accommodation booking com paid fully advance issues arose en route accommodation turned unreachable phone immediately contacted booking com customer service mediation assistance booking com simply stated could nothing us merely referred us back unreachable host result left entirely traveling forced incur additional costs alternative lodging terrible support emergency situations,50,387
Booking.com,Travel,I was about to complain about support…,I was about to complain about support issue... But when I see how little they care about these countless bad reviews... I will go 100% Airbnb next time. Never again.,1,"August 11, 2026",6a7a75476efec0a9e86222e8,Alain Briez,Negative,165,-1,complain support issue see little care countless bad reviews go 100 airbnb next time never,15,90
Booking.com,Travel,My insurance claim and account was deleted - lost $488,"I used booking.com and agreed to their insurance option while travelling to europe. Long story short, I got charged by the rental car company regarding a slight scuff mark that they called graffiti. It was equivalent to $488 Can. you have to pay and then complete the insurance claim online through booking.com. I completed it, they website said my claim was approved. I receive my funds,.... I went to follow up and my whole account had been deleted. They dont even have record of me anymore. I emailed customer service and they initially responded to find out the issue. Once I explained everything in detail....crickets....they stopped responding to me all together. Like, this is scam behaviour. I paid for a service, followed their procedures, was awarded an approved claim submission and then all of my information got deleted.... what does a person do in this situation... so I'm out $488 Can plus the original rental and insurance cost I paid.... I would never use their services again and I will always pass on to others to never use them. Go directly to the car service.",1,"August 11, 2025",6a7a73638a03b966cceb6da0,Samantha B,Negative,1080,-1,used booking com agreed insurance option travelling europe long story short got charged rental car company regarding slight scuff mark called graffiti equivalent 488 pay complete insurance claim online booking com completed website said claim approved receive funds went follow whole account deleted dont even record anymore emailed customer service initially responded find issue explained everything detail crickets stopped responding together like scam behaviour paid service followed procedures awarded approved claim submission information got deleted person situation 488 plus original rental insurance cost paid would never use services always pass others never use go directly car service,97,696
Booking.com,Travel,Left Stranded while Booking.com and priceline pointed the finger at each other,"I booked a cottage thru Priceline who without my consent partnered with booking.com. Priceline said I had a reservation that was partially paid for and confirmed it with me one week before the trip, but booking.com said they sent me emails that I did not receive nor would I know I had to look at them because as far as I knew - I booked and paid for it thru priceline. PRiceline said I had to call booking.com and booking.com said I had to call priceline and they both left an older women stranded in a foreign country without trying remotely to find her a place to stay. #Hey just kept pointing at each other. NO ONE CALLED ME !!! IT was just cancelled.",1,"August 10, 2026",6a7a5ea88a778bf5ad7d8575,PamelaRose,Negative,655,-1,booked cottage thru priceline without consent partnered booking com priceline said reservation partially paid confirmed one week trip booking com said sent emails not receive nor would know look far knew booked paid thru priceline priceline said call booking com booking com said call priceline left older women stranded foreign country without trying remotely find place stay hey kept pointing no one called cancelled,64,418
Booking.com,Travel,Very poor customer support,"Very poor customer support. We have an urgent problem with our accommodation, but Booking.com is not providing any real assistance. There is no live agent available, only an AI assistant, and nobody is actually resolving the problem. We are currently stuck with an accommodation issue and cannot get proper help. Extremely disappointing service",1,"August 10, 2026",6a7a4c6cd6b1b2c7449ecf84,Ludmila Hvorostova,Negative,344,-1,poor customer support urgent problem accommodation booking com not providing real assistance no live agent available ai assistant nobody actually resolving problem currently stuck accommodation issue cannot get proper help extremely disappointing service,33,254
Booking.com,Travel,The last hotel I booked looked was a scary place…,"The last hotel I booked looked great it was awful, it was a hotel that housed immigrants, the room was incredibly tatty and dirty, and they charged us 125.00 it was the heathlands hotel in Bournemouth booked by us Saturday the 8th of August we booked in and booked out in 5 minutes, then could not phone them or message them watch out you may be booking into a really bad hotel, they do not check their hotels if they did they are really bad at checking them this was really really very very bad and scary.",1,"August 8, 2026",6a7a3f9963d4d71cae7e83f7,Elisabeth Steward,Negative,506,-1,last hotel booked looked great awful hotel housed immigrants room incredibly tatty dirty charged us 125 00 heathlands hotel bournemouth booked us saturday 8th august booked booked 5 minutes could not phone message watch may booking really bad hotel not check hotels really bad checking really really bad scary,49,309
Booking.com,Travel,Double Booking Issue,"Somehow booking.com made a double booking of two rooms in Anchorage, Alaska. I was not aware of this and never received an email about the second, duplicate booking. Bottom line is I got charged for rooms I did not reserve ($860).

The booking.com customer service was hard to get in touch with and not helpful at all. I had been using them for over 20 years, but after this incident i will never use them again.",1,"July 25, 2026",6a7a3d2cef76c0150037fe19,Dwight Johnston,Negative,412,-1,somehow booking com made double booking two rooms anchorage alaska not aware never received email second duplicate booking bottom line got charged rooms not reserve 860 booking com customer service hard get touch not helpful using 20 years incident never use,41,258
Booking.com,Travel,Unethical and untrustworthy,"I booked airfare for travel on Iceland Air through booking.com under a policy that allowed for changes of my flight. I tried to make a change, but booking.com said they had a system error and couldn’t make the change. When I pressed for resolution, they blamed the airline, saying they wouldn’t allow the change - which was blatantly false. I had confirmation from the airline that the change was allowed and that booking.com could make it for me. Booking.com asked me to get this permission from the airline - and yet, after providing it, they still refused to provide any resolution to not being able to make the change. Ultimately, I was unable to change my flight and lost over $3,000 for a flight that no longer works for me. I will never use this site again and would recommend others don’t either.",1,"July 2, 2026",6a7a2f6c4a96c6d6481d1e08,Paul Martel,Negative,804,-1,booked airfare travel iceland air booking com policy allowed changes flight tried make change booking com said system error make change pressed resolution blamed airline saying allow change blatantly false confirmation airline change allowed booking com could make booking com asked get permission airline yet providing still refused provide resolution not able make change ultimately unable change flight lost 3 000 flight no longer works never use site would recommend others either,72,484
Booking.com,Travel,"Six-month delay for a ~£3,000 refund","Six-month delay for a ~£3,000 refund. The airline officially confirmed they transferred the funds to Booking.com months ago, but Booking.com has failed to pass them on to me. I have initiated approximately 20 customer support chats with no resolution. Phone lines are either non-functional or left unanswered. Whenever I ask direct, hard questions, representatives abruptly terminate the chat session. Promised follow-up emails never arrive. I am at a complete loss as to how to recover my money from this company. I'll be requesting the company looses the right to trade in UK. I'd welcome there reply to this.",1,"February 18, 2026",6a7a2db8fc559b2b98920aa1,Mike Gorley,Negative,611,-1,six month delay 3 000 refund airline officially confirmed transferred funds booking com months ago booking com failed pass initiated approximately 20 customer support chats no resolution phone lines either non functional left unanswered whenever ask direct hard questions representatives abruptly terminate chat session promised follow emails never arrive complete loss recover money company requesting company looses right trade uk welcome reply,62,446
Booking.com,Travel,Booking.com Has Failed to Return My…,"Booking.com Has Failed to Return My Money for Months

I am extremely disappointed with how Booking.com has handled my refund. I have been calling them for months trying to get money returned to me that I am owed.

Booking.com told me they needed different banking information in order to process my refund. I provided exactly what they requested, yet months later I still have not received my money.

I have contacted customer service repeatedly and have been given assurances, but there has been no actual resolution. I should not have to spend months making phone calls and chasing Booking.com for funds that should have already been returned to me.

I am sharing my experience so other travelers are aware of what I have gone through. I am asking Booking.com to stop delaying this matter and return my money immediately.

Until this is resolved, I cannot recommend Booking.com based on my experience .",1,"June 17, 2026",6a7a2bb4bd1a7ef006ac86fd,Haigan Pamoukian,Negative,904,-1,booking com failed return money months extremely disappointed booking com handled refund calling months trying get money returned owed booking com told needed different banking information order process refund provided exactly requested yet months later still not received money contacted customer service repeatedly given assurances no actual resolution not spend months making phone calls chasing booking com funds already returned sharing experience travelers aware gone asking booking com stop delaying matter return money immediately resolved cannot recommend booking com based experience,81,593
Booking.com,Travel,The Bookings app filter shows Fox car…,"The Bookings app filter shows Fox car rental in the Orlando International Airport and it is definitely not. Necessary shuttle ride to a sketchy location that caused extra time both ways and frustration.

Will not be using Bookings again and would not recommend.",1,"August 3, 2026",6a7a2a3b7423e32977f837ed,Todd Donaldson,Negative,261,-1,bookings app filter shows fox car rental orlando international airport definitely not necessary shuttle ride sketchy location caused extra time ways frustration not using bookings would not recommend,28,199
Booking.com,Travel,Scam,I had booking with booking .com and room was not up to standard then because I did buy insurance with booking .com I try to contact them they ware making excuses for refund my money kept me on hold for 3+ hours then hang up tried many times but couldn’t get any response from them AVOID AVOID AVOID AVOID I WOULD LIKE TO GIVE -0 star but had to give one AVOID AVOID AVOID AVOID AVOID AVOID AVOID AVOID AVOID AVOID AVOID AVOID AVOID AVOID AVOID AVOID AVOID AVOID AVOID AVOID AVOID AVOID AVOID AVOID AVOID AVOID AVOID AVOID AVOID AVOID AVOID AVOID AVOID AVOID AVOID AVOID AVOID AVOID AVOID AVOID AVOID AVOID AVOID AVOID AVOID AVOID AVOID AVOID AVOID AVOID AVOID AVOID AVOID AVOID AVOID AVOID AVOID AVOID AVOID AVOID AVOID AVOID AVOID AVOID,1,"July 25, 2026",6a7a27cfa493ee3e76984715,customer,Negative,737,-1,booking booking com room not standard buy insurance booking com try contact ware making excuses refund money kept hold 3 hours hang tried many times get response avoid avoid avoid avoid would like give 0 star give one avoid avoid avoid avoid avoid avoid avoid avoid avoid avoid avoid avoid avoid avoid avoid avoid avoid avoid avoid avoid avoid avoid avoid avoid avoid avoid avoid avoid avoid avoid avoid avoid avoid avoid avoid avoid avoid avoid avoid avoid avoid avoid avoid avoid avoid avoid avoid avoid avoid avoid avoid avoid avoid avoid avoid avoid avoid avoid avoid avoid avoid avoid avoid avoid,102,601
Booking.com,Travel,Censorship,"From my perspective their biggest fault is that they censor negative reviews on their members.
A couple of years ago I gave a very negative (but objective, and absolutely polite) rating on a hotel which level was horrible, and which room had just NOTHING to see with the photos on Booking's website; they kept my vote (2/5), but cut and trasformed completely my review so that it looked like an almost good one, instead of the terrible one it was meant to be. Seriousness is something else again.",1,"August 12, 2025",6a7a27133add30baddbbd39a,Roberto Maitilasso,Negative,496,-1,perspective biggest fault censor negative reviews members couple years ago gave negative objective absolutely polite rating hotel level horrible room nothing see photos booking's website kept vote 2 5 cut trasformed completely review looked like almost good one instead terrible one meant seriousness something else,45,315
Booking.com,Travel,What a joke,What a joke. They cancelled our trip with no notice. They actually double booked us. Do not use them. Absolutely useless 😑,1,"August 7, 2026",6a7a1d771317d531f186ca14,Mazbar,Negative,122,-1,joke cancelled trip no notice actually double booked us not use absolutely useless,13,82
Booking.com,Travel,Lying scammers using artificial…,"Lying scammers using artificial intelligence. On August 8, 2026, I booked an apartment in Karlovy Vary. The money was debited from my account, but I did not receive any confirmation, PIN code, or other documents from Booking.com. No booking information appeared in the app either. Despite the fact that these liars claim their Customer Support operates 24/7, I received no response to my numerous inquiries over the course of three days. Instead, I received two emails titled “New Information Regarding Your Request,” which read verbatim: “Dear Guest,
Greetings from the Booking.com Customer Support team.
We’d be happy to assist you with your reservation, but first we need some additional information from you.
Please reply to this message with as many details as possible, including:
• Confirmation number and PIN:
• Email address (used for the booking):
• Name and location of the property:
• Check-in date and check-out date:""
It seems that Booking’s customer support not only can’t read but also can’t distinguish between letters at all. Because I’ve sent them all this information at least four times in my inquiries. Moreover, I repeat this information in my replies to emails from Booking. And I receive the response: “Address not found. The message was not delivered because the address cs-noreply-booking.com was not found or does not accept incoming emails."" In other words, my money has been successfully stolen!",1,"August 8, 2026",6a7a19f3b6731dc5ffc01a84,Віктор Долін,Negative,1425,-1,lying scammers using artificial intelligence august 8 2026 booked apartment karlovy vary money debited account not receive confirmation pin code documents booking com no booking information appeared app either despite fact liars claim customer support operates 24 7 received no response numerous inquiries course three days instead received two emails titled new information regarding request read verbatim dear guest greetings booking com customer support team happy assist reservation first need additional information please reply message many details possible including confirmation number pin email address used booking name location property check date check date seems booking customer support not read also distinguish letters sent information least four times inquiries moreover repeat information replies emails booking receive response address not found message not delivered address cs noreply booking com not found not accept incoming emails words money successfully stolen,137,986
Booking.com,Travel,"Purchased two meals not used, no response from company.","Purchased two meals for Hard Rock Cafe "" guitar menu "" in Atlantic City thru Booking.com for $82.06. Didn't like the menu, so didn't use the voucher. Hard Rock Cafe couldn't cancel the voucher. I was unable to cancel thru Booking.com. was charged on credit card, disputed the charge and they said i used the voucher. No refund at all, no contact with Booking.com at all. Don't waste your money on this company.",1,"July 25, 2026",6a7a172b6c9c997404dd6cbe,customer,Negative,410,-1,purchased two meals hard rock cafe guitar menu atlantic city thru booking com 82 06 didn't like menu didn't use voucher hard rock cafe couldn't cancel voucher unable cancel thru booking com charged credit card disputed charge said used voucher no refund no contact booking com don't waste money company,50,302
Booking.com,Travel,customer support doesn't exist here,"Their rating 1.5/5 on Trustpilot is well deserved.

Customer support does not exist here at all.

It took me more than a month to find a solution to my case. It was a straightforward case, but since their support never cared, I had to waste so much time with them.

I was on twenty very long calls with them. Maybe even more than 20 calls.

Long story short, stay away from booking.com.",1,"April 15, 2026",6a7a158b854564ca6732fde7,com,Negative,386,-1,rating 1 5 5 trustpilot well deserved customer support not exist took month find solution case straightforward case since support never cared waste much time twenty long calls maybe even 20 calls long story short stay away booking com,39,234
Booking.com,Travel,Misleading and illegal,"Appalling customer service. Illegal practices. Completely misleading.

I've now had a holiday ruined by Booking.com and lost hours of my life trying to complain and get my money back. I put a complaint on line which was ignored, then a formal complaint. They said they were refunding me but after 3 hours today that's not true and they have removed all traces of my complaint from their on line system. They are completely unprofessional, illegal and misleading.
I'll never use this company again.
I'll be persuing through the courts.",1,"August 10, 2026",6a7a0f505d2257eb76b0655f,Dionne W,Negative,534,-1,appalling customer service illegal practices completely misleading holiday ruined booking com lost hours life trying complain get money back put complaint line ignored formal complaint said refunding 3 hours today that's not true removed traces complaint line system completely unprofessional illegal misleading never use company persuing courts,47,345
Booking.com,Travel,Scam with no refund,Do not book with this company they sell accomadation that does not exest and they make it so had for you to get a refund. Keep asking for more information.i booked with you so why are you not giving me my money back.we had 4 familys turn up to the same accomadation as us to a sign on wall in rome to say it was a scam. Shame on you booking .com for not looking after your customers,1,"July 3, 2026",6a7a0e58f6699ab01a2261e4,Amanda Blair,Negative,382,-1,not book company sell accomadation not exest make get refund keep asking information booked not giving money back 4 familys turn accomadation us sign wall rome say scam shame booking com not looking customers,34,208
Booking.com,Travel,A robber company,A robber company Customer service is to responding after week and even they respond can't help you with anything i booked an attraction ticket than i cancelled in less 10 minutes to purshase another tickets with different options they cancelled the tickets with no refund,1,"August 8, 2026",6a79ffc07b7c355fd422d248,seddik miladi,Negative,271,-1,robber company customer service responding week even respond can't help anything booked attraction ticket cancelled less 10 minutes purshase another tickets different options cancelled tickets no refund,27,202
Booking.com,Travel,Booked a rental car through Booking.com…,Booked a rental car through Booking.com and received an email 1.5 hours before collection saying no car was available and would we like to go on a waiting list. Given we are only here for a short time and not centrally based that was simply not a sensible option. If booking.com can't even deliver bookings then what is the point of them.,1,"August 10, 2026",6a79ff6f6b50af830ba835da,Al,Negative,338,-1,booked rental car booking com received email 1 5 hours collection saying no car available would like go waiting list given short time not centrally based simply not sensible option booking com can't even deliver bookings point,37,226
Booking.com,Travel,Basically a scam,"Customer Service is abysmal. I tried to book an international flight, I was charged but the flight was not booked. I was then informed that the order failed, with no explanation given as to why, and that I had to wait up to three days for a refund. I will never use their services again.",1,"August 10, 2026",6a79fe340cbc5c32c97325fb,ALBERO,Negative,287,-1,customer service abysmal tried book international flight charged flight not booked informed order failed no explanation given wait three days refund never use services,24,167
Booking.com,Travel,Absolutely frustrated by their lack of…,Absolutely frustrated by their lack of customer service. It’s really disappointing as I like it at a booking tool. I haven’t been able to speak to a human on the phone only a human in live chat who hasn’t been able to resolve my issue. The company doesn’t seem to care whether issues are resolved or not. Asked to speak to a manager and that wasn’t possible. There is absolutely no accountability or care. I will now need to start looking for a booking site with more personable and effective customer services.,1,"August 10, 2026",6a79fbfef2dfcff61784e072,Anna Fooks,Negative,511,-1,absolutely frustrated lack customer service really disappointing like booking tool able speak human phone human live chat able resolve issue company seem care whether issues resolved not asked speak manager possible absolutely no accountability care need start looking booking site personable effective customer services,44,320
Booking.com,Travel,I booked hotel with family I also added…,I booked hotel with family I also added breakfast got there and hotel refused breakfast booking.com messed up ended paying for breakfast and still ain’t paid by booking.com thief’s stay away.,1,"August 3, 2026",6a79f8f22aff4448370b29b6,Adnan Iqbal,Negative,191,-1,booked hotel family also added breakfast got hotel refused breakfast booking com messed ended paying breakfast still paid booking com thief stay away,23,149
Booking.com,Travel,Waiting on a refund for a smelly…,Waiting on a refund for a smelly propeety on tje site. Casa collection in kotor bay. Comokete scam everyone is lying the casa collection and booking. I want my refund!!!,1,"August 10, 2026",6a79f1d4ca41f9470c2d5c2f,Orla Carlin,Negative,169,-1,waiting refund smelly propeety tje site casa collection kotor bay comokete scam everyone lying casa collection booking want refund,19,130
Booking.com,Travel,Rented a car,"Rented a car, when we got their they couldn’t charge our card for the deposit or any of the 5 cards we had with money on. So they cancelled our car but no refound from the booking.com where we paid for the car . Ended up paying for 2 cars. I will never use booking.com again.",1,"June 22, 2026",6a79f13b5c59f189391b5458,Christian Adler,Negative,275,-1,rented car got charge card deposit 5 cards money cancelled car no refound booking com paid car ended paying 2 cars never use booking com,25,136
Booking.com,Travel,Booking.com is the most terrible site…,"Booking.com is the most terrible site to book anything.
There are no contact numbers to reach them. I needed to change my flight booking.
There are no phone number and the manage my flight tab on the app is not responding. Hundreds of pounds lost.
Never use them, scam,scam,scam",1,"August 10, 2026",6a79f132c11fdfe6a56a451c,JanetMensah,Negative,278,-1,booking com terrible site book anything no contact numbers reach needed change flight booking no phone number manage flight tab app not responding hundreds pounds lost never use scam scam scam,31,192
Booking.com,Travel,Booking.com's customer service is appalling,"Booking.com's customer service is appalling. Following a major problem in Seoul for which Booking.com is responsible, I sent numerous emails and a detailed letter to Booking.com Amsterdam on 25 March 2026. As of today, 10 August 2026, I have received no acknowledgement of receipt and no reply. It's appalling. I will never use Booking.com again. If you have a problem with Booking.com, you're completely on your own. Fernand (CH)",1,"August 10, 2026",6a79f08b2748bd9fbff22847,Fernand Briguet,Negative,430,-1,booking com's customer service appalling following major problem seoul booking com responsible sent numerous emails detailed letter booking com amsterdam 25 march 2026 today 10 august 2026 received no acknowledgement receipt no reply appalling never use booking com problem booking com completely fernand ch,44,307
Booking.com,Travel,Booking.com is not safe does not have customers' backs,"Someone logged into my account and made a booking in Dubai using my credit card. I contacted Booking.com Customer Services by phone, as chat and email were not available, and was only able to talk to a person after talking to an AI agent (!!?!) and being put on hold for several minutes. When a human finally picked up they said the booking was non-refundable so all they could do was contact the property and ask them to 'open an exception' and issue a refund!!?! Booking.com should not only cancel this booking and issue me a refund, they should pay me compensation. To make matters worse when I tried to change my account password I discovered that Booking.com changed the settings on my account to no longer request a password or passkey, making it more vulnerable to invaders. The other issue I'm having now is that I cannot contact customer services to make a complaint and request that they change the settings on my account to make it more secure.",1,"August 10, 2026",6a79ee433f06e75cb11bf343,Alexandra,Negative,955,-1,someone logged account made booking dubai using credit card contacted booking com customer services phone chat email not available able talk person talking ai agent put hold several minutes human finally picked said booking non refundable could contact property ask 'open exception' issue refund booking com not cancel booking issue refund pay compensation make matters worse tried change account password discovered booking com changed settings account no longer request password passkey making vulnerable invaders issue cannot contact customer services make complaint request change settings account make secure,87,613
Booking.com,Travel,"Dirty, nasty, scam site","This is a dirty, nasty scam site.
Rooms are clearly listed at a particular price. When you go to checkout, it will still clearly be that price. The Booking.com UI/UX team have made it look like the price you will pay. But in the small print, will be the actual price. My room was almost double the price I thought I would pay and I didn't know until I actually paid. Then to cancel would cost almost the full price. Then the customer service live chatters have been trained to communicate with you very slowly, hoping that you give up. This is complete and utter deception. You were able to scam me this once and get away with it, but now I'll never go near your site ever again. It's just such a dumb way to conduct business",1,"August 10, 2026",6a79ea6a94867e1fbaa6f16b,Johnny Bloxam,Negative,725,-1,dirty nasty scam site rooms clearly listed particular price go checkout still clearly price booking com ui ux team made look like price pay small print actual price room almost double price thought would pay didn't know actually paid cancel would cost almost full price customer service live chatters trained communicate slowly hoping give complete utter deception able scam get away never go near site ever dumb way conduct business,70,433
Booking.com,Travel,Horrible customer service don’t ever…,"Horrible customer service don’t ever get a flexible flight ticket with them, they will delay it for days and find the most expensive flights",1,"August 10, 2026",6a79ea0d8e64cf9170c30fa8,luka schaefer,Negative,140,-1,horrible customer service ever get flexible flight ticket delay days find expensive flights,13,91
Booking.com,Travel,Original booking for property was…,"Original booking for property was unexpectedly cancelled. As a gesture of goodwill, booking had offered partial refund. Receipt of an alternative booking for the same period needs to be uploaded to provided link send in an email. Guess what, link does not work. If you try to contact them, AI agent picks up - no other alternative. Since it's useless, it directs you to send message to customer service - but guess what, message cannot be sent. Then it offers you to call customer service, but less that 1min into the call, it drops it. I tried multiple times, every time it ends the same - you simply cannot contact anyone. God forbid you have mayor issue with accommodation/booking - you will not be able to contact a living soul or resolve anything. Probably you will have to say goodbye to your money or take them to court. In any case, you lose.",1,"July 18, 2026",6a79e66a93a156240d423072,Goran Micic,Negative,850,-1,original booking property unexpectedly cancelled gesture goodwill booking offered partial refund receipt alternative booking period needs uploaded provided link send email guess link not work try contact ai agent picks no alternative since useless directs send message customer service guess message cannot sent offers call customer service less 1min call drops tried multiple times every time ends simply cannot contact anyone god forbid mayor issue accommodation booking not able contact living soul resolve anything probably say goodbye money take court case lose,82,566
Booking.com,Travel,Scams money,"Scams money, not reliable website to book flights, Easyjet is way better. Does NOT do refunds, after scamming. DO NOT TRUST THIS WEBSITE",1,"June 10, 2026",6a79e4d7316d2cc4023ed9a6,Sahana Senthooran,Negative,136,-1,scams money not reliable website book flights easyjet way better not refunds scamming not trust website,16,103
Booking.com,Travel,Don’t need to rent a car thru booking.,Don’t need to rent a car thru booking.. learned the hard way. When I arrived at the car rental company. I didn’t have all my docs and the kind agent said to me that he cancelled the reservation and I wouldn’t be charged.. he referred me to his neighbours and ended up with the car. Booking charged my CC and refused to refund me. Greed!!! I agree that I booked but since no payment was made to car company charge a fee but don’t keep it all.. RENT DIRECTLY WITH RENTAL CAR CO…,1,"August 2, 2026",6a79e372aa33f1f517cb8378,martha,Negative,476,-1,need rent car thru booking learned hard way arrived car rental company docs kind agent said cancelled reservation charged referred neighbours ended car booking charged cc refused refund greed agree booked since no payment made car company charge fee keep rent directly rental car co,45,282
Booking.com,Travel,Purchased several flights through…,"Purchased several flights through booking.com. One with Animawings and the other one with flyone europe. both scam airlines. flights were paid in full then cancelled without notification neither through booking nor directly. booking.com is washing their hands sending me to deal with the airline which does not respond nor intends to refnd the money. Booking.com is gone down big time becoming unreliable and untrusted, disloyal service provider. Thank you booking.com for treating a 20 yr customer with the outmost disrespect",1,"August 10, 2026",6a79de97aedd2ec869962b34,Florin Galaftion,Negative,526,-1,purchased several flights booking com one animawings one flyone europe scam airlines flights paid full cancelled without notification neither booking nor directly booking com washing hands sending deal airline not respond nor intends refnd money booking com gone big time becoming unreliable untrusted disloyal service provider thank booking com treating 20 yr customer outmost disrespect,55,388
Booking.com,Travel,Sharing my true experience,"Sharing my true experience, help ppl understand this company. I made a hotel reservation on booking.com in May 2025. On the webpage, it showed booking was successful. But after that I never received any notification(email/text) to confirm. But transaction was posted on my card. I reached out customer service and they said I cannot get refund. I had to go through the dispute process which took more than two months to get my money back. It’s wasting time and worst experience. I will never use it again.",1,"August 10, 2025",6a79d99ecebb22fbd356a64c,NNNNN,Negative,505,-1,sharing true experience help ppl understand company made hotel reservation booking com may 2025 webpage showed booking successful never received notification email text confirm transaction posted card reached customer service said cannot get refund go dispute process took two months get money back wasting time worst experience never use,49,338
Booking.com,Travel,Downgraded to a cheaper room but…,"Downgraded to a cheaper room but overcharged by £585Booking.com's handling of our trip was completely unacceptable. Our original luxury apartment booking was double-booked, forcing us into alternative, much cheaper accommodation.Despite being downgraded to a lower-quality property, we were still overcharged by £585 compared to what the cheaper stay actually cost. Booking.com effectively kept our money for a luxury experience we never received.When I raised a complaint about this massive price difference, customer service refused to refund the £585 we were owed. Instead, they only offered a standard 10% compensation. This is a complete scam. They allowed a double booking to happen and then kept our money for a cheaper room. Avoid booking with them.",1,"July 16, 2026",6a79d5576b546ca7c852b8a2,Janie Fraser,Negative,757,-1,downgraded cheaper room overcharged 585booking com's handling trip completely unacceptable original luxury apartment booking double booked forcing us alternative much cheaper accommodation despite downgraded lower quality property still overcharged 585 compared cheaper stay actually cost booking com effectively kept money luxury experience never received raised complaint massive price difference customer service refused refund 585 owed instead offered standard 10 compensation complete scam allowed double booking happen kept money cheaper room avoid booking,72,562
Booking.com,Travel,Fraud,"I booked a reservation through booking.com, only to find out that it was fraudulent 4 weeks before travelling. I contacted them to ask if they could confirm and they continuously told me it was ok. I carried on looking only to see more than 30 people writing that itnis fraud and that they turned up in Rome to no accommodation. Despite this, booking.com told me it was fine and then when I went then screenshots they told me that the reservation was cancelled. I am now 6 days away from travelling and finding it impossible to find anything within the same budget and that has space and they will not respond to my emails",1,"August 5, 2026",6a79d236c1898732386952ae,Merryn,Negative,622,-1,booked reservation booking com find fraudulent 4 weeks travelling contacted ask could confirm continuously told ok carried looking see 30 people writing itnis fraud turned rome no accommodation despite booking com told fine went screenshots told reservation cancelled 6 days away travelling finding impossible find anything within budget space not respond emails,52,362
Booking.com,Travel,Booking appear to have been hacked as…,"Booking appear to have been hacked as I've now had two separate set of spam text messages with the full booking details, reference numbers etc. in. Made a GDPR complaint to them multiple times which they have not responded to, and keep asking for the same details over and over, and then I get no reply when I send them. Emails from customer service are sent from a no-reply email address which is nonsense.

Will be making a complaint to the privacy regulator.",1,"July 17, 2026",6a79cf2443cd64534ca95717,Chris,Negative,461,-1,booking appear hacked two separate set spam text messages full booking details reference numbers etc made gdpr complaint multiple times not responded keep asking details get no reply send emails customer service sent no reply email address nonsense making complaint privacy regulator,42,283
Booking.com,Travel,We book this hotel and when you get there to found out the hotel doesn’t exist,"We book this hotel and when you get there, they don’t exist. The building is there, but not the hotel. After 8h travel, I found myself with my son and my wife in the street. The first customer service assistant was telling me to no worry about because they will giving us another place to stay but they need contact the hotel to confirm what I said is true. Well the end is I need to booked another hotel my self and paid for it now I trying get a refund for about 3 weeks. Booking.com did nothing to help us. They are still doing nothing to make the situation fair. Don’t trust booking.com. We were blessed to find another hotel ourselves and enjoyed a bit of our holiday. Please avoid using booking.com.",1,"July 19, 2026",6a79ca456afa4a3bf80bcf2d,Valter,Negative,705,-1,book hotel get exist building not hotel 8h travel found son wife street first customer service assistant telling no worry giving us another place stay need contact hotel confirm said true well end need booked another hotel self paid trying get refund 3 weeks booking com nothing help us still nothing make situation fair trust booking com blessed find another hotel enjoyed bit holiday please avoid using booking com,69,416
Booking.com,Travel,Company has no integrity,"Company has no integrity, willingness or ability to help. Sadly we did two car bookings of which neither work out. We tried to change the driver and they said only way to do it is to cancel whole booking with partial refund and rebook. They took so much of our money and didnt help with anything :( if there is no relationship with the rental company they should not do business together. This should be a very small change. I feel robbed of £500. Such a small change should not cost so much money :( we will never use them again",1,"August 10, 2026",6a79c235001ee56ec5aed0c6,Karen Nichol,Negative,529,-1,company no integrity willingness ability help sadly two car bookings neither work tried change driver said way cancel whole booking partial refund rebook took much money didnt help anything no relationship rental company not business together small change feel robbed 500 small change not cost much money never use,49,314
Booking.com,Travel,The perfect robbery… in plain sight,"If i could i would have given no stars! Tried to book a hotel for a specific date but at the time of booking the platform automatically changed the date ( may be because my date was not available) and I didn t notice when I paid. I realized the error a few minutes later when i received the confirmation and tried to cancel right away. Only to receive error messages. Called the hotel who refused to cancel, contacted booking who said to contact the hotel, finally got an address to write to for
My claim that returned undelivered! Now I am trying to remove all my databfrom Booking….IMPOSSIBLE! I feel I have been robbed, i feel trapped and will never ever use the platform again! It costed me $600! Is there a place that can stop these practices?",1,"July 12, 2026",6a79b1c3bc31c27f8b669edc,FLANDRIN Caroline,Negative,748,-1,could would given no stars tried book hotel specific date time booking platform automatically changed date may date not available notice paid realized error minutes later received confirmation tried cancel right away receive error messages called hotel refused cancel contacted booking said contact hotel finally got address write claim returned undelivered trying remove databfrom booking impossible feel robbed feel trapped never ever use platform costed 600 place stop practices,69,481
Booking.com,Travel,Dont ever booked flexible flights add…,"Dont ever booked flexible flights add on with booking.com
The customer service is seriously so bad but asking them daily to change my flight with nothing being done then 7 days later I get a call and the flight had doubled within that time. Honestly would never book flights with them again",1,"August 8, 2026",6a79b17ef4b87cc9de8a56f2,Tg,Negative,290,-1,dont ever booked flexible flights add booking com customer service seriously bad asking daily change flight nothing done 7 days later get call flight doubled within time honestly would never book flights,32,203
Booking.com,Travel,I would avoid this company at all…,"I would avoid this company at all costs.

A phishing link was sent to me through Booking.com's own messaging system, and it took me finding the evidence myself to get anyone to act

I booked a London apartment through Booking.com for August. After I confirmed the reservation, a message came through Booking.com's own platform directing me to an external website to enter my card details. Booking.com's published guidance is that they never ask guests to do this.

What I then found, entirely on my own:

1. The contact number given for a London property was a US number.
2. The host did not respond for four days, not to my messages, not to Booking.com's messages, and not to a phone call Booking.com made to them.
3. The address given for the apartment is a pub. There is no apartment there.
4. The Booking.com listing page for the property is titled as a holiday cottage in Somerset, not the London apartment I had booked.

None of this was flagged by Booking.com. I found all of it. One agent even told me the property was legitimate with strong reviews, apparently reading review history that had nothing to do with what I had booked.

The support experience was worse than the fraud:

1. I was given three different timeframes in a single day. First 48 hours, then three hours, then no timeframe at all.
2. A live chat was closed on me while I still had unanswered questions.
3. One agent confirmed in writing that relocation would be arranged free of charge. A second agent confirmed relocation was guaranteed. A third then told me the approved support was €25.
4. I was told Booking.com would not book replacement accommodation directly, and that I should fund a replacement myself and claim back afterwards.
5. The alternative eventually offered was student accommodation in zone 4, priced below my original booking so that Booking.com contributed nothing at all.
6. Any shortfall would be paid as Travel Credits to spend with Booking.com, not as money.

Fraudulent listings appear on every large platform. That is not the problem. The problem is that a phishing attempt was delivered through Booking.com's own systems, that the listing did not match its own page, that none of it was detected until a customer did the work, and that the response was to offer €25 and a suggestion I pay for it myself.",1,"August 7, 2026",6a79ae9d7fc2026774537db8,Emily,Negative,2310,-1,would avoid company costs phishing link sent booking com's messaging system took finding evidence get anyone act booked london apartment booking com august confirmed reservation message came booking com's platform directing external website enter card details booking com's published guidance never ask guests found entirely 1 contact number given london property us number 2 host not respond four days not messages not booking com's messages not phone call booking com made 3 address given apartment pub no apartment 4 booking com listing page property titled holiday cottage somerset not london apartment booked none flagged booking com found one agent even told property legitimate strong reviews apparently reading review history nothing booked support experience worse fraud 1 given three different timeframes single day first 48 hours three hours no timeframe 2 live chat closed still unanswered questions 3 one agent confirmed writing relocation would arranged free charge second agent confirmed relocation guaranteed third told approved support 25 4 told booking com would not book replacement accommodation directly fund replacement claim back afterwards 5 alternative eventually offered student accommodation zone 4 priced original booking booking com contributed nothing 6 shortfall would paid travel credits spend booking com not money fraudulent listings appear every large platform not problem problem phishing attempt delivered booking com's systems listing not match page none detected customer work response offer 25 suggestion pay,225,1548
Booking.com,Travel,No contact number they take your money…,No contact number they take your money and will not talk to you wtf,1,"August 9, 2026",6a79a957e347d7a0337e8b9e,John Watson,Negative,67,-1,no contact number take money not talk wtf,8,41
Booking.com,Travel,Left customer high and dry,"These guys are crooks, they work hand in hand with Hotels to rip you off.

I had a prepaid booking, but my travel plans were disrupted due to airline cancellations caused by airspace closure, completely outside my control.

Since 17 March, nearly 3 weeks before our stay, I have been trying to cancel this booking. I contacted the hotel multiple times via Booking.com messages, followed their instructions to submit cancellation requests twice, and even attempted to call and message them on WhatsApp. Unfortunately, there has been no proper response or resolution.

No one answers the phone mentioned on Booking.com or their google page. No response on WhatsApp.

The hotel’s communication is extremely poor. They respond initially with instructions but do not follow through or respond after you complete the required steps. It feels like being ignored.
There was plenty of time for hotel to cancel booking and make rooms available to other potential customers.

Given the exceptional situation, I expected at least some level of understanding or support, but instead faced silence and delays.

This has been a very frustrating experience, especially considering the amount paid. I would not recommend this property based on their lack of customer service and responsiveness.

Booking.com was absolutely useless, telling me again and again to directly deal with Hotel, while hotel staff says to directly deal with Booking.com. Both sent me in circles.

Booking costed me AUD 4080+.",1,"March 17, 2026",6a79a6f9dec52a97bf05fcae,Jawwad Saleem,Negative,1483,-1,guys crooks work hand hand hotels rip prepaid booking travel plans disrupted due airline cancellations caused airspace closure completely outside control since 17 march nearly 3 weeks stay trying cancel booking contacted hotel multiple times via booking com messages followed instructions submit cancellation requests twice even attempted call message whatsapp unfortunately no proper response resolution no one answers phone mentioned booking com google page no response whatsapp hotel communication extremely poor respond initially instructions not follow respond complete required steps feels like ignored plenty time hotel cancel booking make rooms available potential customers given exceptional situation expected least level understanding support instead faced silence delays frustrating experience especially considering amount paid would not recommend property based lack customer service responsiveness booking com absolutely useless telling directly deal hotel hotel staff says directly deal booking com sent circles booking costed aud 4080,141,1051
Booking.com,Travel,Fraudulent selling tactics,"Fraudulent selling tactics. The listing claimed it was an entire place with a private kitchen, but it turned out to be a shared apartment with no cutlery, a smelly room, a dirty washroom, and no toilet rolls. Additionally, there was no fan during the summer, and I received no response from the contact number provided.
When I complained about it to booking.com they just added approx £8 to genius account. I wanted answer in writing but nothing done. I wanted to know how fraud can be done like this. No reply to online chat for multiple reminders which supposed to answered within 24 hrs as per their automated reply. Tried to contact over phone twice but useless and even dropped the call without any followup. Complete waste of time and money. Even till today that advertisement for rooms with similar fraud information is there on booking.com website. Its is like Booking.com promote/support fraud selling.",1,"June 29, 2026",6a79a5dfcfcb39a8e783109a,NADEEM SAEED,Negative,911,-1,fraudulent selling tactics listing claimed entire place private kitchen turned shared apartment no cutlery smelly room dirty washroom no toilet rolls additionally no fan summer received no response contact number provided complained booking com added approx 8 genius account wanted answer writing nothing done wanted know fraud done like no reply online chat multiple reminders supposed answered within 24 hrs per automated reply tried contact phone twice useless even dropped call without followup complete waste time money even till today advertisement rooms similar fraud information booking com website like booking com promote support fraud selling,95,653
Booking.com,Travel,Don't use this website,Got a room through them back in June. When I get to the hotel I was told the card they had on file had $804 on it and they needed $96 to complete the payment. After 5 attempts and getting the run around on both myself and the general manager of the hotel. I had to pay extra because they didn't fill the card entirely. And good luck trying to get your money back I filed a complaint and tried for a refund but they don't care. Don't this website don't use it.,1,"June 19, 2026",6a79a4a521b74a4602f875f0,Zero,Negative,459,-1,got room back june get hotel told card file 804 needed 96 complete payment 5 attempts getting run around general manager hotel pay extra didn't fill card entirely good luck trying get money back filed complaint tried refund don't care don't website don't use,44,258
Booking.com,Travel,Want to be scammed? Use Booking.com,"Booking.com had a data breach months ago, as reported on the BBC in April 2026, with scammers targetting anyone who made a reservation. But they have not fixed this problem. I just received a whatsapp message from a scammer who had my correct name, email address, hotel and reservation details. I didn't fall for it, but will never use booking.com again.",1,"August 8, 2026",6a799ebad7c2f18bd26909a8,Martin Butler,Negative,354,-1,booking com data breach months ago reported bbc april 2026 scammers targetting anyone made reservation not fixed problem received whatsapp message scammer correct name email address hotel reservation details didn't fall never use booking com,35,241
Booking.com,Travel,Nightmare for hosts,"For a host, booking.com is a nightmare. We have a private partnership in Greece which is not registered in the commercial register (only at the tax office). For almost 2 years we're struggling with booking.com that they accept our proof of existence. Obviously they want only the business from the large chains and companies. Not recommended.",1,"August 10, 2026",6a7998aa1958428a8f41c987,Gelbes Haus Korfu,Negative,342,-1,host booking com nightmare private partnership greece not registered commercial register tax office almost 2 years struggling booking com accept proof existence obviously want business large chains companies not recommended,30,223
Booking.com,Travel,Do NOT BOOK WITH BOOKING.COM THEY ARE…,Do NOT BOOK WITH BOOKING.COM THEY ARE KNOWN TO TAKE YOUR MONEY AND NOT GIVE U YOUR ROOM . THIS IS THE 2ND TIME ITS HAPPENED TO ME THIS IS A GARBAGE COMPANY! POOR CUSTOMER SERVICE AND THEY WONT RETURN YOUR MONEY RIGHT AWAY EITHER !! EXTREMELY UPSET!,1,"August 9, 2026",6a799666bd63a91a954bc7ef,andy,Negative,248,-1,not book booking com known take money not give u room 2nd time happened garbage company poor customer service wont return money right away either extremely upset,27,161
Booking.com,Travel,If I could give 0 stars,"If I could give 0 stars, I would. Every time there’s a problem, getting a response is nearly impossible. Extremely frustrating and unacceptable. I had a terrible experience with Booking.com three years ago and stopped using them. This year, I accidentally booked through them again and was quickly reminded why I stopped. Never again.",1,"August 3, 2026",6a79939b8e4f726ba7383220,Liana Nikolopoulou,Negative,334,-1,could give 0 stars would every time problem getting response nearly impossible extremely frustrating unacceptable terrible experience booking com three years ago stopped using year accidentally booked quickly reminded stopped never,31,231
Booking.com,Travel,Terrible customer service,"Terrible customer service. They platform lures you in with offers (free airport taxi for example), they give it to you, but they contain hidden expiry dates that are not well communicated and they don't help you at all if you miss the (hard to find) deadline. Spent over £1,200 with them on a booking which came with a free taxi ride worth £35. They chose to lose my future business over honouring what was promised. Weak performance. Will be booking directly from now on.",1,"August 10, 2026",6a798be539c92862072bfae2,Matthew McCullen,Negative,472,-1,terrible customer service platform lures offers free airport taxi example give contain hidden expiry dates not well communicated don't help miss hard find deadline spent 1 200 booking came free taxi ride worth 35 chose lose future business honouring promised weak performance booking directly,44,292
Booking.com,Travel,A totally unreliable company,"I will NEVER book with Booking.com again! On a recent trip to Malaysia, we arrived at 10.30pm to discover that a message had been sent whilst we were on the plane (I didnt have internet until we reached the city) to say that our room had been flooded by a faulty A/C unit. (I have heard that one before) We managed to find another property, on Booking.com, that was 20 mins walk away at double the price, but since it was already 10.45 by this time, we paid the deposit and walked there with our cases. Once there, we could not contact the owner of the apartment as they kept hanging up when they realised who we were. Eventually we received a message saying they were fully booked but our refund would take 2 weeks. We contacted Booking.com on arrival home in Australia (that in itself took nearly an hour) to say that we had not received a refund and their answer was that it would take another 2 weeks!! They were not interested in the trouble we had had and passed all responsibility on to the owner of the apartment. Terrible customer service, no accountability. I dont know how the business survives! I wish i had read all these bad reviews before booking. They only get 1.5 stars, because the minimum you can give is 1 star. I think there should be an opportunity on Trust Pilot to give 0 stars.",1,"July 24, 2026",6a7981b2792285e4d5613a0e,Judy Collins,Negative,1302,-1,never book booking com recent trip malaysia arrived 10 30pm discover message sent whilst plane didnt internet reached city say room flooded faulty c unit heard one managed find another property booking com 20 mins walk away double price since already 10 45 time paid deposit walked cases could not contact owner apartment kept hanging realised eventually received message saying fully booked refund would take 2 weeks contacted booking com arrival home australia took nearly hour say not received refund answer would take another 2 weeks not interested trouble passed responsibility owner apartment terrible customer service no accountability dont know business survives wish read bad reviews booking get 1 5 stars minimum give 1 star think opportunity trust pilot give 0 stars,122,777
Booking.com,Travel,Booking dot com not worth it. No savings,Booking dot com has a decent collection of hotel options. However there are no Price discounts or points gained by using booking dot com regularly. Over this Summer my family and I paid expensive room rates in Canada with several different bookings and there was no discount enjoyed. What then is the benefit of booking dot com ? I think you Are better of adhéring to the hotels directly,2,"August 1, 2026",6a797f43f9070a9cc18351ff,Oluyinka Akinpelu,Negative,387,-1,booking dot com decent collection hotel options however no price discounts points gained using booking dot com regularly summer family paid expensive room rates canada several different bookings no discount enjoyed benefit booking dot com think better adh ring hotels directly,41,276
Booking.com,Travel,Compensation,"Just to remind everyone
Booking.com will do everything they can to avoid paying compensation.
Blaming others and saying go through your travel insurance. For cancellations",1,"January 10, 2026",6a797ef617a0fce6b5ba8f98,Christopher Lees,Negative,171,-1,remind everyone booking com everything avoid paying compensation blaming others saying go travel insurance cancellations,15,120
Booking.com,Travel,wont give a refund,wont give a refund when refund was promised. disgusting filthy company,1,"July 24, 2026",6a797e6d0f2412d9c5877e09,Ben,Negative,70,-1,wont give refund refund promised disgusting filthy company,8,58
Booking.com,Travel,"Fraudulent Advertising & selling of Car Sizes - Booking.com confirmed a 7-seater, then left my family without suitable transport days before travel","In February 2026 I booked and paid for a car through Booking.com specifically because the car advertised and sold clearly stated “Volvo XC90 or similar – 7 seats.”

We are travelling as three adults and three young children, so seven seats were an essential requirement of the booking.

Less than one week before our holiday, I downloaded the rental voucher and discovered that Booking.com had changed the reservation to a BMW X5 showing only 5 seats.

I immediately contacted Booking.com.

Since then, multiple members of their own team have acknowledged in writing that:

• My original Booking.com confirmation shows 7 seats.
• The vehicle currently associated with my booking is a 5-seater.
• They cannot confirm that Hertz will provide a 7-seat vehicle.

Despite acknowledging the discrepancy, Booking.com has repeatedly suggested that I:

* cancel my booking and rebook at today’s peak-season prices;
* contact their supplier in France myself;
* or arrive at Marseille Airport with three young children and simply refuse the vehicle if it is unsuitable.

None of these is a reasonable solution.

I booked six months in advance to avoid exactly this situation.

I have now spent many hours speaking to multiple agents, sending evidence repeatedly and explaining the same issue over and over again. Every representative apologises. Every representative agrees there is a problem. Yet nobody has taken ownership or provided a solution.

Five days before travel I still have no confirmation that my family will actually have transport capable of carrying all six of us.

I have retained the complete documentary evidence, including:

• the original 7-seat confirmation;
• the later 5-seat voucher;
• the full live chat transcript;
• and Booking.com’s written acknowledgements that the booking no longer matches the original confirmation.

I sincerely hope Booking.com resolves this before we travel. If they do, I will happily update this review.

At present, however, I cannot recommend using Booking.com for car hire where vehicle specifications are critical.",1,"August 10, 2026",6a797996def46b93cb72f2db,Tara LR,Negative,2062,-1,february 2026 booked paid car booking com specifically car advertised sold clearly stated volvo xc90 similar 7 seats travelling three adults three young children seven seats essential requirement booking less one week holiday downloaded rental voucher discovered booking com changed reservation bmw x5 showing 5 seats immediately contacted booking com since multiple members team acknowledged writing original booking com confirmation shows 7 seats vehicle currently associated booking 5 seater cannot confirm hertz provide 7 seat vehicle despite acknowledging discrepancy booking com repeatedly suggested cancel booking rebook today peak season prices contact supplier france arrive marseille airport three young children simply refuse vehicle unsuitable none reasonable solution booked six months advance avoid exactly situation spent many hours speaking multiple agents sending evidence repeatedly explaining issue every representative apologises every representative agrees problem yet nobody taken ownership provided solution five days travel still no confirmation family actually transport capable carrying six us retained complete documentary evidence including original 7 seat confirmation later 5 seat voucher full live chat transcript booking com written acknowledgements booking no longer matches original confirmation sincerely hope booking com resolves travel happily update review present however cannot recommend using booking com car hire vehicle specifications critical,198,1486
Booking.com,Travel,Unfulfilled promotional terms and unhelpful support loop (Customer service & Refund),"Customer service & Refund.

My recent experience with Booking.com regarding a promotional partnership campaign was very frustrating. After participating in an advertised joint offer during a trip in October 2025, I was promised a benefit to be delivered within 60 days. Today, more than 260 days have passed, and I still have received nothing.

When contacting customer support, the process turned into an endless loop. Instead of honoring or resolving the promotion advertised on their platform, the support team repeatedly redirected me back and forth to the partner airline without offering a solution.

Communication with their automated and human support felt designed to exhaust the customer rather than resolve the problem. I have my booking references and email correspondence ready to verify this experience. Future customers should be cautious when relying on promotional offers through this platform, as accountability is severely lacking.",1,"July 8, 2026",6a7978cb43667b9234968594,Bo Bar,Negative,950,-1,customer service refund recent experience booking com regarding promotional partnership campaign frustrating participating advertised joint offer trip october 2025 promised benefit delivered within 60 days today 260 days passed still received nothing contacting customer support process turned endless loop instead honoring resolving promotion advertised platform support team repeatedly redirected back forth partner airline without offering solution communication automated human support felt designed exhaust customer rather resolve problem booking references email correspondence ready verify experience future customers cautious relying promotional offers platform accountability severely lacking,84,701
Booking.com,Travel,The advertised a closed hotel and took…,"The advertised a closed hotel and took payment, looks like the hotel been closed for years its been 2 days and still waiting to hear from customer services",1,"August 8, 2026",6a7974ca71eaeb931e072d6f,Customer watson,Negative,155,-1,advertised closed hotel took payment looks like hotel closed years 2 days still waiting hear customer services,17,110
Booking.com,Travel,Booking. Com leaking your private details.,"Very, very concerned that Booking. Com is leaking personal details.
This is the 2nd time this has happened within six months.

Make a reservation, all paid and confirmed.
Then get a WhatsApp message with loads of links, theatening to cancel the reservation unless I use the links within 24 hours.
Contacted Booking. Com who don't respond for 5 days and when they do respond just say that the information has been passed to another department.
Booking. Com is leaking private details about customers...............",1,"August 6, 2026",6a79740b959638e5ddb8aa17,Michael Briggs,Negative,513,-1,concerned booking com leaking personal details 2nd time happened within six months make reservation paid confirmed get whatsapp message loads links theatening cancel reservation unless use links within 24 hours contacted booking com don't respond 5 days respond say information passed another department booking com leaking private details customers,49,349
Booking.com,Travel,Shocking,"Shocking. Booked three nights away back in July to go away in August. No email confirmation received. Upon trying to cancel reservation before £307 is taken from my account. I’m lead in circles on their app for help. No help from AI rubbish in their phone line IF you can find the number! 3 weeks I’ve been trying to cancel within this reservation now. STILL no joy. I’ve need had the hotel DIRECTLY contact Booking.com to request it be cancelled in my behalf!
Will absolutely never use this service again. Fingers crossed it’s sorted in three days. Or I’ll be taking them to small claims court.",1,"August 10, 2026",6a793f277d488b9fd70d65fc,juliet clark,Negative,595,-1,shocking booked three nights away back july go away august no email confirmation received upon trying cancel reservation 307 taken account lead circles app help no help ai rubbish phone line find number 3 weeks trying cancel within reservation still no joy need hotel directly contact booking com request cancelled behalf absolutely never use service fingers crossed sorted three days taking small claims court,64,410
Booking.com,Travel,Very bad experience I have boked a…,Very bad experience I have boked a booking for pachmarhi from booking.com they give me confirm booking but when I reached hotel said no bookings all rooms are sold so don’t book any booking from this fraud app,1,"August 8, 2026",6a793602ead5667a75c54c5b,NITIN PANDEY CHEMISTRY GURU,Negative,209,-1,bad experience boked booking pachmarhi booking com give confirm booking reached hotel said no bookings rooms sold book booking fraud app,21,136
Booking.com,Travel,Promoted a rental car company that had…,Promoted a rental car company that had a two hour wait vs all the other companies that were empty. Guessing most people took the sponsored bait.,1,"August 9, 2026",6a792634f62802a8da9a2517,Morgan Chadwick,Negative,144,-1,promoted rental car company two hour wait vs companies empty guessing people took sponsored bait,15,96
Booking.com,Travel,They hide the total fees our hotel…,"They hide the total fees our hotel ended up being $75 more than listed and didn't show up until I hit submit.
Tried to cancel right away but they wouldn't even within 1 minute realize if they ripped me off. I am contacting my credit card to file a dispute customer service is a joke",1,"August 8, 2026",6a78ebae79cf6fb499a9df20,Colleen,Negative,282,-1,hide total fees hotel ended 75 listed didn't show hit submit tried cancel right away wouldn't even within 1 minute realize ripped contacting credit card file dispute customer service joke,30,187
Booking.com,Travel,Terrible,"Used Booking.com many times without issue. However, a recent booking in Scotland has caused issues where a hotel has over charged me and is refusing to communicate to resolve the issue having previously agreed to refund me.

As a last resort I thought Booking.com may assist as they were to booking agent. How wrong I could be!! Almost impossible to get a human to speak to you then when it appears you have they really are as daft as daft comes and absolutely no help!

In future I think I’ll go elsewhere!!",1,"July 29, 2026",6a78dc4ae128e3b347a7be63,James,Negative,508,-1,used booking com many times without issue however recent booking scotland caused issues hotel charged refusing communicate resolve issue previously agreed refund last resort thought booking com may assist booking agent wrong could almost impossible get human speak appears really daft daft comes absolutely no help future think go elsewhere,50,340
Booking.com,Travel,Zero stars,"Zero stars. Had to cancel my reservation three days prior to the trip because I got fired from my job they make you verify your email address and you spin in circles on your phone when you are using a desktop computer they still make you verify it three times until you’re able to access your account. You can see your reservation and they are advertising customer service available, but no one is available when you’re searching the Internet for customer service phone numbers there is one reliable phone number and it takes you to an AI agent that only takes care of hotels and not flights and here we are they send you back to your account. I tried emailing them at the address that was advertised and the emails bounced back.(ref number & booking) I’ve tried 1 million other phone numbers that are advertised on the Internet or given to me in in email for booking however, a lot of scamming agencies reaching out to you trying to get into your email requesting codes sent to your personal email so they can verify your reservation and then they ask you for enormous amounts of money to cancel your booking and you don’t even know if you are reaching a booking certified agent overall experience zero stars I will never book through them again ever again and I will make sure all of my friends know how they operate",1,"August 8, 2026",6a78d7955901337e049628fc,Corynka,Negative,1318,-1,zero stars cancel reservation three days prior trip got fired job make verify email address spin circles phone using desktop computer still make verify three times able access account see reservation advertising customer service available no one available searching internet customer service phone numbers one reliable phone number takes ai agent takes care hotels not flights send back account tried emailing address advertised emails bounced back ref number booking tried 1 million phone numbers advertised internet given email booking however lot scamming agencies reaching trying get email requesting codes sent personal email verify reservation ask enormous amounts money cancel booking even know reaching booking certified agent overall experience zero stars never book ever make sure friends know operate,118,811
Booking.com,Travel,Avoid Gotogate by Booking.com at All Costs,"My experience with Gotogate by Booking.com has been one of the most frustrating and stressful travel experiences I've ever had. I strongly advise anyone considering booking through them to think twice.

Our Thai Lion Air flight was cancelled by the airline on 3 June, well in advance of our scheduled travel on 2 July. However, we were never informed by Gotogate or Booking.com that our flight had been cancelled. There was no email, no SMS, no phone call, and no attempt to offer an alternative flight or assist us in any way.

The only reason we discovered the cancellation was when we tried to complete web check-in before our trip. Imagine the shock and panic of finding out that your flight doesn't even exist just days before your vacation. Because of this complete failure in communication, we were forced to book expensive last-minute replacement tickets, costing us significantly more than what we had originally paid.

The worst part began after that. It has now been over two months, and despite countless follow-ups, we have still not received our refund. Every single time we contact Gotogate, we are given the same scripted response: ""We are waiting for the airline to refund us."" They refuse to take any ownership of the issue or provide any meaningful update.

To make matters worse, they repeatedly provide incorrect information, claiming that the flight was cancelled on 3 July, when in reality it was cancelled on 3 June. Even after correcting them multiple times, they continue to rely on inaccurate records instead of investigating the matter properly.

As the company that accepted my payment and issued my booking, Gotogate/Booking.com should be accountable to their customers. Passing all responsibility to the airline while leaving customers without information, assistance, or refunds is simply unacceptable. Customers should not be expected to bear the financial burden and uncertainty because an intermediary fails to do its job.

The entire experience has caused unnecessary financial loss, countless hours spent chasing customer support, and tremendous mental stress. Every interaction has felt like talking to a wall, with no accountability, no empathy, and no resolution.

I have completely lost trust in Gotogate and Booking.com for flight bookings. Saving a small amount on a ticket is not worth the risk of being abandoned when something goes wrong.

My advice to anyone considering booking flights through Gotogate or Booking.com: Don't. Book directly with the airline or use a travel agency that actually supports its customers. If your flight gets cancelled, be prepared for poor communication, endless excuses, delayed refunds, and zero accountability.

This has been one of the worst customer service experiences I have ever had, and I will never use Gotogate or Booking.com for flight bookings again. I will also actively recommend that my friends, family, and colleagues avoid them if they value their money, time, and peace of mind.",1,"July 3, 2026",6a78ce1ac05671211e4cdf03,Kaushik Makam,Negative,2975,-1,experience gotogate booking com one frustrating stressful travel experiences ever strongly advise anyone considering booking think twice thai lion air flight cancelled airline 3 june well advance scheduled travel 2 july however never informed gotogate booking com flight cancelled no email no sms no phone call no attempt offer alternative flight assist us way reason discovered cancellation tried complete web check trip imagine shock panic finding flight doesn't even exist days vacation complete failure communication forced book expensive last minute replacement tickets costing us significantly originally paid worst part began two months despite countless follow ups still not received refund every single time contact gotogate given scripted response waiting airline refund us refuse take ownership issue provide meaningful update make matters worse repeatedly provide incorrect information claiming flight cancelled 3 july reality cancelled 3 june even correcting multiple times continue rely inaccurate records instead investigating matter properly company accepted payment issued booking gotogate booking com accountable customers passing responsibility airline leaving customers without information assistance refunds simply unacceptable customers not expected bear financial burden uncertainty intermediary fails job entire experience caused unnecessary financial loss countless hours spent chasing customer support tremendous mental stress every interaction felt like talking wall no accountability no empathy no resolution completely lost trust gotogate booking com flight bookings saving small amount ticket not worth risk abandoned something goes wrong advice anyone considering booking flights gotogate booking com don't book directly airline use travel agency actually supports customers flight gets cancelled prepared poor communication endless excuses delayed refunds zero accountability one worst customer service experiences ever never use gotogate booking com flight bookings also actively recommend friends family colleagues avoid value money time peace mind,279,2082
Booking.com,Travel,Just applied to have all my data…,"Just applied to have all my data deleted under the data protection act uk.
Tgey have replied that they will honour the deletion but under Netherlands data protection laws.
What booking.com forgets is the fact that when they operate in Britain, they automatically agree to abide by all uk laws yet they trying to hide behind other countries laws as they think they are too big to obey all countries laws they operate in.
I advise all uk residents to be wary of using booking.com as they think uk laws are optional not a legal requirement as they forget we are not in the eu anymore.",1,"August 9, 2026",6a78c0f527711b6415aac4b4,Silver,Negative,581,-1,applied data deleted data protection act uk tgey replied honour deletion netherlands data protection laws booking com forgets fact operate britain automatically agree abide uk laws yet trying hide behind countries laws think big obey countries laws operate advise uk residents wary using booking com think uk laws optional not legal requirement forget not eu anymore,56,366
Booking.com,Travel,A great discovery for travel,"I recently found out about booking.(earlier on this year) So far it has been great. I haven’t had a problem and the process has been extremely easy.I have booked for four different areas. Two of those four have been great. The other two are coming up in October and November. I booked for Solvang California, phoenix Arizona, Las Vegas, and Jalisco Mexico. I have even gotten a small discount.

I will be back after my next two trips to give an update.

Side note I do like that you can leave a review about the hotel stay on their app.

**everyone has different experiences, remember to be kind and patient**",4,"January 23, 2026",6a78bb781e762acd971aa49c,Dulse N. Marquez,Positive,609,1,recently found booking earlier year far great problem process extremely easy booked four different areas two four great two coming october november booked solvang california phoenix arizona las vegas jalisco mexico even gotten small discount back next two trips give update side note like leave review hotel stay app everyone different experiences remember kind patient,55,369
Booking.com,Travel,The worst customer service support…,"The worst customer service support ever.
They hired people in India that could barely speak English.
I had been trying to reach customer service to unlock the account for 2 days. Total number of calls were > 10 to no avail. They drop the calls, don’t understand the problem and unable to solve the most easiest things.",1,"August 8, 2026",6a78b72afa95960255f13e0d,Vassili Zdanov,Negative,318,-1,worst customer service support ever hired people india could barely speak english trying reach customer service unlock account 2 days total number calls 10 no avail drop calls understand problem unable solve easiest things,34,222
Booking.com,Travel,Disapointed,"I was a very good client of booking for years. But now I am very disapointed.

In the pas, normally we allways got a warning that my credit card will be charged. Just to be sure that you know that you have enough money on it. And also if you want to cancel that you got the warning.

But this time they did not send the message. So my booking from januari was canceled by booking. They only send that cancelmail.

I was able to book it again as soon as they sent me the mail that the house was canceled. That mail they sent!

At the end. The house was 200 euro’s more expensive. And booking charged me also 200,00. So in total 400,00 euro more expensive.

I asked Booking to be kind for me, Because it was a mistake from booking. They denied that it was their mistake. So I am genius 3 client. But they lost me. I will never use booking again!! A few years ago the client service was good. But now. Long waitingtimes at the phone. And no mercie. So Booking. Don’t book!",1,"August 9, 2026",6a78b272eeceb97cd901517e,Astrid,Negative,969,-1,good client booking years disapointed pas normally allways got warning credit card charged sure know enough money also want cancel got warning time not send message booking januari canceled booking send cancelmail able book soon sent mail house canceled mail sent end house 200 euro expensive booking charged also 200 00 total 400 00 euro expensive asked booking kind mistake booking denied mistake genius 3 client lost never use booking years ago client service good long waitingtimes phone no mercie booking book,82,514
Booking.com,Travel,Absolute scam website,"Absolute scam website. While yes, I've booked one or two legitimate stays, last year an apartment we booked took the money from our account, only for booking a few days before our stay to say the booking had been cancelled without going through and we didn't have a place to stay after all. We had to scramble to book a new, worse, more expensive apartment through another site. Since then, for a whole year, I've tried every possible thing to get our money back for the first apartment. The online customer website doesn't work even a little bit, at least if the booking isn't tied to an account. They tell you they have to send a code to your email to verify the booking is tied to the email address, but they never send the code. If you write them an email, you get stuck in a loop of 'please verify your information', but if you do verify it, you get another of the same mail. It's almost impossible to reach them by phone - their waiting loop may randomly end the call or leave you to wait for forty minutes, then tell you they're having a technical issue and hang up. If you do magically manage to reach them, they tell you they'll call you back to verify your number, then don't do that 90% of the time. If you do get that far, they simply lie to you telling you that your money will be refunded, but never do it. If you mention a refund up front, they immediately cite technical issues and hang up. We still don't have our money back and I'm stuck in their horrible, glitchy waiting loop as I'm typing this. There is no way to actually reach them, and at every point you're encountering 'technical issues' that never resolve and keep you from even making an official complaint. Could not recommend in any way, even if we used the site before for years.",1,"August 8, 2026",6a78abedd03d49d6bc007854,Malin,Negative,1760,-1,absolute scam website yes booked one two legitimate stays last year apartment booked took money account booking days stay say booking cancelled without going didn't place stay scramble book new worse expensive apartment another site since whole year tried every possible thing get money back first apartment online customer website doesn't work even little bit least booking isn't tied account tell send code email verify booking tied email address never send code write email get stuck loop 'please verify information' verify get another mail almost impossible reach phone waiting loop may randomly end call leave wait forty minutes tell technical issue hang magically manage reach tell call back verify number don't 90 time get far simply lie telling money refunded never mention refund front immediately cite technical issues hang still don't money back stuck horrible glitchy waiting loop typing no way actually reach every point encountering 'technical issues' never resolve keep even making official complaint could not recommend way even used site years,163,1060
Booking.com,Travel,Booked what was called cosy 3 bedroom…,"Booked what was called cosy 3 bedroom propert in backworth, Newcastle cost £198. Looked good on booking.com but when arrived it literally looked like someone had been evicted that day. Bins over flowing and unable to shut in front garden. Old discarded clothing in front, dirty, stained carpets and settee not fit to sit on. Items that were shown as hung on walls were just stood on the floor. Inside bins not emptied, found empty cans and uneaten food in bag in drawers where clothes should be stored. Could not stay and so had to book emergency hotel accommodation at a cost of £250. Complained to booking.com and sent multiple videos. Despite that, they refused to refund and when I looked at the reviews for that property on their site, many other people had said the same. Booking.com clearly know this property is unacceptable as they have now removed it from their platform and simply credited my booking.com account by £16.
Utterly disgusted by booking.com. if your holiday goes well and you have no issues then you are fine. If you have any issues like I did, tough luck you are on your own. Would never recommend or use booking.com again.",1,"August 1, 2026",6a789aa33e28b1927785b7d4,Stewart Heaps,Negative,1148,-1,booked called cosy 3 bedroom propert backworth newcastle cost 198 looked good booking com arrived literally looked like someone evicted day bins flowing unable shut front garden old discarded clothing front dirty stained carpets settee not fit sit items shown hung walls stood floor inside bins not emptied found empty cans uneaten food bag drawers clothes stored could not stay book emergency hotel accommodation cost 250 complained booking com sent multiple videos despite refused refund looked reviews property site many people said booking com clearly know property unacceptable removed platform simply credited booking com account 16 utterly disgusted booking com holiday goes well no issues fine issues like tough luck would never recommend use booking com,116,762
Booking.com,Travel,Booking.com abandoned its customers…,"Booking.com abandoned its customers during an extreme emergency

I had used Booking.com for many years and made numerous reservations through the platform. However, its conduct during the catastrophic wildfires around Arcachon has completely destroyed my confidence in the company.

Our family had booked two rooms near Arcachon Bay. At that time, the area was being affected by some of the largest wildfires in modern French history. Major access roads were closed, mass evacuations were taking place, and the Gironde authorities were asking tourists not to travel to the affected region. Arcachon Bay was effectively situated between two major fire zones.

Despite the extraordinary scale of the emergency, Booking.com apparently did not classify the area as being affected by an extreme or emergency situation. It did not issue us any meaningful warning and, when we asked for assistance, simply distanced itself from the problem.

The hotel’s position was predictable: it wanted to keep the money, even though no accommodation service was provided. But Booking.com’s attitude towards its customers was truly shocking. Its customer service merely told us that nothing could be done because the hotel refused to authorise a refund.

I am certain that our family was not the only one planning a holiday around Arcachon Bay at that time. Booking.com’s failure to recognise the seriousness of the situation and its refusal to provide any meaningful assistance are therefore extremely difficult to understand.

Booking.com was perfectly willing to act as an intermediary when accepting the reservation and benefiting commercially from it. However, when a genuine emergency occurred and its customers needed protection, the company simply stepped aside and accepted no responsibility.

After many years as a loyal customer, I can only say that Booking.com disgraced itself in this situation. Before making my next hotel reservation, I will think very carefully about whether to use Booking.com again. At the very least, travellers should not expect any real assistance from the platform when something serious goes wrong.",1,"July 28, 2026",6a789a40a7d3eabc7771e3f6,Iurii Gershevskii,Negative,2118,-1,booking com abandoned customers extreme emergency used booking com many years made numerous reservations platform however conduct catastrophic wildfires around arcachon completely destroyed confidence company family booked two rooms near arcachon bay time area affected largest wildfires modern french history major access roads closed mass evacuations taking place gironde authorities asking tourists not travel affected region arcachon bay effectively situated two major fire zones despite extraordinary scale emergency booking com apparently not classify area affected extreme emergency situation not issue us meaningful warning asked assistance simply distanced problem hotel position predictable wanted keep money even though no accommodation service provided booking com attitude towards customers truly shocking customer service merely told us nothing could done hotel refused authorise refund certain family not one planning holiday around arcachon bay time booking com failure recognise seriousness situation refusal provide meaningful assistance therefore extremely difficult understand booking com perfectly willing act intermediary accepting reservation benefiting commercially however genuine emergency occurred customers needed protection company simply stepped aside accepted no responsibility many years loyal customer say booking com disgraced situation making next hotel reservation think carefully whether use booking com least travellers not expect real assistance platform something serious goes wrong,197,1522
Booking.com,Travel,1 Star is too much,"1 Star is too much
15 years ago, 5 years ago 5 days ago it doesnt matter. Booking.com makes sure that you have an hell for an holiday!",1,"August 9, 2025",6a7898f0b931a2d60defb4ab,Selwin Teterissa,Negative,134,-1,1 star much 15 years ago 5 years ago 5 days ago doesnt matter booking com makes sure hell holiday,20,97
Booking.com,Travel,Booking.com scam,I use booking.com to book a 5 night stay at The Brooklyn Hotel. I experienced an unexpected family emergency and canceled the non refundable reservation before 24 hours. The hotel kept $897.74 of $1015.19 total. Nearly 90% of my money. Booking.com said there was nothing they can do about it. They advertise this hotel on their site with photo shop pictures. Booking.com is apart of this scam. They get zero stars. I would never book a hotel reservation through them again.,1,"June 30, 2026",6a78934a303c1aa6fbf74c23,Elizabeth Phillips,Negative,473,-1,use booking com book 5 night stay brooklyn hotel experienced unexpected family emergency canceled non refundable reservation 24 hours hotel kept 897 74 1015 19 total nearly 90 money booking com said nothing advertise hotel site photo shop pictures booking com apart scam get zero stars would never book hotel reservation,51,320
Booking.com,Travel,Last minute they cancelled my…,Last minute they cancelled my reservation without reason and without replacing it!,1,"August 9, 2026",6a788ff65520ba39f94d6d36,A&P Levi,Negative,82,-1,last minute cancelled reservation without reason without replacing,8,66
Booking.com,Travel,We needed to change a hotel…,We needed to change a hotel reservation. This can be done according to the website. Booking.com said we needed to call the hotel directly the hotel said that booking.com is responsible because it was booked through them. We got charged. It is NOT woth saving a couple of dollars using this company. They are liars and customer service is non existant.,1,"August 3, 2026",6a788fd32ddbf289e5e2218a,Leah Price,Negative,351,-1,needed change hotel reservation done according website booking com said needed call hotel directly hotel said booking com responsible booked got charged not woth saving couple dollars using company liars customer service non existant,34,233
Booking.com,Travel,Horrible service and property,"If I could give them less than 1 star I would! 1st, the property they represent at 2500 Pennsylvania Ave (Washington DC) is terrible. Dirty, poorly maintained, and A/C barely working. We we discussed with front desk personnel (who were high and reeked of pot) were not only unhelpful but were rude. When we called Booking.com customer service, they also were completely unhelpful and disconnected the call multiple times. We filed a dispute which they have denied with no means of contacting them. DO NOT USE booking.com.",1,"June 26, 2026",6a78871618edec07435693e6,Randy Fields,Negative,521,-1,could give less 1 star would 1st property represent 2500 pennsylvania ave washington dc terrible dirty poorly maintained c barely working discussed front desk personnel high reeked pot not unhelpful rude called booking com customer service also completely unhelpful disconnected call multiple times filed dispute denied no means contacting not use booking com,53,359
Booking.com,Travel,**Very disappointing experience,"**Very disappointing experience – we will not use Booking.com again**

Unfortunately, our experience with this booking has been extremely disappointing.

After completing the booking, we repeatedly requested the invoice, but **we have still never received it**. Despite following up several times and providing all the necessary information, the issue remains unresolved.

Receiving a proper invoice should be a basic part of any professional booking, particularly when it has been specifically requested. The lack of communication and failure to provide the invoice has made the entire experience frustrating and unprofessional.

Based on this experience, **we will not be using Booking.com again**. We expected a much higher level of service and support, and unfortunately, this experience has completely undermined our confidence in the platform.

We hope this issue will eventually be resolved, but we cannot recommend Booking.com based on our experience.",1,"July 9, 2026",6a7882ecf14e79b8b600e881,Gaetano Giangaspero,Negative,959,-1,disappointing experience not use booking com unfortunately experience booking extremely disappointing completing booking repeatedly requested invoice still never received despite following several times providing necessary information issue remains unresolved receiving proper invoice basic part professional booking particularly specifically requested lack communication failure provide invoice made entire experience frustrating unprofessional based experience not using booking com expected much higher level service support unfortunately experience completely undermined confidence platform hope issue eventually resolved cannot recommend booking com based experience,77,671
Booking.com,Travel,Totally unacceptable service,"Totally unacceptable service. Got my data compromised for a booking i made. Phishing message received on whatsapp and asking me verify my payment link using 3Dsecure all over again. Luckily used AI on my phone to spot its phishing attempt as for a booking made in Sri Lanka, i was getting a message from a business on whatsapp in Peru! Totally feel unsafe using their platform in the future as they are not putting protocols in place properly to comply with GPDR and data protection of their customers. I want to formally raise a complaint and happy to provide details on this. Booking.com Please TREAT THIS URGENT!!! i have a Ticket number only and your chat agent has no idea of the timeframe for the security team will respond by! completely unacceptable. I would never use your platform in the future if my data is NOT secure!",1,"August 8, 2026",6a787d24aa37a27dfb89666a,Usman Qureshi,Negative,830,-1,totally unacceptable service got data compromised booking made phishing message received whatsapp asking verify payment link using 3dsecure luckily used ai phone spot phishing attempt booking made sri lanka getting message business whatsapp peru totally feel unsafe using platform future not putting protocols place properly comply gpdr data protection customers want formally raise complaint happy provide details booking com please treat urgent ticket number chat agent no idea timeframe security team respond completely unacceptable would never use platform future data not secure,82,583
Booking.com,Travel,Avoid and find an alternative,"I have had an absolutely awful experience with Booking.com and I am still trying to get my money back.

I booked a property through Booking.com, but before my stay the property owners began demanding an additional €150 payment and told me I would not be allowed into the building unless I paid it. This was extremely concerning, particularly after I checked the property’s reviews and found multiple guests reporting problems getting their €150 “deposit” returned. The property had also received a significant number of very negative reviews.

Because of this, I contacted Booking.com at around midday on 31 July, BEFORE booking alternative accommodation. I asked them for help and reassurance about the situation. I received no resolution or meaningful assistance. As I could not risk arriving with nowhere safe to stay, I eventually booked another hotel.

On the day of my original booking, the property refused to let me enter because I would not pay the additional €150. They also refused to cancel my booking. I contacted Booking.com again, extremely upset, and explained what had happened. I was told that I would receive approximately a quarter of my money back once the booking period had ended. Even this seemed completely inadequate considering I had paid for accommodation that I was not permitted to access.

I have now contacted Booking.com to claim the refund I was promised, only to be told that I am not entitled to it because I supposedly booked my replacement hotel BEFORE reporting the problem.

This is simply not true.

I have evidence showing that I contacted Booking.com on 31 July before booking the alternative accommodation. Booking.com therefore had the opportunity to assist me before I was forced to make alternative arrangements, but failed to do so.

I had previously had good experiences booking hotels through Booking.com, but this was the first time I actually needed their customer service to resolve a serious problem. The experience has completely changed my opinion of the company. When something went wrong, I received virtually no meaningful support, was left to find alternative accommodation myself, and am now being refused even the partial refund I was previously told I would receive.

I would strongly recommend booking directly with hotels or using another provider. My experience has shown me that when a serious problem occurs with a property, you cannot necessarily rely on Booking.com to protect you or help you recover your money.

I am still requesting that Booking.com review the evidence, honour the refund I was promised and resolve this properly.",1,"August 9, 2026",6a7878dd96d2877b47791972,Olivia Lynchehaun,Negative,2603,-1,absolutely awful experience booking com still trying get money back booked property booking com stay property owners began demanding additional 150 payment told would not allowed building unless paid extremely concerning particularly checked property reviews found multiple guests reporting problems getting 150 deposit returned property also received significant number negative reviews contacted booking com around midday 31 july booking alternative accommodation asked help reassurance situation received no resolution meaningful assistance could not risk arriving nowhere safe stay eventually booked another hotel day original booking property refused let enter would not pay additional 150 also refused cancel booking contacted booking com extremely upset explained happened told would receive approximately quarter money back booking period ended even seemed completely inadequate considering paid accommodation not permitted access contacted booking com claim refund promised told not entitled supposedly booked replacement hotel reporting problem simply not true evidence showing contacted booking com 31 july booking alternative accommodation booking com therefore opportunity assist forced make alternative arrangements failed previously good experiences booking hotels booking com first time actually needed customer service resolve serious problem experience completely changed opinion company something went wrong received virtually no meaningful support left find alternative accommodation refused even partial refund previously told would receive would strongly recommend booking directly hotels using another provider experience shown serious problem occurs property cannot necessarily rely booking com protect help recover money still requesting booking com review evidence honour refund promised resolve properly,238,1830
Booking.com,Travel,Booking.com is a terrible platform,"Booking.com is a terrible platform that had repeatedly failed me when I needed customer service

I have used Booking.com extensively, but my experience following a serious incident at a property has completely changed my view of the company.

I booked four nights at Westbury House in Windermere through Booking.com. I physically attended the property within the stated check-in period, with my luggage, and attempted to check in. Following an extraordinary confrontation with the owners, the door was closed on me while I was still standing at the threshold. I was not admitted and received none of the four nights I had paid for.

What happened afterwards with Booking.com was almost as appalling.

I spent approximately two hours making around 16 calls to Booking.com numbers in Australia, the UK and the Netherlands trying to report what had happened. Calls repeatedly disconnected, including after I had been placed on hold, meaning I had to call back, identify myself and start explaining everything again.

One agent, Mohammed, became embroiled in a pointless argument about my reservation number, despite ultimately acknowledging that he could already identify the booking. When I asked for a supervisor, he refused to escalate the call.

I called again and spoke with Christine. After I criticised the lack of empathy and customer service I was receiving, she actually told me:

“I’m hanging up on you. You have to call back. I don’t like the way you’re speaking to me.”

And she did.

Meanwhile, Booking.com was emailing me saying it had contacted the property about my complaint even though nobody had successfully taken my complete account of what had happened. I replied asking, “How can you have advised them when I have not told you a thing?” and repeatedly asked for someone to call me.

I then pursued Booking.com through email and X/Twitter, including providing a detailed written account. I was repeatedly redirected back towards the same telephone customer-service system that had already failed me.

Now comes perhaps the most disturbing part: despite my repeatedly telling Booking.com that I physically attended Westbury House and had the door closed on me at the threshold, I have apparently been recorded as a NO-SHOW.

That is simply false.

And conveniently, being classified as a no-show means I am now unable to leave a Booking.com review of the property and what happened to me there.

So I attended the property, was refused the accommodation, spent hours trying to report what happened, experienced repeated disconnections and failed escalation, sent written complaints explaining that I had attended — and I am now prevented from reviewing the property because the booking records incorrectly say I never showed up.

Whether Booking.com or the property disputes my entitlement to a refund is one issue. Whether I attended the property is another. I did attend. I was not a no-show.

A booking platform proves its value when something goes wrong. Taking a reservation and processing payment is easy. Providing meaningful assistance when a customer is standing outside accommodation they have paid for is where customer service actually matters.

In my experience, Booking.com failed spectacularly at precisely that point.",1,"August 5, 2026",6a787816412e7751ec26196e,Asha,Negative,3252,-1,booking com terrible platform repeatedly failed needed customer service used booking com extensively experience following serious incident property completely changed view company booked four nights westbury house windermere booking com physically attended property within stated check period luggage attempted check following extraordinary confrontation owners door closed still standing threshold not admitted received none four nights paid happened afterwards booking com almost appalling spent approximately two hours making around 16 calls booking com numbers australia uk netherlands trying report happened calls repeatedly disconnected including placed hold meaning call back identify start explaining everything one agent mohammed became embroiled pointless argument reservation number despite ultimately acknowledging could already identify booking asked supervisor refused escalate call called spoke christine criticised lack empathy customer service receiving actually told hanging call back like way speaking meanwhile booking com emailing saying contacted property complaint even though nobody successfully taken complete account happened replied asking advised not told thing repeatedly asked someone call pursued booking com email x twitter including providing detailed written account repeatedly redirected back towards telephone customer service system already failed comes perhaps disturbing part despite repeatedly telling booking com physically attended westbury house door closed threshold apparently recorded no show simply false conveniently classified no show means unable leave booking com review property happened attended property refused accommodation spent hours trying report happened experienced repeated disconnections failed escalation sent written complaints explaining attended prevented reviewing property booking records incorrectly say never showed whether booking com property disputes entitlement refund one issue whether attended property another attend not no show booking platform proves value something goes wrong taking reservation processing payment easy providing meaningful assistance customer standing outside accommodation paid customer service actually matters experience booking com failed spectacularly precisely point,287,2271
Booking.com,Travel,Odious company,Odious company. They take your money and then have the face to send you an email saying the booking is not confirmed. Another disgusting morality free US corporation. Always try to book direct where possible and cut out this revolting middle man.,1,"August 9, 2026",6a78762201abcfe099fabd7f,Justin Wylllie,Negative,246,-1,odious company take money face send email saying booking not confirmed another disgusting morality free us corporation always try book direct possible cut revolting middle man,26,175
Booking.com,Travel,Terrible company,"Terrible company, first time using booking.com and the host tried to keep my deposit, no mention of a deposit until I had paid for the property. Booking.com did not help me in the slightest to get my money back, I had to go through PayPal in the end. Do not recommend.",1,"August 9, 2026",6a787080a1634f537be8643b,Chris Atkin,Negative,268,-1,terrible company first time using booking com host tried keep deposit no mention deposit paid property booking com not help slightest get money back go paypal end not recommend,29,176
Booking.com,Travel,never help when you get scammed.,"I've had to deal with scams and accommodations that didn't match the description several times. Booking.com's support has never actually helped me — all they did was contact the property owners, who simply refused to do anything. I can contact the owner myself. So basically, Booking.com charges a commission for doing absolutely nothing that's why i recommend reserving apartments avoiding booking.com",1,"August 9, 2026",6a785d1f6b06eaa618100517,Sergii,Negative,402,-1,deal scams accommodations didn't match description several times booking com's support never actually helped contact property owners simply refused anything contact owner basically booking com charges commission absolutely nothing that's recommend reserving apartments avoiding booking com,36,289
Booking.com,Travel,Booking.com should be Booking.con,"Two hotels on two consecutive nights booked through booking.com. First night the hotel is closed down. Second night the hotel is overbooked. Phoned, messaged and emailed booking.com with no response, quick enough to take and keep my money though.",1,"August 7, 2026",6a7842d6e0f4cbdc94247f04,Paul Fellows,Negative,246,-1,two hotels two consecutive nights booked booking com first night hotel closed second night hotel overbooked phoned messaged emailed booking com no response quick enough take keep money though,29,191
Booking.com,Travel,Be very careful using booking.com,Be very careful using booking.com. I have had my all my personal details breached. They emailed to tell me it had happened. But you can never speak to anyone to resolve the ongoing issues. I will never use them again. Your personal data including bank details is at risk.,1,"April 14, 2026",6a783751d2813f3348be8454,maz Taylor,Negative,271,-1,careful using booking com personal details breached emailed tell happened never speak anyone resolve ongoing issues never use personal data including bank details risk,24,167
Booking.com,Travel,Booking.com canceled my reservation without my permission,"I booked a two week reservation at a Stay USA hotel in Hot Springs, SD. I had some scheduling issues, so I called the hotel ahead of time and told the employee on the phone I would not make my first night of vacation. The hotel put in the notes I would not make it in on Friday, August 7th. When I showed up on August 8th, the hotel employees did not have a room for me. This is unacceptable, and I expect a full refund and all of my Venture credit card reward points back. The fact that booking.com can update my reservation to a “no show” without getting in touch with me first should be illegal",1,"August 7, 2026",6a77fdce36119b8f92fdec72,Eric Wesolowski,Negative,597,-1,booked two week reservation stay usa hotel hot springs sd scheduling issues called hotel ahead time told employee phone would not make first night vacation hotel put notes would not make friday august 7th showed august 8th hotel employees not room unacceptable expect full refund venture credit card reward points back fact booking com update reservation no show without getting touch first illegal,63,398
Booking.com,Travel,Never again,Never again! Horrible customer service! Still waiting and hoping to get my money back and I’m highly hopeful my holiday will work out as there is still few things booked through them…,1,"August 8, 2026",6a77e28f9bc35d734b66f3e1,Julia Maa,Negative,183,-1,never horrible customer service still waiting hoping get money back highly hopeful holiday work still things booked,17,115
Booking.com,Travel,Never use them- they DO not refund,"We booked a hotel that we found on Trip Advisor, through Booking.com. Trip Advisor indicated the hotel was pet friendly. When we showed up at the Holiday Inn and Suites in Meriden we were told it was NOT pet friendly. Booking.com refuses to refund us as they blame Trip Advisor. Trip Advisor blames The Holiday Inn and Suites for not monitoring the Trip Advisor site. Booking.com is who we paid so they should be reimbursing us. We were a family of four left to find alternate accommodation in the middle of the night. Very disappointed. Will never use Booking.com again.",1,"July 27, 2026",6a77c368f01d424c8802261f,Ali,Negative,571,-1,booked hotel found trip advisor booking com trip advisor indicated hotel pet friendly showed holiday inn suites meriden told not pet friendly booking com refuses refund us blame trip advisor trip advisor blames holiday inn suites not monitoring trip advisor site booking com paid reimbursing us family four left find alternate accommodation middle night disappointed never use booking com,59,388
Booking.com,Travel,Booking.com allowed a completely fake listing onto its site and it has cost me dearly.,"Do not trust this platform with your family holidays or your personal data. I booked an apartment in Paris (Le Grand Paris Apartments, Reservation 6142145566) for a family holiday. Shortly after, the scammers contacted me directly inside Booking.com’s own platform messaging system and via official-looking emails demanding payment and identity verification. Because the request came through Booking.com’s trusted channels, I uploaded a scan of my driver's license. The scammers then immediately sent demands for external payments via third-party links. When I investigated further, past guest reviews exposed the horrific truth: previous guests turned up to find they had no booking, and reviews showed a horse-drawn ive in waggon in an empty field instead of a luxury Paris apartment, leaving families stranded.

Booking.com openly allowed a completely fraudulent vendor onto their platform and enabled them to use internal messaging tools to trap customers.
Because of Booking.com’s utter failure to secure their platform our family holiday is in ruins, and we are left stranded with no accommodation in Paris.

Scammers now possess my full name, home address, date of birth, email address, age and a scan of my driver's license.

I had to pay £30 for CIFAS Protective Registration to prevent fraudulent bank accounts from being opened in my name, over £20 for a replacement driver's license, and cancel my credit card.

Hours of Administrative Stress and I have had to spend hours filing criminal police reports with Action Fraud and setting up fraud monitoring. When I confronted customer support about this nightmare, the agent offered zero accountability, gave copy-paste advice on running antivirus scans, and abruptly ended the chat while I was still speaking.

Booking.com allowed criminals to exploit their internal system, handed over my personal data to fraudsters, destroyed our family holiday, and dumped 100% of the cost and stress onto me. Use this site at your own extreme risk.

Hours after I made a complaint and was told they were investigating the listing, I went on to Booking.com becasue I was curious.
Le Grand Paris Apartments, with its fake photos and fake reviews, is back online and fully capable of taking bookings. After everything I went through, I find that unbelievable and unacceptable.",1,"August 8, 2026",6a77ba4c76ecffc41226b4fd,Quick,Negative,2321,-1,not trust platform family holidays personal data booked apartment paris le grand paris apartments reservation 6142145566 family holiday shortly scammers contacted directly inside booking com platform messaging system via official looking emails demanding payment identity verification request came booking com trusted channels uploaded scan driver's license scammers immediately sent demands external payments via third party links investigated past guest reviews exposed horrific truth previous guests turned find no booking reviews showed horse drawn ive waggon empty field instead luxury paris apartment leaving families stranded booking com openly allowed completely fraudulent vendor onto platform enabled use internal messaging tools trap customers booking com utter failure secure platform family holiday ruins left stranded no accommodation paris scammers possess full name home address date birth email address age scan driver's license pay 30 cifas protective registration prevent fraudulent bank accounts opened name 20 replacement driver's license cancel credit card hours administrative stress spend hours filing criminal police reports action fraud setting fraud monitoring confronted customer support nightmare agent offered zero accountability gave copy paste advice running antivirus scans abruptly ended chat still speaking booking com allowed criminals exploit internal system handed personal data fraudsters destroyed family holiday dumped 100 cost stress onto use site extreme risk hours made complaint told investigating listing went booking com becasue curious le grand paris apartments fake photos fake reviews back online fully capable taking bookings everything went find unbelievable unacceptable,233,1723
Booking.com,Travel,We had 2 horrible experiences with…,"We had 2 horrible experiences with booking.com.

We booked a place in Italy, that didn't appear to exist. Called, emailed, couldn't get a hold of anybody. Then had to fight booking.com and the credit card company to get a refund.

Then we booked a stay in Marathon, FL called Rainbow Bend. They had somebody in our room that we booked that didn't know their reservation that they thought they extended with booking.com wasn't legit. Huge mess. We had to book another stay somewhere else, and we're currently fighting with booking.com for a refund again.

I will never use them again or recommend them to anybody, and I will be reporting them to the appropriate government agencies.",1,"August 8, 2026",6a77ba2c53ffb96d7ae92307,Jeremiah Riel,Negative,681,-1,2 horrible experiences booking com booked place italy didn't appear exist called emailed couldn't get hold anybody fight booking com credit card company get refund booked stay marathon fl called rainbow bend somebody room booked didn't know reservation thought extended booking com wasn't legit huge mess book another stay somewhere else currently fighting booking com refund never use recommend anybody reporting appropriate government agencies,64,445
Booking.com,Travel,Never booking with booking.com,"I made a reservation for a hotel with booking.com. They provided all the details to my email (the payment, confirmation number, pin, date of stay, ect.) Everything seemed settled and organized. Enough for me to feel safe that everything is set. However. When I tried to check in, the hotel couldn't find my reservation. I showed them the confirmation number, but they said they can't find anything under my name or confirmation number. They instructed I call booking.com since I booked the reservation through a third party app.
Trying to get ahold of a person is insanely difficult. It's all pretty much AI bots helping you all the time. I had to call twice because the first time I was on hold, they just hung up out of no where. When I finally got ahold of an actual agent (which took close to an hour of being on hold), they told me they can't do anything besides give me a full refund, which was going to take 7-12 business days. I wasn't given an option to book a different room, or even different hotel. I had to buy another room if I wanted to stay. I didn't have the funds to book a different room. I had to cancel my weekend plans.
Never have I had a horrible experience booking a hotel. Never have I had a horrible customer service experience in general. I was not left happy. The fact that they told me that the only thing I can do is buy another room because of their incompetence. I would not recommend this app to even my worst enemy. The amount of stress I had to go through trying to find an agent to help me out, and having to delay plans because of this unfortunate experience. This place should not even deserve a star. Please stay away from this company.",1,"August 8, 2026",6a77b9119b9fad660318c7fe,Stephanie Leon,Negative,1675,-1,made reservation hotel booking com provided details email payment confirmation number pin date stay ect everything seemed settled organized enough feel safe everything set however tried check hotel couldn't find reservation showed confirmation number said can't find anything name confirmation number instructed call booking com since booked reservation third party app trying get ahold person insanely difficult pretty much ai bots helping time call twice first time hold hung no finally got ahold actual agent took close hour hold told can't anything besides give full refund going take 7 12 business days wasn't given option book different room even different hotel buy another room wanted stay didn't funds book different room cancel weekend plans never horrible experience booking hotel never horrible customer service experience general not left happy fact told thing buy another room incompetence would not recommend app even worst enemy amount stress go trying find agent help delay plans unfortunate experience place not even deserve star please stay away company,162,1072
Booking.com,Travel,Hidden unreasonable cancellation…,"Hidden unreasonable cancellation policy, difficult refund policy (still begging for a refund)and non-existant customer service",1,"June 29, 2026",6a77b87333a0e8f5747bf19b,Lisa,Negative,126,-1,hidden unreasonable cancellation policy difficult refund policy still begging refund non existant customer service,14,114
Booking.com,Travel,"Fake listings, avoid using it","Avoid booking apartments as there are so many fake listings and the scammers will send a link to make the payment to confirm the booking which is scam. Booking-com doesn’t perform verifications for the apartments and the support team needs customer’s support to identify such type of fake listings. They simply say sorry and leave the conversation, and by that time your other hotels price will shoot up and booking-com just ignores all that stuff . So avoid using it",1,"August 8, 2026",6a77b6d4ae3cc5881aa980a5,Adharsh Belagapu,Negative,467,-1,avoid booking apartments many fake listings scammers send link make payment confirm booking scam booking com perform verifications apartments support team needs customer support identify type fake listings simply say sorry leave conversation time hotels price shoot booking com ignores stuff avoid using,43,303
Booking.com,Travel,Refunded me the difference of a replacement booking as they said they would,"I just wanted to leave a review since I appreciated that Booking followed through on refunding the difference in price of a more expensive replacement stay after the original location cancelled on me. It did take me a few tries via email and had to send in documents multiple times, but finally today spoke to someone and she helped get it straightened out. So I have a good impression that I will be ""taken care of"" if something goes wrong and plan to continue to primarily use the site for my travel accommodations.

It seems a lot of businesses these days are dropping the quality of their service, so it's good to see that some still have integrity. Also, I will say that I was not impressed with Agoda support when I ran into an issue on their platform.",4,"August 6, 2026",6a77b6b30f73cad2478eccfc,Anon,Positive,758,1,wanted leave review since appreciated booking followed refunding difference price expensive replacement stay original location cancelled take tries via email send documents multiple times finally today spoke someone helped get straightened good impression taken care something goes wrong plan continue primarily use site travel accommodations seems lot businesses days dropping quality service good see still integrity also say not impressed agoda support ran issue platform,65,474
Booking.com,Travel,Avoid at all costs!!!!,"Booked a few properties through booking.com for an upcoming Europe trip. First issue was they were hacked, and we got a message with all the details of one of our accomodations, including my wifes name, and asking for a credit card to confirm the reservation. Luckily our bank spotted the scam and blocked our card. We reported it to booking.com with no response. Second, we booked an apartment for a week in London months ago with a ""confirmed"" reservation, and just got an email to say the booking is cancelled. So now we have to find an alternative at short notice when all the best places are already gone. No apology from Booking.com and no explanation!",1,"August 9, 2026",6a77b61788898e7e34624397,Trusted Reviewer,Negative,658,-1,booked properties booking com upcoming europe trip first issue hacked got message details one accomodations including wifes name asking credit card confirm reservation luckily bank spotted scam blocked card reported booking com no response second booked apartment week london months ago confirmed reservation got email say booking cancelled find alternative short notice best places already gone no apology booking com no explanation,62,433
Booking.com,Travel,Shockingly poor,"I tried to stay at a property in Alfriston, Sussex. It was booked for three nights but I was forced to leave within half an hour as the property was uninhabitable. After trying for hours to get through to Booking's customer service, they offered no useful advice. We chased up via several emails, during which we were of course told that they were on the case. Nothing has happened apart from a risible £13.00 refund (not yet sent). On the basis of this experience, I find Bookings to be an irresponsible and dishonest company with an incredibly poor Customer Service. In future I will not use Booking .com again. Zero stars.",1,"July 17, 2026",6a779d3967d66e64f09fa8a5,Inspector Gadget,Negative,625,-1,tried stay property alfriston sussex booked three nights forced leave within half hour property uninhabitable trying hours get booking's customer service offered no useful advice chased via several emails course told case nothing happened apart risible 13 00 refund not yet sent basis experience find bookings irresponsible dishonest company incredibly poor customer service future not use booking com zero stars,60,412
Booking.com,Travel,Booking.com isn't trust worthy,"Zero customer service,
They claim price match guarantee, while they can't even commit with their own website listed rates,
I wouldn't trust Booking.com again",1,"August 9, 2026",6a7792d19ad2484b1a085834,Agadiro,Negative,157,-1,zero customer service claim price match guarantee can't even commit website listed rates wouldn't trust booking com,17,115
Booking.com,Travel,I tried to get my vacation home listed…,"I tried to get my vacation home listed on Booking.com without sucecss because I was asked for a bank account number with 5 or 7 digits. Mine has 9. I tried and tried to get hold of some sort of customer service help, but I only got mindless AI robots who spewed silly unrelated responses. Seems like there really is nobody home. I have yet to get any sort of personalized response. It's one thing to be concerned that the robots are taking over. It's another thing to leave before it has happened. Perhaps that is idea? Set up a fully automated cash machine.",1,"July 21, 2026",6a7792cb5f27bc3e2960116e,Timothy,Negative,558,-1,tried get vacation home listed booking com without sucecss asked bank account number 5 7 digits mine 9 tried tried get hold sort customer service help got mindless ai robots spewed silly unrelated responses seems like really nobody home yet get sort personalized response one thing concerned robots taking another thing leave happened perhaps idea set fully automated cash machine,60,380
Booking.com,Travel,This company LIES,"This company LIES.
I booked what they said was a sea view. The minute I paid for it, they changed it to partial view and won’t give me my money back and it was a lot.",1,"August 8, 2026",6a778fd2da2866a6869cd6c3,Lulu,Negative,166,-1,company lies booked said sea view minute paid changed partial view give money back lot,15,86
Booking.com,Travel,I have been waiting since the 23rd of…,"I have been waiting since the 23rd of July for a refund & i been told multiple times that it has been processed & now it’s august 8th way past 10 days n im yet to receive the refund. The person on the phone is now saying 7-12 days. That is unacceptable
Horrible customer service . Takes so long to get a refund even when hotel confirms they approved it.
Worst website ever",1,"August 8, 2026",6a77870c74ebac122c06c20b,Marcel Estevez,Negative,372,-1,waiting since 23rd july refund told multiple times processed august 8th way past 10 days n im yet receive refund person phone saying 7 12 days unacceptable horrible customer service takes long get refund even hotel confirms approved worst website ever,41,251
Booking.com,Travel,"Disgraceful breach of contract. Left stranded, support hung up on me","Absolute nightmare experience with Booking.com. We booked a 6-person Sea View apartment three weeks ago for a holiday. The host cancelled last-minute due to overbooking. Under the UK Consumer Rights Act 2015, Booking.com is required to provide a par-to-par relocation. Instead, their support team tried to force us into a severe downgrade—splitting our group and giving 4 of us a City View room.

Because this is peak season, market rates have skyrocketed. The only true equivalent sea-view alternative left is £2,252—a £1,667 cash difference from our original £585 booking. When I refused their inferior city-view downgrade and demanded they honor their relocation policy, the customer service agent completely hung up the phone on me.

This is a clear breach of consumer protection regulations and an appalling way to treat a customer facing a travel emergency. I am proceeding to book the replacement accommodation independently to mitigate my damages. I will be recovering the full £1,667 consequential loss via a statutory Section 75 claim through my UK credit card provider and filing a formal complaint with the Competition and Markets Authority (CMA) and MCOL.

Booking Reference:6500399835",1,"August 8, 2026",6a778362164d720456d4ac9c,Andre Daniel Chee Ferreira,Negative,1198,-1,absolute nightmare experience booking com booked 6 person sea view apartment three weeks ago holiday host cancelled last minute due overbooking uk consumer rights act 2015 booking com required provide par par relocation instead support team tried force us severe downgrade splitting group giving 4 us city view room peak season market rates skyrocketed true equivalent sea view alternative left 2 252 1 667 cash difference original 585 booking refused inferior city view downgrade demanded honor relocation policy customer service agent completely hung phone clear breach consumer protection regulations appalling way treat customer facing travel emergency proceeding book replacement accommodation independently mitigate damages recovering full 1 667 consequential loss via statutory section 75 claim uk credit card provider filing formal complaint competition markets authority cma mcol booking reference 6500399835,129,917
Booking.com,Travel,WARNING,WARNING! Wish I could have given this company ZERO stars! They cheat people big time! We booked two nights at a hotel in New Jersey and they charged three times the amount that Expedia was charging for the SAME hotel! They are cheating people by constantly inflating the prices! Book directly through a hotel and DO NOT use Booking.com!,1,"August 8, 2026",6a7779e36b8ca00829367e30,Tina Crowder Bean,Negative,336,-1,warning wish could given company zero stars cheat people big time booked two nights hotel new jersey charged three times amount expedia charging hotel cheating people constantly inflating prices book directly hotel not use booking com,36,234
Booking.com,Travel,Beware. Booking.con makes all bookings non refundable,"I booked a hotel by the airport using booking.con 2 weeks before my trip. 24 hours later, I tried to cancel my hotel but booking.con told me that my booking was non refundable. I didn't check any box or even remember seeing an option to make it non refundable. I had to cancel my hotel anyway which cost my me $168 for absolutely nothing. Never again will I use booking.con. I will use Expedia from now on. I would give them 0 stars but trust pilot won't let me do that",1,"August 6, 2026",6a777911142517fc549d6359,Robert Braun,Negative,469,-1,booked hotel airport using booking con 2 weeks trip 24 hours later tried cancel hotel booking con told booking non refundable didn't check box even remember seeing option make non refundable cancel hotel anyway cost 168 absolutely nothing never use booking con use expedia would give 0 stars trust pilot won't let,52,313
Booking.com,Travel,"Promised a refund, now being offered Travel Credit","Extremely disappointing experience with Booking.com.

We booked an apartment in Nice but were informed there was a leak and were offered an alternative apartment further away from the city centre. We said we wanted to keep that option open while seeing whether something closer was available. Instead, our booking was cancelled, leaving us without accommodation and having to spend a considerable amount of time contacting Booking.com.

When we eventually spoke to a representative, we were told we could choose alternative accommodation and that Booking.com would refund the difference in price.

We selected more expensive accommodation in the centre and then received written confirmation from Booking.com stating:

“We will cover up the price difference up to the amount EUR 336.39.”

Based on both the telephone conversation and this written confirmation, we booked the more expensive accommodation, which cost €882.96. We would not have chosen accommodation at this price had we not been assured that Booking.com would cover the difference.

After our stay, Booking.com asked us to provide an invoice in order to process the reimbursement. Their subsequent email repeatedly referred to this as a refund, including:

“To proceed with your refund request…”

“We’ll be happy to move forward with your refund.”

And most clearly:

“Once we receive this, we will promptly process the refund for you.”

Despite all of this, we are now being told that the price difference will NOT be refunded and can only be provided as Booking.com Travel Credit towards a future booking.

What makes this even more frustrating is that Booking.com clearly knows the distinction between a refund and Travel Credit. In the original email, they separately stated that if we incurred “additional charges at the new place”, they could “look into adding Travel Credits to your Wallet.”

Travel Credits were therefore specifically mentioned in relation to additional charges, but NOT when Booking.com told us they would “cover” the price difference. We were also verbally told it would be a refund and subsequently received an email referring to the payment as a “refund” multiple times.

Had we been told from the outset that we would have to pay the additional cost ourselves and receive credit towards a future Booking.com reservation instead, we would NEVER have chosen the more expensive accommodation.

Customer service throughout this process has also been incredibly frustrating. Telephone waiting times are very long, getting through to someone who can actually help is extremely difficult, and we have even had calls cut off after waiting, forcing us to start the process again.

We aren't asking for anything extra. We simply want Booking.com to honour what we were repeatedly told, both verbally and in writing, and reimburse the agreed price difference, up to the €336.39 maximum confirmed in their email.

Travel Credit requiring us to book with Booking.com again is not the same as the refund we were repeatedly told we would receive.

I will happily update this review if Booking.com honours the reimbursement we were promised and resolves the matter.",1,"July 27, 2026",6a77647732d71747b8c5ca4d,Leila Lindsay,Negative,3144,-1,extremely disappointing experience booking com booked apartment nice informed leak offered alternative apartment away city centre said wanted keep option open seeing whether something closer available instead booking cancelled leaving us without accommodation spend considerable amount time contacting booking com eventually spoke representative told could choose alternative accommodation booking com would refund difference price selected expensive accommodation centre received written confirmation booking com stating cover price difference amount eur 336 39 based telephone conversation written confirmation booked expensive accommodation cost 882 96 would not chosen accommodation price not assured booking com would cover difference stay booking com asked us provide invoice order process reimbursement subsequent email repeatedly referred refund including proceed refund request happy move forward refund clearly receive promptly process refund despite told price difference not refunded provided booking com travel credit towards future booking makes even frustrating booking com clearly knows distinction refund travel credit original email separately stated incurred additional charges new place could look adding travel credits wallet travel credits therefore specifically mentioned relation additional charges not booking com told us would cover price difference also verbally told would refund subsequently received email referring payment refund multiple times told outset would pay additional cost receive credit towards future booking com reservation instead would never chosen expensive accommodation customer service throughout process also incredibly frustrating telephone waiting times long getting someone actually help extremely difficult even calls cut waiting forcing us start process aren't asking anything extra simply want booking com honour repeatedly told verbally writing reimburse agreed price difference 336 39 maximum confirmed email travel credit requiring us book booking com not refund repeatedly told would receive happily update review booking com honours reimbursement promised resolves matter,281,2133
Booking.com,Travel,Don’t trust Booking.com,"Booking.com are advertising the rental property my daughter and family rent and live in. It used to be an Air b n b but is no longer. But Booking.com keep taking bookings and the money from unsuspecting people who are left with no money and no accommodation. The managing company, We Love Property are still on the listing but declare they are no longer in business.",1,"August 8, 2026",6a775051a6e453ddf4c1ec3b,Josie Byrne,Negative,366,-1,booking com advertising rental property daughter family rent live used air b n b no longer booking com keep taking bookings money unsuspecting people left no money no accommodation managing company love property still listing declare no longer business,39,252
Booking.com,Travel,Very bad experience overall,"Very bad experience overall. I hosted a property on booking.com and this website overall is so bad. You can't see guest profile/rating at all to ensure guest is safe to host or not; neither you get the chance to approve guests as it's automatically approved by booking.com which means almost anyone[even a criminal or an over drunk] can book and walk in your property. Host has no option to review a guest even if the guest is a criminal/over drunk and damages your property. The only option is to complaint and basically you are not hearing back anything from Booking.com.
The website is also too difficult to use. The process of contacting them is really complex, making changes to the property is also the same thing. I would prefer Airbnb any day over booking.com for hosting the property for a safe and smooth process.",1,"August 8, 2026",6a774df0547c302df053a765,Md Nazrul Islam,Negative,823,-1,bad experience overall hosted property booking com website overall bad can't see guest profile rating ensure guest safe host not neither get chance approve guests automatically approved booking com means almost anyone even criminal drunk book walk property host no option review guest even guest criminal drunk damages property option complaint basically not hearing back anything booking com website also difficult use process contacting really complex making changes property also thing would prefer airbnb day booking com hosting property safe smooth process,82,561
Booking.com,Travel,"Dear All,","Dear All,
I would like to formally raise a serious concern regarding the repeated email verification requirement in the NAS app in the UAE.
The application is requesting email verification every few minutes, which is highly inconvenient and is causing unnecessary delays in completing and updating information. The frequency of verification is even more excessive than what is normally experienced with mobile banking applications.
I have also raised this concern through a Google review; however, unfortunately, I have not received any meaningful response or seen any clear indication that someone is taking responsibility for addressing the issue.
This level of inconvenience is not acceptable for a service that users are expected to rely on. I strongly request that the concerned team take ownership of this matter, investigate the root cause, and provide a proper resolution at the earliest.
I would appreciate a clear response regarding the action being taken to resolve this issue.
Best regards,",1,"August 8, 2026",6a774b3b38376171ba51b153,jibon dewan,Negative,1002,-1,dear would like formally raise serious concern regarding repeated email verification requirement nas app uae application requesting email verification every minutes highly inconvenient causing unnecessary delays completing updating information frequency verification even excessive normally experienced mobile banking applications also raised concern google review however unfortunately not received meaningful response seen clear indication someone taking responsibility addressing issue level inconvenience not acceptable service users expected rely strongly request concerned team take ownership matter investigate root cause provide proper resolution earliest would appreciate clear response regarding action taken resolve issue best regards,90,745
Booking.com,Travel,Non-existent and atrocious after booking customer service,"Easy booking experience however non-existent and atrocious after booking customer service. I would strongly advise against using this platform as you will not receive any support or recompense should anything go wrong. Contradictory advice, very slow to respond (if at all), multiple emails, responding from different people every time. So disappointed.",1,"May 1, 2026",6a774888c0a2b3cc98c893ad,MrW,Negative,353,-1,easy booking experience however non existent atrocious booking customer service would strongly advise using platform not receive support recompense anything go wrong contradictory advice slow respond multiple emails responding different people every time disappointed,34,267
Booking.com,Travel,Booking.com bordering on illegal.,"Booking.com is clearly fraudulent.

I booked a hotel room for one night and very shortly after I realised I had entered the wrong date by 24hrs and put a submission in for a change of date. This submission goes directly to the Hotel.

In the morning I had a message from Booking.com to say the Hotel had confirmed that no rooms were available for the previous night. Even though I’d checked before submitting the request and there were 5 same room vacancies.

So I called the Hotel who told me there was evidence of a change of date submission. Before they had had a chance to accept this change Booking.com had intervened and rejected it. The hotel said there was nothing more I could do.

So in short Booking.com rejected my request on the Hotels behalf even though they have a free date change policy (within 24hrs of booking) and there were plenty of rooms available and would have accepted my request.

Booking.coms Customer support is non-existent and their app just keeps referring me back to the hotel, who in turn refer me back to Booking.com

Booking.com are clearly acting fraudulently and retaining my money and going against the Hotels own policy by intervening the system quickly to reject my request. It’s insane.

That’s called FRAUD! I want my money back.",1,"August 8, 2026",6a7743a44f2382fccb7029a5,Consumer,Negative,1272,-1,booking com clearly fraudulent booked hotel room one night shortly realised entered wrong date 24hrs put submission change date submission goes directly hotel morning message booking com say hotel confirmed no rooms available previous night even though checked submitting request 5 room vacancies called hotel told evidence change date submission chance accept change booking com intervened rejected hotel said nothing could short booking com rejected request hotels behalf even though free date change policy within 24hrs booking plenty rooms available would accepted request booking coms customer support non existent app keeps referring back hotel turn refer back booking com booking com clearly acting fraudulently retaining money going hotels policy intervening system quickly reject request insane called fraud want money back,120,832
Booking.com,Travel,Use trivago,"We use booking.com a lot home & abroad .
I am writing this review after trying to speak to a manager & also emailing the ceo . Given over a week and they still haven't bothered to contact me. Again proving that their customer base is not important. Well booking.com you do have a few rivals who will be getting our business in future .

So we booked a pub stay in a small market town . Drove 3 hrs expecting to have a lovely relaxing weekend. When we arrived the pub had a sign saying closed under new ownership . We tried to contact the pub but the phone just kept ringing . We then called booking.com took awhile to get past AI ( in the street with bags around us ) eventually spoke to a young man what a joke ( extremely poor if any training given ) he said all he could do was apologise ( a good trainer will tell anyone that's a big no no it's not all you can do ) he said he couldn't contact the pub but they were open & still taking bookings ( passing the book ) then the new landlady came out explained that she had been onto booking.com for 2hrs saying they weren't open & only just moved from Scotland that morning . She had asked them to contact the many people that were booked in .

The young man kept putting us on hold for long periods of time . He said there was no manager in the building ( anyone running a cc will also
Know this is utter rubbish) he couldn't give us a managers name . In the end he promised to get one to call us back . Well this never happened. He made out he was doing us a favour by cancelling the booking and refunding us . He couldn't make another booking but we could ourselves if we wanted to.

The customer service and policy's are shocking .

We either slept in the street - returned home or tried to find somewhere else with no further help from them .

We had gone for a purpose to this market town and nearly everything was booked up as it's only small . One hotel at over £400 a night was free 🤣.

We called a BnB ( never our first choice to stay in one ) she luckily had just had a cancellation more than the pub we had originally booked . We were grateful that this lovely lady accommodated us in her lovely home .

I will never trust booking.com again . Yes mistakes errors things like this happen . It was extremely stressful & my husband's ill . But the cc agent wasn't given any support by his manager . No real empathy to our situation.

Staff should be able to make things right when mistakes are made they should be able to log on book the customer a new place to stay and stand any price difference. Shame on the managers working there that day & clearly have ceo s who don't care either.

Anyone who has got an upcoming booking I suggest you call the place before leaving home . If this had been vulnerable person on their own it could have a bad outcome . We won't use them again & they haven't apologised or refunded the price difference either as promised . Disappointed & disgraceful service",1,"July 30, 2026",6a77425a05ca3eeaa6e292ad,Dave Pell,Negative,2955,-1,use booking com lot home abroad writing review trying speak manager also emailing ceo given week still bothered contact proving customer base not important well booking com rivals getting business future booked pub stay small market town drove 3 hrs expecting lovely relaxing weekend arrived pub sign saying closed new ownership tried contact pub phone kept ringing called booking com took awhile get past ai street bags around us eventually spoke young man joke extremely poor training given said could apologise good trainer tell anyone that's big no no not said couldn't contact pub open still taking bookings passing book new landlady came explained onto booking com 2hrs saying weren't open moved scotland morning asked contact many people booked young man kept putting us hold long periods time said no manager building anyone running cc also know utter rubbish couldn't give us managers name end promised get one call us back well never happened made us favour cancelling booking refunding us couldn't make another booking could wanted customer service policy's shocking either slept street returned home tried find somewhere else no help gone purpose market town nearly everything booked small one hotel 400 night free called bnb never first choice stay one luckily cancellation pub originally booked grateful lovely lady accommodated us lovely home never trust booking com yes mistakes errors things like happen extremely stressful husband's ill cc agent wasn't given support manager no real empathy situation staff able make things right mistakes made able log book customer new place stay stand price difference shame managers working day clearly ceo don't care either anyone got upcoming booking suggest call place leaving home vulnerable person could bad outcome won't use apologised refunded price difference either promised disappointed disgraceful service,289,1871
Booking.com,Travel,Listing property issues & support problems,"I own a couple of Villas that I am attempting to list on booking.com (via their partner site). (1) I go through the entire listing process only to find the number of bedrooms is wrong, click edit and once again add the missing bedrooms, get to end and the number of bedrooms has increased; but is still wrong. For a 6 bedroom it took 5 edit cycles to finally get it correct.

(2) today I tried to login to the partner site from my cell phone and out of 7 attempts, only successful on one. Checked the 6 bedroom property to find it is once again wrong. Corrected it. Logged out. Tried to login in again and could not.

Called their support. Told them I was having problems getting logged in. Rep kept asking for the property number, even after I told her I can not get logged in to see the property number.
Mathis experience is really unfortunate because I was excited that I had found a site that supports my pricing strategy (per person, per night).",1,"August 7, 2026",6a773bbcbf1599cc7e03055b,David C,Negative,950,-1,couple villas attempting list booking com via partner site 1 go entire listing process find number bedrooms wrong click edit add missing bedrooms get end number bedrooms increased still wrong 6 bedroom took 5 edit cycles finally get correct 2 today tried login partner site cell phone 7 attempts successful one checked 6 bedroom property find wrong corrected logged tried login could not called support told problems getting logged rep kept asking property number even told not get logged see property number mathis experience really unfortunate excited found site supports pricing strategy per person per night,96,611
Booking.com,Travel,"Locked out, and no support from customer service","While on holiday we were locked out of the house, and despite calling customer services numerous times no one would put us in touch with the owners. Several times customer services just hung up. We had no way of contacting the owners and ended up being outside in a very high temperature with none of our things for over 4 hours. I'm trying to contact customer services again since coming home and I still can't get through. I won't be using this company again",1,"July 14, 2026",6a77399cf74035ee64001194,Emma,Negative,460,-1,holiday locked house despite calling customer services numerous times no one would put us touch owners several times customer services hung no way contacting owners ended outside high temperature none things 4 hours trying contact customer services since coming home still can't get won't using company,46,302
Booking.com,Travel,Shouldn't have to take legal action to get a refund!,"I have been a long time user of Booking.com, however having booked a holiday cottage in Wales to use as a base, we were very badly let down this summer.
The accommodation was absolutely appalling, dangerous and NOT as advertised.
We booked the accommodation as it stated it had a garden, ideal for hosting family outside, as we have done on previous occasions. However the visitors book advised that if you wanted to sit outside, there was a bench available in the woods across the road! The accommodation was absolutely filthy, with cobwebs EVERYWHERE, spiders (both dead and alive) and the musty smell was absolutely overwhelming to the point of being nauseating; probably best not to book if you suffer from any breathing difficulties. Plus we couldn't even freshen up as there was no hot water upstairs, despite the water heating being on.
The two dangerous aspects to the cottage were pointed out to the owners of Bodeinion Cottage (as well as the filth) and neither had been an issue the previous week. That much level of muck and dust do not accumulate over such a short period of time.
Booking.com advised us to liaise with the owners, who advised we needed to lower our expectations, as it was a dog friendly establishment. I booked an old cottage, but I would expect a certain level of hygiene if I'm to cook for my family. The place was soo grubby I couldn't even make the children hot drinks when we got back from a lovely pub tea. We also had to take ourselves off to a cafe for breakfast whilst waiting to get access to alternative clean accommodation.
We asked the owners if they would be happy to pay over £700 for a 4 night stay, their response was that they only charge £100 per night, with the agents taking a huge slice of profit for anything above that rate.
Owners batted our issues to booking.com, who in turn blamed the owners and asked us to get in touch with customer services at Cottages.com.
Photo evidence of the appalling state of the accommodation and the dangers within were all supplied to cottages.com, who have had well over a week to respond to our request for a refund.
To date no response has been forthcoming, therefore we seek redress via small claims court.",1,"July 25, 2026",6a7732ad30b5ff486a893f30,Sheila Webster,Negative,2198,-1,long time user booking com however booked holiday cottage wales use base badly let summer accommodation absolutely appalling dangerous not advertised booked accommodation stated garden ideal hosting family outside done previous occasions however visitors book advised wanted sit outside bench available woods across road accommodation absolutely filthy cobwebs everywhere spiders dead alive musty smell absolutely overwhelming point nauseating probably best not book suffer breathing difficulties plus couldn't even freshen no hot water upstairs despite water heating two dangerous aspects cottage pointed owners bodeinion cottage well filth neither issue previous week much level muck dust not accumulate short period time booking com advised us liaise owners advised needed lower expectations dog friendly establishment booked old cottage would expect certain level hygiene cook family place soo grubby couldn't even make children hot drinks got back lovely pub tea also take cafe breakfast whilst waiting get access alternative clean accommodation asked owners would happy pay 700 4 night stay response charge 100 per night agents taking huge slice profit anything rate owners batted issues booking com turn blamed owners asked us get touch customer services cottages com photo evidence appalling state accommodation dangers within supplied cottages com well week respond request refund date no response forthcoming therefore seek redress via small claims court,210,1464
Booking.com,Travel,This company is literally scamming…,"This company is literally scamming people and no authority is taking note. They offer car rentals, they charge your NeoBank without hesitation, knowing that the car rental company will not accept these types of cards. Don't even try to contact their ""customer service"" because they have the guts to put you on hold, just to come back and make you click on countless of links until you find the small letters... Needless to say none of these found in your reservation, so no refund possible, and in top of that, a reservation for 2 days, they tell you they will charge you for 3 days, technically making you owe them money. Hope there's a group of people willing to press charges against this guy's, I am willing to assist on this quest!",1,"August 8, 2026",6a772e00ce508cb1614fe88f,Jorge Houdart,Negative,736,-1,company literally scamming people no authority taking note offer car rentals charge neobank without hesitation knowing car rental company not accept types cards don't even try contact customer service guts put hold come back make click countless links find small letters needless say none found reservation no refund possible top reservation 2 days tell charge 3 days technically making owe money hope there's group people willing press charges guy's willing assist quest,72,471
Booking.com,Travel,**Extremely frustrating customer…,"**Extremely frustrating customer service experience**

I had a very frustrating experience with Booking.com. I attempted to make a hotel reservation, but the booking was never confirmed even though the payment was successfully processed by my bank. The hotel itself confirmed that they never received the reservation.

I contacted Booking.com multiple times to resolve the issue, but the entire process felt completely automated. I was repeatedly directed from one place to another, asked for information that does not exist because the booking was never confirmed.

There seems to be no straightforward way to speak to someone who can actually investigate a payment issue when a booking fails. Instead, I have been going in circles between automated responses, Booking.com, the hotel, and my bank.

For a payment that has already been successfully processed, I expected much better customer support and a clear resolution. This experience has been extremely inconvenient and stressful, especially since I am simply trying to recover money for a reservation that was never created.

I hope Booking.com improves its customer service system and provides a direct way for customers to resolve failed bookings and payment issues with an actual support representative.",1,"August 5, 2026",6a77278c79afe66733268524,Sawani Rodrigo,Negative,1263,-1,extremely frustrating customer service experience frustrating experience booking com attempted make hotel reservation booking never confirmed even though payment successfully processed bank hotel confirmed never received reservation contacted booking com multiple times resolve issue entire process felt completely automated repeatedly directed one place another asked information not exist booking never confirmed seems no straightforward way speak someone actually investigate payment issue booking fails instead going circles automated responses booking com hotel bank payment already successfully processed expected much better customer support clear resolution experience extremely inconvenient stressful especially since simply trying recover money reservation never created hope booking com improves customer service system provides direct way customers resolve failed bookings payment issues actual support representative,115,929
Booking.com,Travel,"Extremely disappointing experience1 STAR — BOOKING.COM LEFT ME £5,000+ OUT OF POCKET AFTER GUEST DAMAGE with…","Extremely disappointing experience with Booking.com and their handling of serious property damage.

I had guests stay at my property, Monkleigh House, who caused significant damage during their stay, including serious flooding. The total damage was in excess of £5,000.

There were also issues with the number of guests. The guests arrived with more people than were included in the original reservation. Rather than cancelling their booking and ruining their stay, we tried to resolve the situation reasonably and allowed the booking to continue after agreeing that the additional guests would be paid for.

After they checked out, we discovered extensive damage to the property. We provided Booking.com with photographs, evidence and contractor information demonstrating the extent of the damage.

And what did Booking.com do?

They simply sent a payment request to the guest.

The guest said they didn't agree to pay it.

And that was effectively the end of the process.

Despite the damage being supported by evidence and the costs being thousands of pounds, Booking.com offered no meaningful solution and no effective mechanism for recovering the money.

What makes this even more frustrating is that Booking.com controls the booking process and charges commission on every reservation, yet when a guest causes thousands of pounds worth of damage, the responsibility appears to be pushed entirely back onto the property owner.

Their damage deposit system is also completely inadequate. The maximum deposit they allow for the property is nowhere near sufficient to cover serious damage. In my case, the actual loss was over £5,000.

What is the point of having a damage claim process if a guest can simply say ""I don't agree"" and the platform effectively washes its hands of the matter?

As a property owner, I accepted the booking through Booking.com in good faith and relied on their platform to provide a reasonable level of protection when something goes seriously wrong. Instead, I have been left with a substantial financial loss and a damaged property.

This isn't about trying to avoid paying for legitimate damage or making an unreasonable claim. The damage was real, substantial and documented.

The problem is that Booking.com's system appears to be designed to make it easy to book a property, while leaving the property owner carrying the financial risk when a guest causes serious damage.

Very disappointing treatment of property owners.

If you operate a property through Booking.com, I would strongly recommend understanding exactly how little protection you may actually have when a guest causes significant damage.

For me, this experience has seriously damaged my confidence in Booking.com as a platform for property owners.",1,"August 8, 2026",6a7724088b7ba568a3174f98,O G,Negative,2749,-1,extremely disappointing experience booking com handling serious property damage guests stay property monkleigh house caused significant damage stay including serious flooding total damage excess 5 000 also issues number guests guests arrived people included original reservation rather cancelling booking ruining stay tried resolve situation reasonably allowed booking continue agreeing additional guests would paid checked discovered extensive damage property provided booking com photographs evidence contractor information demonstrating extent damage booking com simply sent payment request guest guest said didn't agree pay effectively end process despite damage supported evidence costs thousands pounds booking com offered no meaningful solution no effective mechanism recovering money makes even frustrating booking com controls booking process charges commission every reservation yet guest causes thousands pounds worth damage responsibility appears pushed entirely back onto property owner damage deposit system also completely inadequate maximum deposit allow property nowhere near sufficient cover serious damage case actual loss 5 000 point damage claim process guest simply say don't agree platform effectively washes hands matter property owner accepted booking booking com good faith relied platform provide reasonable level protection something goes seriously wrong instead left substantial financial loss damaged property isn't trying avoid paying legitimate damage making unreasonable claim damage real substantial documented problem booking com's system appears designed make easy book property leaving property owner carrying financial risk guest causes serious damage disappointing treatment property owners operate property booking com would strongly recommend understanding exactly little protection may actually guest causes significant damage experience seriously damaged confidence booking com platform property owners,251,1945
Booking.com,Travel,Failure of consumer protection and lack of accountability,"I am writing this to highlight a significant failure in Booking.com's role as a service provider. We recently stayed at an apartment where the physical reality bore almost no resemblance to the digital listing—specifically regarding furniture quality, advertised amenities (outdoor furniture/exercise bike), and even the promised view. This was not merely a minor discrepancy; it was a fundamental difference in the standard of accommodation we paid for.

Despite providing Booking.com with a detailed report containing extensive photographic evidence comparing the listing to the actual property, we have received no meaningful response. There has been no attempt to address our complaint, nor any offer of compensation for the significant loss in value and the distress caused by these discrepancies.

Furthermore, Booking.com has failed to take any steps to ensure the host updates their misleading information, leaving future travelers vulnerable to the same false advertising. We spent a significant portion of our holiday managing maintenance issues—including a non-functional heating system—instead of enjoying our stay.

When a platform like Booking.com ignores documented evidence and leaves customers to bear the full financial and emotional cost of misleading advertisements, they lose all credibility.",1,"July 17, 2026",6a771de32bbc99830b6ee540,Simon Johansen,Negative,1313,-1,writing highlight significant failure booking com's role service provider recently stayed apartment physical reality bore almost no resemblance digital listing specifically regarding furniture quality advertised amenities outdoor furniture exercise bike even promised view not merely minor discrepancy fundamental difference standard accommodation paid despite providing booking com detailed report containing extensive photographic evidence comparing listing actual property received no meaningful response no attempt address complaint nor offer compensation significant loss value distress caused discrepancies furthermore booking com failed take steps ensure host updates misleading information leaving future travelers vulnerable false advertising spent significant portion holiday managing maintenance issues including non functional heating system instead enjoying stay platform like booking com ignores documented evidence leaves customers bear full financial emotional cost misleading advertisements lose credibility,123,1024
Booking.com,Travel,Terrible customer support,"Terrible customer support. Platform is good, until it’s terrible.

Have used the service multiple times but had an issue with a booking (host didn’t reply for over a month!) - booking.com said they can do nothing, then cut off the conversation. Next agent did nothing, got a refund through my credit card.
Only book if the booking is 100% refundable until the day of the booking and make sure you don’t put a card on account - cash only on arrival. This will save you all the stress.",1,"August 8, 2026",6a771bd2da362da2a14dc69d,Oscar,Negative,483,-1,terrible customer support platform good terrible used service multiple times issue booking host reply month booking com said nothing cut conversation next agent nothing got refund credit card book booking 100 refundable day booking make sure put card account cash arrival save stress,43,283
Booking.com,Travel,Absolutely awful customer service,Absolutely awful customer service. Trying to confirm my flight. They've taken my payment but apparently it takes 2 days for the confirmation email to come through. Once they tell you they just cut the phone. With respect they're foreign nationals so have no customer service tone at all. Act like you should know how their process works. Really poor service. Would sack the lot of them,1,"August 8, 2026",6a7717b85ae263248abe3b2c,Yathurshan Vimalathevan,Negative,385,-1,absolutely awful customer service trying confirm flight taken payment apparently takes 2 days confirmation email come tell cut phone respect foreign nationals no customer service tone act like know process works really poor service would sack lot,37,246
Booking.com,Travel,Rubbish,"I will never book with this site again. My son booked two rooms at a luxury hotel in North Wales for him and his partner and me and my husband. On arrival we discovered we did not have rooms in the hotel but were put in outside accommodation, which was rubbish! Nowhere on this booking did it say we were not in the hotel. Booking.com completely mislead us with this booking. They are a disgrace.",1,"August 2, 2026",6a771787658899b652129aaa,Jan,Negative,396,-1,never book site son booked two rooms luxury hotel north wales partner husband arrival discovered not rooms hotel put outside accommodation rubbish nowhere booking say not hotel booking com completely mislead us booking disgrace,34,227
Booking.com,Travel,I have been using this company for 5…,I have been using this company for 5 years and make quite a few bookings a year. However just lately I haven't received a cashback I was entitled to after 3 months(i have contacted customer services 3 times) and I have just looked at my status I have gone from 4 bookings to reach level 3 to 6 this morning.,2,"August 8, 2026",6a770b003adc4119d309836f,Mrs Baker,Negative,307,-1,using company 5 years make quite bookings year however lately received cashback entitled 3 months contacted customer services 3 times looked status gone 4 bookings reach level 3 6 morning,30,187
Booking.com,Travel,Very bad experience,"Very bad experience. We got bumped our flight, we called them and they will not let us adjust the booking of our car booking. We still want to pick up the car but we just need to push it out one day. More than £200 lost.

Very rigid with their polices! I will not use booking.com again. I warn everyone not to use them especially for booking done 24 hours before.",1,"August 8, 2026",6a77025b1346a6eb895af6a6,Jonette,Negative,363,-1,bad experience got bumped flight called not let us adjust booking car booking still want pick car need push one day 200 lost rigid polices not use booking com warn everyone not use especially booking done 24 hours,38,213
Booking.com,Travel,No swimming pool!,"We paid extra money to stay in a hotel with a rooftop pool in Faro as there arent many hotels with pools in the area. We were informed on arrival that the pool was closed for refurbishment. The only reason we paid over the odds for a 5 night trip was for the pool. The hotel should have been on a discounted rate and we should have been informed at the time of booking that the pool would not be available for use. We would have picked a different hotel to stay in had we known. I feel like our trip has been ruined, we have packed cases based on days at the poolside. We have had to pay extra money for ubers to the beach and a day at the beach club to try and salvage this holiday. I would not be comfortable using booking.com in the future, I'm very disappointed.",1,"August 6, 2026",6a7701352bb21992e9aca34c,Kayleigh,Negative,766,-1,paid extra money stay hotel rooftop pool faro arent many hotels pools area informed arrival pool closed refurbishment reason paid odds 5 night trip pool hotel discounted rate informed time booking pool would not available use would picked different hotel stay known feel like trip ruined packed cases based days poolside pay extra money ubers beach day beach club try salvage holiday would not comfortable using booking com future disappointed,70,443
Booking.com,Travel,I have an issue with an accommodation…,I have an issue with an accommodation from there site. The accommodation told me that they are were wrong but that I couldn’t get the money back. The accommodation wasn’t possible to come there. Booking.com should help me but in 24 hours they told me without any reason that can’t help me. That’s all. So be careful when you book something !! There is no help,1,"August 1, 2026",6a76f582101d2e7871576d58,Sjoerd Treuen,Negative,359,-1,issue accommodation site accommodation told wrong get money back accommodation possible come booking com help 24 hours told without reason help careful book something no help,26,174
Booking.com,Travel,Disgusted by this company,"Disgusted by this company. Worse company ever. We’ve spented thousands of euro with them in the past years until one day my mom booked a hotel and it also appeared in my app / account. No correlation between so no clue how it happened. We have no travel buddies added in neither of our accounts. They had no answer. Same confirmation number and same pin, I cancelled mine being afraid I will be charged as well for the hotel, and it also cancelled her. I was in shock when she mentioned it to me. Now, one week apart for her to go she has no hotel. They said they will contact their security team. I will never book again with them, and I will advise everyone to do the same.",1,"August 7, 2026",6a76f17e99d6ce92741118ce,Lorena Stoica,Negative,675,-1,disgusted company worse company ever spented thousands euro past years one day mom booked hotel also appeared app account no correlation no clue happened no travel buddies added neither accounts no answer confirmation number pin cancelled mine afraid charged well hotel also cancelled shock mentioned one week apart go no hotel said contact security team never book advise everyone,59,381
Booking.com,Travel,Refused to resolve a booking issue with owner who refuses to provide the service,"I booked a property for my mom coming to visit us. The property is located in residential area with 18 towers and about 13000 apartments sharing the same address.

Property owner doesn’t specify the exact address. I have reached out to the owner via booking.com and got no response in 3 days.

When I called the owner, she asked to message in the local messenger. When I messaged them, they said that “there’s a mistake in booking.com” and they don’t lease with such price, asked me to cancel and pay to them directly. I refused because the price they expect is much higher than listed price.
After I refused to do that and said I will keep the reservation and expect them to provide the service, the property owner blocked my phone number.

I have reached out to booking.com support and have never had such an inhumane approach to customer service. Even though I told them the property is located in one of 18 towers and I don’t know which one (because the owner refuses communicating and providing services), they still suggested to keep the reservation and go at the property address on the check in date. Like go where? Stand in the middle of the street? And do what? It’s just a ridiculous advise. They said that this address is real and it does exist. Yes, it does, and there’s 18 blocks here! 18!

When I told them I can not get the details about property location, they suggested me (!!) to reach out the property owner! I told them they have blocked my number, and guess what — they said I should reach out to them via their phone number.

I feel like with customer support of booking.com I’m in a reality of the Idiocracy movie.",1,"August 7, 2026",6a76ed0b02024b4c15159b66,Reasonable Outcome,Negative,1638,-1,booked property mom coming visit us property located residential area 18 towers 13000 apartments sharing address property owner specify exact address reached owner via booking com got no response 3 days called owner asked message local messenger messaged said mistake booking com lease price asked cancel pay directly refused price expect much higher listed price refused said keep reservation expect provide service property owner blocked phone number reached booking com support never inhumane approach customer service even though told property located one 18 towers know one owner refuses communicating providing services still suggested keep reservation go property address check date like go stand middle street ridiculous advise said address real exist yes 18 blocks 18 told not get details property location suggested reach property owner told blocked number guess said reach via phone number feel like customer support booking com reality idiocracy movie,143,963
Booking.com,Travel,Terrible customer service from…,"Terrible customer service from Booking.com in a crisis situation.

We were travelling from the Netherlands to Tignale with three children. On the day of our arrival, there was a serious wildfire in the area and the situation became unsafe enough that we had to change our plans.

Booking.com basically left us to deal with everything ourselves.

I had to find another hotel on my own, arrange everything at the last minute, and worst of all, pay for a second hotel out of my own pocket.

We will only receive the refund for the original reservation after our holiday, which means that because of a situation completely beyond our control, we had to finance two hotels at the same time.

This was not a last-minute change of mind or a matter of personal preference. There was a wildfire, and we were concerned about the safety of our family.

Booking.com seems to work perfectly well when everything goes smoothly. But when you genuinely need support, the stress, the organisation and the financial burden are apparently left entirely to the customer.

A huge disappointment. After this experience, I will seriously think twice before ever using Booking.com",1,"August 8, 2026",6a76eab3d809d7582ab8682f,Bella Baltussen,Negative,1156,-1,terrible customer service booking com crisis situation travelling netherlands tignale three children day arrival serious wildfire area situation became unsafe enough change plans booking com basically left us deal everything find another hotel arrange everything last minute worst pay second hotel pocket receive refund original reservation holiday means situation completely beyond control finance two hotels time not last minute change mind matter personal preference wildfire concerned safety family booking com seems work perfectly well everything goes smoothly genuinely need support stress organisation financial burden apparently left entirely customer huge disappointment experience seriously think twice ever using booking com,98,735
Booking.com,Travel,Very disappointing and misleading…,"Very disappointing and misleading experience with Booking.com. I made a reservation approximately early July 2 weeks before I travel and entered my credit card information believing it was required to hold the booking. Instead, my card was charged immediately. I then received a notice stating that all details of the booking were final and that no changes could be made unless I contacted the hotel immediately.

That is not what I expected when making a reservation so far in advance. The entire process felt deceptive: take the card information to secure the reservation, immediately charge the full amount, and then inform the customer that the booking is essentially locked. Yes, I could have disputed the charge with my credit card company, but why should a customer have to go through that headache immediately after making what they understood to be a reservation? When I emailed them they responded with a lame excuse: ""the system charged your card"".

I have used online booking services expecting transparency about when I will be charged and what cancellation or modification conditions apply. In this case, I felt those terms were not made sufficiently clear before the charge was processed. A reservation platform should make it unmistakable—before the customer enters payment information—whether the card is being used simply to guarantee the reservation or whether an immediate charge will be made.

I will never book with them again.",1,"July 1, 2026",6a76e475c30160fb8b1bdd96,Ben Vandaley,Negative,1449,-1,disappointing misleading experience booking com made reservation approximately early july 2 weeks travel entered credit card information believing required hold booking instead card charged immediately received notice stating details booking final no changes could made unless contacted hotel immediately not expected making reservation far advance entire process felt deceptive take card information secure reservation immediately charge full amount inform customer booking essentially locked yes could disputed charge credit card company customer go headache immediately making understood reservation emailed responded lame excuse system charged card used online booking services expecting transparency charged cancellation modification conditions apply case felt terms not made sufficiently clear charge processed reservation platform make unmistakable customer enters payment information whether card used simply guarantee reservation whether immediate charge made never book,124,979
Booking.com,Travel,As 90% of the reviews for Booking.com…,"As 90% of the reviews for Booking.com customer services are rated one star I will not invest anymore time in providing details of my specific experience as the evidence of how unsatisfactory their CS is has already been very well documented.
So my advice is don’t persue it, your time is more valuable than dealing with a company that simply doesn’t care about there customer’s. Therefore my conclusion to this awful experience is simply to never use Booking.com again and to advise others never to use them.",1,"July 29, 2026",6a76d31c8381bbac27d5bef5,Michael Penfold lOCKSMITH,Negative,508,-1,90 reviews booking com customer services rated one star not invest anymore time providing details specific experience evidence unsatisfactory cs already well documented advice persue time valuable dealing company simply care customer therefore conclusion awful experience simply never use booking com advise others never use,45,324
Booking.com,Travel,"Room had vomit, excrement, mold, foul smells and dirty sheets","I have used this platform.for years, this is the first time iv had issues and have been thouroughly let down. I was given a room covered in vomit, feaces and mold with no towels, toiletries, tv or lamp and dirty sheets. Was told id have to sleep there anyway as the hotel coukdnt move me and booking.com couldnt do anything. I waited till 11am the next day for anyone to even attempt to help me. I had to leave as i needed sleeo and a shower. I have been told no refund will be given and i am getting no help from booking.com despite them selling me this property. What they have put me through is appauling and you cannot expect anyone to sleep in those condtions i couldnt even shower as the bath was full of mold and there were no towels as advertised. Absolutly disgracful customer service from btoh booking.com and the beresford hotek newquay who are managed by stayz.",1,"August 6, 2026",6a76ce95fdd7547d5d9f1114,Jamie Wood,Negative,873,-1,used platform years first time iv issues thouroughly let given room covered vomit feaces mold no towels toiletries tv lamp dirty sheets told id sleep anyway hotel coukdnt move booking com couldnt anything waited till 11am next day anyone even attempt help leave needed sleeo shower told no refund given getting no help booking com despite selling property put appauling cannot expect anyone sleep condtions couldnt even shower bath full mold no towels advertised absolutly disgracful customer service btoh booking com beresford hotek newquay managed stayz,86,555
Booking.com,Travel,I have been trying to contact…,"I have been trying to contact Booking.com about being charged for reservations that did not go through, even though the funds were taken from my account. I have already sent the requested documents, but I still have not received any assistance. I live paycheck to paycheck and cannot afford to have money taken from my account. I am struggling to get anyone to help me with this issue. When you are asking for a refund or to make a complaint, their website is not user friendly.Can someone please help me!",1,"June 13, 2026",6a76a645a7ecc8bac65e5814,Lamont Semien,Negative,505,-1,trying contact booking com charged reservations not go even though funds taken account already sent requested documents still not received assistance live paycheck paycheck cannot afford money taken account struggling get anyone help issue asking refund make complaint website not user friendly someone please help,45,314
Booking.com,Travel,Booking DOES NOT deserve the volume of…,"Booking DOES NOT deserve the volume of business they get just by offering the best price occasionally. And it will catch with them soon or later and all those frustrated customers that were not able to reach booking when they most needed, will witness the fall of this company.
There are plenty of other good companies to take over the business gap left by booking extremely poor customer service.",1,"August 8, 2026",6a769e1b84f9fb44160db8fc,Douglas De Souza,Negative,397,-1,booking not deserve volume business get offering best price occasionally catch soon later frustrated customers not able reach booking needed witness fall company plenty good companies take business gap left booking extremely poor customer service,35,246
Booking.com,Travel,Booking.com and Gotogate don’t give refunds back,If you want to book flights you shouldn’t use booking. Com. Once something goes wrong they Tage you three to Gotogate. And there your endless journey begins. At the end you will spend hours in a waiting room and will never get what you want or you will pay more than booking a new flight. It’s simple: they always refer you back to the airline you booked and they will refer you back….the ping pong game with no end. I gave up after spending several hours online and I never got my money back even though the airline wrote a letter of refund guarantee.,1,"August 8, 2026",6a769df9393c9783e5ae9d5f,Jane Sturmfels,Negative,552,-1,want book flights use booking com something goes wrong tage three gotogate endless journey begins end spend hours waiting room never get want pay booking new flight simple always refer back airline booked refer back ping pong game no end gave spending several hours online never got money back even though airline wrote letter refund guarantee,56,343
Booking.com,Travel,"No real customer service, horrible if you need any changes",Foreign company. No way to call US based agents to change reservation. They force to a chat that takes forever and after a long wait they state you need to wait for another department to review your request. Will never use them again. It's like anything I have ever experienced.,1,"August 7, 2026",6a769c8b8b6b279d37bb4a91,Rolando Ania,Negative,278,-1,foreign company no way call us based agents change reservation force chat takes forever long wait state need wait another department review request never use like anything ever experienced,29,188
Booking.com,Travel,After using booking .com for over 10…,After using booking .com for over 10 years very disappointed with their canceling a flight with in 10 minutes of purchase because of wrong date applied where Thai air Asia offer free cancellation with in 12 to 48 hours of purchase,1,"August 8, 2026",6a767c087b98f6f3b4359699,lincoln peera,Negative,230,-1,using booking com 10 years disappointed canceling flight 10 minutes purchase wrong date applied thai air asia offer free cancellation 12 48 hours purchase,24,154
Booking.com,Travel,"🚨 Fake Reviews, Bait-and-Switch Scam & £300 Extortion (Res: 6884228422) ""Stylish Room in Central Location in Swansea, UK""","🚨 WARNING: Retaliatory £300 Extortion & Bait-and-Switch Scam (Reservation: 6884228422)

I am writing this to warn all travellers and demand immediate action from Booking.com corporate compliance regarding Reservation 6884228422 for the property listed as ""Stylish room in central location in Swansea, UK. This property is operating a fraudulent bait-and-switch operation out of a residential family home, and Booking.com is allowing them to extort customers.

THE PROPERTY SCAMS:

1- BAIT-AND-SWITCH: The room was explicitly advertised and paid for as a private en-suite. The moment payment cleared, the confirmation email stealthily changed it to a shared bathroom. The water pressure was terrible and turned freezing cold whenever a tap was opened elsewhere. When challenged, the female host was aggressively rude, telling me to cancel and leave.

2- PARKING LIES: The listing promised parking. In reality, it is strictly competitive street parking in a very rough, unsafe-feeling neighbourhood. One side of the road is restricted to permit holders, and the free side was so packed there wasn't a single centimetre of space.

3- UNLISTED RULES & CONDITIONS: I was forced to remove my shoes at the door without warning and walk up multiple flights of stairs bare-footed. The hosts cooked highly pungent food with burning spices at 10:00 PM, heavily triggering my asthma and allergies. The bedding and towels smelled disgusting and unwashed.

4- INTOLERABLE NOISE: Stomping and items dropping inside the house lasted until 1:30 AM, while crowds and young children loudly shouted in the street until 2:30 AM. Sleep was physically impossible.

RETALIATORY FINANCIAL EXTORTION: After I left an honest, highly negative review on the platform to warn others, this hostile host fraudulently abused Booking.com's system to send a retaliatory demand for a £300 payment for fake ""policy violations."" This is blatant bullying and financial extortion to scare me into deleting my review.

PLATFORM FAILURE: This property has a highly inflated 8.2 rating from only 20 reviews—these are clearly fake, manipulated reviews that Booking.com fails to filter out. Furthermore, when trying to report this scam, the system traps customers in a useless AI bot loop, making it impossible to reach a human agent.

I demand Booking.com immediately investigate this property for fraud, suspend their listing, and issue a full refund for services completely misrepresented.",1,"August 5, 2026",6a7666e9d94634d5d06a2689,Sam,Negative,2447,-1,warning retaliatory 300 extortion bait switch scam reservation 6884228422 writing warn travellers demand immediate action booking com corporate compliance regarding reservation 6884228422 property listed stylish room central location swansea uk property operating fraudulent bait switch operation residential family home booking com allowing extort customers property scams 1 bait switch room explicitly advertised paid private en suite moment payment cleared confirmation email stealthily changed shared bathroom water pressure terrible turned freezing cold whenever tap opened elsewhere challenged female host aggressively rude telling cancel leave 2 parking lies listing promised parking reality strictly competitive street parking rough unsafe feeling neighbourhood one side road restricted permit holders free side packed wasn't single centimetre space 3 unlisted rules conditions forced remove shoes door without warning walk multiple flights stairs bare footed hosts cooked highly pungent food burning spices 10 00 pm heavily triggering asthma allergies bedding towels smelled disgusting unwashed 4 intolerable noise stomping items dropping inside house lasted 1 30 crowds young children loudly shouted street 2 30 sleep physically impossible retaliatory financial extortion left honest highly negative review platform warn others hostile host fraudulently abused booking com's system send retaliatory demand 300 payment fake policy violations blatant bullying financial extortion scare deleting review platform failure property highly inflated 8 2 rating 20 reviews clearly fake manipulated reviews booking com fails filter furthermore trying report scam system traps customers useless ai bot loop making impossible reach human agent demand booking com immediately investigate property fraud suspend listing issue full refund services completely misrepresented,250,1868
Booking.com,Travel,Booking.com Doesn't Verify Host Terms... Non-Refundable Despite Hidden Requirements,"Booking.com does not verify their hosts' terms and conditions. We paid on Booking.com and then got sent an obligatory ""check in agreement"" from the hotel with CRAZY terms – blanket authorization to charge my card if they see fit, removal of all liability for any issues with the accommodation (including injury or death), among other concerning things.

Spent literally hours emailing and calling customer support trying to cancel. Was forced to pay for a hotel where we never stayed because the reservation was non-refundable, even though these terms and conditions were required by the host and present NOWHERE on the listing. Booking.com processes your payments but accepts no responsibility whatsoever for the accommodation booked and won't refund you when it doesn't correspond to what is advertised.",1,"December 8, 2025",6a7664505b513d4b856621bd,Abigail O,Negative,805,-1,booking com not verify hosts' terms conditions paid booking com got sent obligatory check agreement hotel crazy terms blanket authorization charge card see fit removal liability issues accommodation including injury death among concerning things spent literally hours emailing calling customer support trying cancel forced pay hotel never stayed reservation non refundable even though terms conditions required host present nowhere listing booking com processes payments accepts no responsibility whatsoever accommodation booked won't refund doesn't correspond advertised,75,571
Booking.com,Travel,Reservation 6387445410 Utropolis 2R1B…,"Reservation 6387445410 Utropolis 2R1B on 18.7.26 to 20.7.26. Very bad Booking.Com advertise a property that is not available, cannot be contacted. NO REFUND from Booking.Com. No responsibility by Booking.Com. Excuses from Booking.Com is complaint after booking date. THIS IS A SCAM. Booking.Com is NOT A TRUSTED PLATFORM . Unverified Properties listed. SCAM",1,"July 18, 2026",6a765eed4fed81f2cc691549,Cheated customer,Negative,357,-1,reservation 6387445410 utropolis 2r1b 18 7 26 20 7 26 bad booking com advertise property not available cannot contacted no refund booking com no responsibility booking com excuses booking com complaint booking date scam booking com not trusted platform unverified properties listed scam,43,286
Booking.com,Travel,Poor Customer Service and Unresolved Complaint,"Very disappointed with the customer service. My confirmed booking was cancelled less than 48 hours before check-in due to overbooking, despite being booked and fully paid almost four months in advance. I was also promised by customer service that the parking and pet fees for the replacement accommodation would be reimbursed, but this has still not been honoured. I have contacted customer service repeatedly, but my complaint remains unresolved.",1,"July 4, 2026",6a76557bd411d7b0d930f845,Cherie,Negative,447,-1,disappointed customer service confirmed booking cancelled less 48 hours check due overbooking despite booked fully paid almost four months advance also promised customer service parking pet fees replacement accommodation would reimbursed still not honoured contacted customer service repeatedly complaint remains unresolved,41,323
Booking.com,Travel,Never use this company's services.,"I hade a car booking confirmation is 764051844.
I booked it 13.04.2026. In the confirmation email I had a chicklist and there was nothing about flight tickets as I am a local citizen. When I came today to Airport Enterprise car rental company they refuse me and didn't help because I booked car through booking
I called to booking442039788649. I explained everything above and gyu helped me to book another car for tomorrow but more expensive. He promised me full refund from my first car booking. I agreed to pay more £250 for new booking.
Now he tell me that booking customer service refuse full refund. It is unacceptable. You can check your confirmation email that was nothing about flight tickets!!! They claim that when making the booking, I am also responsible for personally checking the rental company's terms and conditions.
I want full refund for car booking because you confused me with wrong information in the email.
Very disappointed. Another car rental stuff suggested me don't use booking anymore.
I will follow this suggestion.",1,"August 7, 2026",6a7650727f13e2a14b370ff4,Viktor Protsenko,Negative,1045,-1,hade car booking confirmation 764051844 booked 13 04 2026 confirmation email chicklist nothing flight tickets local citizen came today airport enterprise car rental company refuse didn't help booked car booking called booking442039788649 explained everything gyu helped book another car tomorrow expensive promised full refund first car booking agreed pay 250 new booking tell booking customer service refuse full refund unacceptable check confirmation email nothing flight tickets claim making booking also responsible personally checking rental company's terms conditions want full refund car booking confused wrong information email disappointed another car rental stuff suggested don't use booking anymore follow suggestion,98,727
Booking.com,Travel,Hotel Treated Poorly,"I represent a hotel and my experience is that this company and affiliated companies under the Booking.com umbrella continually undercut.

They need to provide accurate rate information that aligns with the rate that we provide.",1,"August 7, 2026",6a764eb164028017e99ed49e,Matthew Lynam,Negative,227,-1,represent hotel experience company affiliated companies booking com umbrella continually undercut need provide accurate rate information aligns rate provide,19,156
PayPal,Financial Services,No longer can you trust PayPal with…,"No longer can you trust PayPal with your purchases as they allow scammers to scam you! sending inferior products and materials to what was advertised and then they allow the scammers to ""negotiate"" an outcome and offer partial refunds etc - the SCAMMERS aim to delay and deflect with time, wearing the customer down at any expense to avoid being accountable and refunding money you paid in good faith, but got a cheap imitation product - PayPal are ok with this and actually legitimize their existence and their dodgy practices and fraudulent habits by working with them and allowing them to have a PayPal account. The minute I proved what was sent is not what was advertised and it's fake marketing designed to scam, PayPal should have removed them, but they remain on there to rip off more unsuspecting customers just like you. Disappointing but fully aware now PayPal offer no buyer protection.",1,"July 12, 2026",6a7bac353ae9b056ca9ec0ea,Shan,Negative,897,-1,no longer trust paypal purchases allow scammers scam sending inferior products materials advertised allow scammers negotiate outcome offer partial refunds etc scammers aim delay deflect time wearing customer expense avoid accountable refunding money paid good faith got cheap imitation product paypal ok actually legitimize existence dodgy practices fraudulent habits working allowing paypal account minute proved sent not advertised fake marketing designed scam paypal removed remain rip unsuspecting customers like disappointing fully aware paypal offer no buyer protection,77,575
PayPal,Financial Services,Stealing money using malicious code,"Just Google for videos about Paypal's ""Honey"" system and how it steals money from content creators by using malicious code in affiliate links. MegLag is a good YouTube channel that exposes these scammy practices and how PayPal tries to hide it. Seriously, how low can you go, PayPal?",1,"August 1, 2026",6a7b884c48fd93e50bb52c0d,Misophoniq,Negative,283,-1,google videos paypal's honey system steals money content creators using malicious code affiliate links meglag good youtube channel exposes scammy practices paypal tries hide seriously low go paypal,28,197
PayPal,Financial Services,PayPal Dispute Resolution is wholly unfit for purpose,"Unfortunately, PayPal is more akin to an online scam these days for too many consumers rather than being a reputable and law biding company which people have the right to expect. Their Buyer Protection Policy and Dispute Resolution Process is simply not fit for purpose and will prove to be a waste of your time. Go straight to your bank and file a Chargeback or Section 75 claim for any defective goods and services and do not let PayPal employee incompetence put you off pursuing your consumer rights!!",1,"August 11, 2026",6a7b8461833dab0fc5aa8f98,Anonymous,Negative,504,-1,unfortunately paypal akin online scam days many consumers rather reputable law biding company people right expect buyer protection policy dispute resolution process simply not fit purpose prove waste time go straight bank file chargeback section 75 claim defective goods services not let paypal employee incompetence put pursuing consumer rights,49,345
PayPal,Financial Services,Scam company blind workers,Scam company. Items were delivered. Tracking was added. Still they give money back to customer. Blind employees,1,"June 22, 2026",6a7b687e9a3f4c29c926a04f,mlk G,Negative,111,-1,scam company items delivered tracking added still give money back customer blind employees,13,90
PayPal,Financial Services,🎊🎊🎊🎉🎉🎉 CHRISTINA a woman with an Asian…,🎊🎊🎊🎉🎉🎉 CHRISTINA a woman with an Asian accent was very very patient with me and helped me navigate the system of paypal. It was very frustrating at first without her help. I never would have been able to get it done without her help.⚠️⚠️⚠️ PayPal has too many verifications. Absolutely ridiculous how many verification say requesting codes and all this garbage thank you Christina for your patience and God bless you.,5,"August 11, 2026",6a7b60e78b6d4774eed9fb5a,Deborah Thompson,Positive,417,1,christina woman asian accent patient helped navigate system paypal frustrating first without help never would able get done without help paypal many verifications absolutely ridiculous many verification say requesting codes garbage thank christina patience god bless,36,266
PayPal,Financial Services,⭐ 1/5,"⭐ 1/5 — Disgraceful service

Absolutely appalling. My money has disappeared between a refund and chargeback, and PayPal cannot even explain where it is. Endless excuses, contradictory answers and zero accountability. Terrible and unprofessional support
Absolutely awful and completely unprofessional customer service. Confusing answers, no responsibility, no real help, and my money is still missing. One of the worst support experiences I’ve ever had.

I would never trust PayPal with my money again. Avoid for ever",1,"August 11, 2026",6a7b51cc7f3b769dea8f6cf9,FaFa Hbg,Negative,516,-1,1 5 disgraceful service absolutely appalling money disappeared refund chargeback paypal cannot even explain endless excuses contradictory answers zero accountability terrible unprofessional support absolutely awful completely unprofessional customer service confusing answers no responsibility no real help money still missing one worst support experiences ever would never trust paypal money avoid ever,51,403
PayPal,Financial Services,PayPal's restrictive rules leave users out of pocket,When a pre-order didn't arrive they refused my case for a refund of missing pre-order items as the initial order was outside the time they consider cases. This means PayPal is not at all useful for ordering anything with a moderate lead time & they don't care if you then have an issue around the date the items are meant to arrive.,1,"August 10, 2026",6a7b338f4b75422b5f2284b3,AH Thompson,Negative,332,-1,pre order didn't arrive refused case refund missing pre order items initial order outside time consider cases means paypal not useful ordering anything moderate lead time don't care issue around date items meant arrive,34,218
PayPal,Financial Services,paypal is the worst payment system ive…,paypal is the worst payment system ive seen in my life i will receive money and have to 21 days then after that i was told to wait for another 180days that is taking the piss,1,"August 11, 2026",6a7b0bc5acfffe3d519f6fa7,Fortuneisgood,Negative,174,-1,paypal worst payment system ive seen life receive money 21 days told wait another 180days taking piss,17,101
PayPal,Financial Services,PAYPAL ALLOWS SCAM BUSINESS TO STEAL MONEY FROM CUSTOMERS,"MENS AND WOMENS PERFUME - GODA
I CANNOT SHOUT THIS LOUD ENOUGH.
BUYER BEWARE.
BUYER BEWARE.
BUYER BEWARE.
DON'T SAY YOU WEREN'T WARNED. BE PREPARED TO GIVE YOUR MONEY AWAY. THIS RODUCT SMELLS LIKE CAMEL URINE. THEY ALSO CATCH YOU WITH A SUBSCRIPTION YOU DIDN'T KNOW YOU WERE GETTING - THEN THEY REFUSE TO REFUND YOU AND PAYPAL WON'T ASSIST YOU WITH ANY CLAIMS AGAINST THIS BUSINESS THAT TRADES AS UMAEZ.
AGAIN, DON'T SAY YOU WEREN'T WARNED!!!
AND SHAME ON PAYPAL FOR ALLOWING THIS COMPANY TO OPENLY STEAL CUSTOMERS MONEY - IT'S CLEARLY A SCAM AND PAYPAL DOES NOT SUPPORT THEIR CUSTOMERS WITH THIS SCAM BUSINESS.",1,"July 23, 2026",6a7b08376fd77e17527a3540,Cherise Wilde,Negative,611,-1,mens womens perfume goda cannot shout loud enough buyer beware buyer beware buyer beware don't say weren't warned prepared give money away roduct smells like camel urine also catch subscription didn't know getting refuse refund paypal won't assist claims business trades umaez don't say weren't warned shame paypal allowing company openly steal customers money clearly scam paypal not support customers scam business,62,416
PayPal,Financial Services,I want to make a formal complaint…,PayPal I will never trust again the way I have been treated by them is disgustingly awful I am now £42.99 out of pocket through PayPal and they don’t want to know the years I have been with them to be treated this way is a disgrace I will be closing my account with them now,1,"August 11, 2026",6a7afb9f19d09413c54c5905,LYNN Williams,Negative,274,-1,paypal never trust way treated disgustingly awful 42 99 pocket paypal want know years treated way disgrace closing account,19,122
PayPal,Financial Services,"PayPal and ""Linked Payments""","I have been a long-time, albeit small, user of PayPal and have generally been very happy with the service until recently.

Since the introduction of “linked accounts”, I have experienced confusing problems when sending money. PayPal appears to accept the transaction and indicates that the money has been sent to the recipient, but it does not make it sufficiently clear that the recipient may need to take further action to confirm or accept the payment.

The recipient, who is not expecting to have to do this, can understandably believe that the money has not been sent. Worse, from their perspective, it can appear that the sender is claiming to have sent money when nothing has actually been received, which can make a legitimate transaction look suspicious or even fraudulent.

This is an unnecessarily confusing process for both the sender and recipient, and PayPal's communication around it is inadequate. In my view, PayPal has made what should be a simple process unnecessarily complicated.

After this experience, I have lost confidence in PayPal and will no longer use the service.",1,"August 11, 2026",6a7ae186fe886d2d7d79f581,James Kennedy,Negative,1093,-1,long time albeit small user paypal generally happy service recently since introduction linked accounts experienced confusing problems sending money paypal appears accept transaction indicates money sent recipient not make sufficiently clear recipient may need take action confirm accept payment recipient not expecting understandably believe money not sent worse perspective appear sender claiming sent money nothing actually received make legitimate transaction look suspicious even fraudulent unnecessarily confusing process sender recipient paypal's communication around inadequate view paypal made simple process unnecessarily complicated experience lost confidence paypal no longer use service,88,698
PayPal,Financial Services,I bought an item on Facebook…,"I bought an item on Facebook marketplace. They sent initial Chinese tracking. A week after I opened a dispute with PayPal, the seller posted fake tracking information saying my package had been delivered a week ago. PayPal denied my claim for the purchase. I won't be buying anything from Facebook marketplace, even if PayPal authorized it. I have been a customer of theirs since 1995. They always came through. I think a class action suit is in order. Fake tracking is the new theft by deception method, Facebook and PayPal are perpetuating this fraud deliberately.",1,"July 6, 2026",6a7a926213bb33a09e18729a,Rob Bjorkman,Negative,566,-1,bought item facebook marketplace sent initial chinese tracking week opened dispute paypal seller posted fake tracking information saying package delivered week ago paypal denied claim purchase won't buying anything facebook marketplace even paypal authorized customer since 1995 always came think class action suit order fake tracking new theft deception method facebook paypal perpetuating fraud deliberately,55,409
PayPal,Financial Services,"They stole 40.929,00 Dollars back in 2021.","Okay so they had their puny little AUP Policy that chjanged and they charged $2500 per violation. As it was not even written well, i thought its per a violation suspension, but its per transaction.
They stacked couple of these and stole my money away forever.
Anyways i have still time to open a court case which i am going to do in September-October this year.
And the funny thing is that they REMOVED this $2500 per violation from their agreement hahhah, obviosuly it was casuing so many problems that they had to remove it.
Well i can't wait to get the court case going i still have time limit untill 2027 May, which is the deadline. I will also go in the News and all social medias to represent the scam they did.
They never gave a list of the damage i made, its just cause it writes on the paper i did it. Never gave me any supportable docuiments. See you on court, and as well on all Social Medias very soon.",1,"August 11, 2026",6a7a8c4895e41fa4e4fcbb88,Igor,Negative,914,-1,okay puny little aup policy chjanged charged 2500 per violation not even written well thought per violation suspension per transaction stacked couple stole money away forever anyways still time open court case going september october year funny thing removed 2500 per violation agreement hahhah obviosuly casuing many problems remove well can't wait get court case going still time limit untill 2027 may deadline also go news social medias represent scam never gave list damage made cause writes paper never gave supportable docuiments see court well social medias soon,88,569
PayPal,Financial Services,Everyday after around 4 pm I try to…,Everyday after around 4 pm I try to make a purchase with my PayPal account and it declines so then I call and have to waste 30 minutes talking to a robot then a real person and hey fix it it works then does it again.. I’ve never once had a issue with Cash App I thought I’d try PayPal but I’m done they wouldn’t eveb allow me to move my money out then when I tried to transfer to PayPal savings they tried to get me to fill out a tax form. I’m done with PayPal man steal my money from me for no reason crazy how long they’ve been around yet it’s the worst one,1,"August 10, 2026",6a7a86ea800c0edf05878454,holland howard,Negative,559,-1,everyday around 4 pm try make purchase paypal account declines call waste 30 minutes talking robot real person hey fix works never issue cash app thought try paypal done eveb allow move money tried transfer paypal savings tried get fill tax form done paypal man steal money no reason crazy long around yet worst one,55,315
PayPal,Financial Services,Fraudulent Charges Claim Denied by PayPal,"I recently found two fraudulent charges on my PayPal account. The charges are $39 and $288 from a company called MEMOWRITE but the charge in PayPal is listed as Innodiets. I filed fraudulent charges with PayPal. Within hours I receive a denial from PayPal saying there was no evidence the charges are fraudulent. I called PayPal and the rep said he was resubmitting it as Item not received. He said although these are fraudulent charges, refiling as item not received is a work around they have found to get it refunded. He also informed me the $39 charge is for a monthly subscription and he was canceling it. Today I received another PayPal denial ""there is no evidence the item was misrepresented."" Now I have filed a fraudulent charges claim with my credit card company. As soon as this is resolved, my 26 year history with PayPal is OVER!!!!",1,"August 10, 2026",6a7a629a86aa84fbfe44f078,Ginger Harbin,Negative,846,-1,recently found two fraudulent charges paypal account charges 39 288 company called memowrite charge paypal listed innodiets filed fraudulent charges paypal within hours receive denial paypal saying no evidence charges fraudulent called paypal rep said resubmitting item not received said although fraudulent charges refiling item not received work around found get refunded also informed 39 charge monthly subscription canceling today received another paypal denial no evidence item misrepresented filed fraudulent charges claim credit card company soon resolved 26 year history paypal,81,585
PayPal,Financial Services,Will Not Back You Up in Cases of Fraud,"I have used paypal for 9 years with no issues. Wait until you have a dispute. They will not back you up like your credit card will. I unfortunately ordered something from a fraudulent company run out of China (which I did not find out until later, obviously). They claimed the item was delivered when it was not. I showed paypal that the shipping confirmation they sent paypal was completely different from the confirmation sent to me. They said it is my job to go to the post office and show that the information sent to paypal was not correct. The charge was slightly less than $40 and I figured lesson learned, cancel paypal. They would not allow me to cancel my account because the dispute case was still open. They decided in favor of the seller, so I did not quite understand how it could still be open. I finally got some poor someone on the phone who disconnected by bank account from paypal and assures me she will cancel the paypal when 10 days have passed. Life is too short to have to go through this much work when you have been scammed. Paypal is not in your corner.",1,"August 10, 2026",6a7a48d4bf44804192551ac2,Beth Del Savio,Negative,1080,-1,used paypal 9 years no issues wait dispute not back like credit card unfortunately ordered something fraudulent company run china not find later obviously claimed item delivered not showed paypal shipping confirmation sent paypal completely different confirmation sent said job go post office show information sent paypal not correct charge slightly less 40 figured lesson learned cancel paypal would not allow cancel account dispute case still open decided favor seller not quite understand could still open finally got poor someone phone disconnected bank account paypal assures cancel paypal 10 days passed life short go much work scammed paypal not corner,100,659
PayPal,Financial Services,Dogshit service,"Dogshit service, takes ages to treat a refund, they continue to debit their customers bank account after having received a refund, besides they never ever reply to my emails.",1,"August 10, 2026",6a7a37f8b5ecccd1934367d0,Bulent Dogan,Negative,174,-1,dogshit service takes ages treat refund continue debit customers bank account received refund besides never ever reply emails,18,125
PayPal,Financial Services,I use it to get small ampunts of cash…,"I use it to get small ampunts of cash for doing surveys and games.
The froze my account and refuse to give me my lousy 18 dollars in the account saying i have a bussiness and buy and sell products with it.
They have no idea what they are talking about.
They are nothing but thieves as far as i am concerned.
They were no help what so ever.
How can they just steal a persons money.
Unbelievable.
Stay away from paypal.
Crooks.",1,"August 4, 2026",6a7a33a86c7c4f9a2c877fd3,Larry Lewis,Negative,425,-1,use get small ampunts cash surveys games froze account refuse give lousy 18 dollars account saying bussiness buy sell products no idea talking nothing thieves far concerned no help ever steal persons money unbelievable stay away paypal crooks,38,242
PayPal,Financial Services,I was issued a refund 3 weeks ago by…,"I was issued a refund 3 weeks ago by the seller. It has not come through PayPal. As I had previously opened a dispute they will not communicate with me on this, seems they have my money and not releasing. I can’t contact any human on the website. Seems fraudulent.",1,"August 11, 2026",6a7a3355658ebfe72950b430,Erika Salna,Negative,264,-1,issued refund 3 weeks ago seller not come paypal previously opened dispute not communicate seems money not releasing contact human website seems fraudulent,23,155
PayPal,Financial Services,Avoid PayPal like the plague,"I have had an active account with PayPal for 20 years. Nearly a month ago I sent a payment to an account to make a purchase.
The payment was being held at the Seller’s end. So the seller is unable to even access the money, and I was told by a very unhelpful bot that it was a personal payment and therefore I could not request a refund of the money. And gave me several links to articles to read. So I sent links to the person I had sent money to. For her to do the things suggested. The final suggestion was to wait 21 days and the hold would be released in which case they could refuse the payment, refund the payment to me or we go ahead with the transaction I was putting a deposit on. So I carried on with life, I ordered some things from Temu, etc. using PayPal and my payments went through there. On day 25, I heard from the Seller asking for help because she wasn’t able to use her account and it. I went to my PayPal page, logged in and dealt with the very unhelpful, basically useless AI Bot. Wrote that we had followed the instructions/links they had given me, shared with the Seller and did what was required. The form said the longest a payment could be held was 21 days but was usually released long before then, explained it was 25 days since the transaction was sent and the money was still on hold. They could not tell me why. So I wrote back to the Seller. The Seller said the AI boy said that she had to have £500 in the account to withdraw from their account, according to PayPal AI bot. As I had been paying in cash when I collected my purchase, which was bought for £950 and the deposit was just to hold it. So I said I would, of course send her the extra £300 so she was able to unlock it. So I went back to PayPal and tried to send the money when a message popped up stating that there was a problem and to try again later. SoI went back an hour later to find a big red message saying my account had been deactivated and a link as to what may have caused PayPal to shut my account. So I went to that Useless AI who is as useful as an umbrella in a hurricane. 🙄 I had been a customer for 20 years, have never had any problems and the last month has been nothing but trouble. I had no explanation, other than suggesting my account had been reviewed and it appeared fraudulent activity had taken place but could not tell me what or to whom and following the links it brings up only the Temu purchases.
So tonight I returned and the AI bot “was happy to help me” 🙄🙄 if I could roll my eyes like a stroppy teenage girl, I am afraid my eyes may have got stuck. So, I could see all my activity and all my payments left my credit card to their respective people, 3 Temo payments, a payment to a friend, and the payment on hold. They were all sent and removed from my card. So as the money is on hold to the Seller, and we don’t know when or if it will be released and PayPal is such a PITA, their AI Bot could not discuss that with me as to getting my money back or releasing the money to the seller, but said they sympathised with the predicament an understands it must be frustrating. I asked repeatedly to speak to a human as I was just going around in circles. So the Seller can’t get access to the money, I am not allowed to know what is going on other than I am accused, without discussion of breaking law(s)and committing fraudulent activities. This is the most asinine nonsense. I am 58, disabled with a spinal injury and bedbound. So shopping online is my only access. But I have been accused and found guilty in the eyes of PayPal without any explanation. By the time I finished this last interaction with PayPal’s AI bot and requested a human to speak to I was told there was no human available and to come back during business hours, in 15 hours. So I asked what PayPal’s human business hours were. The AI bot could not give me the business hours it was just 15 hours. I asked how they knew how many hours until they were but unable to tell me the business hours in GMT in their UK to when PayPal Business hours were…the response was they did not have that information. 🤦🏻‍♀️ and asked if they could help with anything else. I responded that since they had not helped me this time, I doubted it.it seemed to know it had been insulted and got snarky stating they were being helpful but I was not asking questions they could give answers to. I feel my questions were logical questions stated clearly, and it should not have been difficult to answer my questions, but apparently it is my fault they can’t answer even a simple question like what are PayPal’s business hours for human Customer Service in the UK. And the how many hours brought it to 7am which would not have been anywhere near banking hours and never even told me how many hours before the humans went home for the day. But could not giveme those business hours. It was like it was bored and wanted to play games with a frustrated, wrongly accused person.",1,"August 10, 2026",6a7a25e6484ca2566bb2994e,S Smith,Negative,4945,-1,active account paypal 20 years nearly month ago sent payment account make purchase payment held seller end seller unable even access money told unhelpful bot personal payment therefore could not request refund money gave several links articles read sent links person sent money things suggested final suggestion wait 21 days hold would released case could refuse payment refund payment go ahead transaction putting deposit carried life ordered things temu etc using paypal payments went day 25 heard seller asking help able use account went paypal page logged dealt unhelpful basically useless ai bot wrote followed instructions links given shared seller required form said longest payment could held 21 days usually released long explained 25 days since transaction sent money still hold could not tell wrote back seller seller said ai boy said 500 account withdraw account according paypal ai bot paying cash collected purchase bought 950 deposit hold said would course send extra 300 able unlock went back paypal tried send money message popped stating problem try later soi went back hour later find big red message saying account deactivated link may caused paypal shut account went useless ai useful umbrella hurricane customer 20 years never problems last month nothing trouble no explanation suggesting account reviewed appeared fraudulent activity taken place could not tell following links brings temu purchases tonight returned ai bot happy help could roll eyes like stroppy teenage girl afraid eyes may got stuck could see activity payments left credit card respective people 3 temo payments payment friend payment hold sent removed card money hold seller know released paypal pita ai bot could not discuss getting money back releasing money seller said sympathised predicament understands must frustrating asked repeatedly speak human going around circles seller get access money not allowed know going accused without discussion breaking law committing fraudulent activities asinine nonsense 58 disabled spinal injury bedbound shopping online access accused found guilty eyes paypal without explanation time finished last interaction paypal ai bot requested human speak told no human available come back business hours 15 hours asked paypal human business hours ai bot could not give business hours 15 hours asked knew many hours unable tell business hours gmt uk paypal business hours response not information asked could help anything else responded since not helped time doubted seemed know insulted got snarky stating helpful not asking questions could give answers feel questions logical questions stated clearly not difficult answer questions apparently fault answer even simple question like paypal business hours human customer service uk many hours brought 7am would not anywhere near banking hours never even told many hours humans went home day could not giveme business hours like bored wanted play games frustrated wrongly accused person,451,2964
PayPal,Financial Services,PayPal Purchase Protection Failed Me When I Needed It,"I used PayPal because I believed their Purchase Protection would protect me if I paid for something and never received it. Unfortunately, that was not my experience.

I purchased a shirt from a company I found through a Facebook ad and never received it. The seller claimed the package had been delivered and even stated that it had been “signed for,” but I did not sign for anything and was home at the time the package was supposedly delivered.

The tracking information was vague. It showed the package as delivered to my town, but did not identify the actual last-mile carrier or provide verifiable proof that it was delivered to my address. I repeatedly asked the seller for proof of delivery, including the alleged signature, but they never provided it.

I opened a PayPal dispute and provided documentation and an explanation of what happened. The seller's only response was that the order had been “signed for,” without providing any supporting evidence. PayPal initially closed the case in the seller's favor less than a few hours after I escalated it. I appealed the decision, and the appeal was also denied in the seller's favor in less than two days. Neither decision provided a meaningful explanation of what evidence was relied upon or any proof that the package was actually delivered to my address.

What is most disappointing is that I never felt that the actual question — whether this package was delivered to me — was adequately addressed. I was left with the seller's unsupported claim that it had been delivered, while I never received the merchandise.

I used PayPal specifically because I believed I was getting an additional layer of protection as a buyer. Based on this experience, I would not rely on PayPal's Purchase Protection for an item-not-received dispute where the seller simply claims that tracking shows delivery.",1,"July 30, 2026",6a7a150b071870574265abc6,Amanda,Negative,1850,-1,used paypal believed purchase protection would protect paid something never received unfortunately not experience purchased shirt company found facebook ad never received seller claimed package delivered even stated signed not sign anything home time package supposedly delivered tracking information vague showed package delivered town not identify actual last mile carrier provide verifiable proof delivered address repeatedly asked seller proof delivery including alleged signature never provided opened paypal dispute provided documentation explanation happened seller's response order signed without providing supporting evidence paypal initially closed case seller's favor less hours escalated appealed decision appeal also denied seller's favor less two days neither decision provided meaningful explanation evidence relied upon proof package actually delivered address disappointing never felt actual question whether package delivered adequately addressed left seller's unsupported claim delivered never received merchandise used paypal specifically believed getting additional layer protection buyer based experience would not rely paypal's purchase protection item not received dispute seller simply claims tracking shows delivery,157,1241
PayPal,Financial Services,by far the worst,"by far the worst. Do not use Paypal, they dont care and allow scammers to get away with it. Horrible company. So many better payment options now than this outdated dinosaur that has only gone down hill since elon sold.",1,"August 10, 2026",6a7a0d2ec38b94f28c69b096,Wesley Rainey,Negative,218,-1,far worst not use paypal dont care allow scammers get away horrible company many better payment options outdated dinosaur gone hill since elon sold,24,147
PayPal,Financial Services,I placed an order through a website and…,"I placed an order through a website and used PayPal for payment. I was charged three times for one order and PayPal sided with the seller and refused refund. Closing my PayPal account. Terrible customer service, terrible company.",1,"July 21, 2026",6a79ff39e0f30423086b8fbe,John Devereaux,Negative,229,-1,placed order website used paypal payment charged three times one order paypal sided seller refused refund closing paypal account terrible customer service terrible company,24,171
PayPal,Financial Services,Biggest SCAM in the world,"I don't know how is this even possible that PayPal is STILL OPERATING freely?

I couldn't even write down all the laws they break globally.

Long story short: They can (and will) take your money, your whole account if they feel like it. Like you have a normal account, maybe one of your friends or family members send you money, and then PayPal randomly closes your account (and steal your money), because they ""think, that it was an illegal transaction"", or something like this.

After this, the Customer service just tells you that you that basically got scammed by PayPal, and they won't do anything about it, so you better accept it.

If YOU get scammed by someone else, then Customer service won't help AT ALL. They will tell you that you should be happy to be able to use PayPal, and just ACCEPT that you lost your money. And if you are too mad that you lost your money, then they will just ban you and take the rest of your money too.

Like they are literally stealing money in clear daylight. And nobody cares. I HONESTLY wonder how is PayPal still an operating website with active customers.

PS.: THERE IS A REASON WHY YOU CAN'T PAY WITH PAYPAL ON MOST OF THE WEBSITES NOW. BACK THEN LIKE 10 YEARS AGO, YOU WERE ABLE TO PAY WITH PAYPAL ON ALMOST ANY WEBSITE. IT'S IMPOSSIBLE TO DO IT NOW, LITERALLY NO WEBSHOP SUPPORTS PAYPAL NOW. AND THERE IS A GOOD REASON FOR THAT.

CLOSE YOUR PAYPAL ACCOUNT AND NEVER USE IT AGAIN! IF YOU ARE NEW, DON'T USE PAYPAL! WHATEVER YOU DO, BUT DO NOT OPEN AN ACCOUNT!",1,"December 24, 2025",6a79ec2314ae7833ad8e95ef,TeamGaming,Negative,1507,-1,don't know even possible paypal still operating freely couldn't even write laws break globally long story short take money whole account feel like like normal account maybe one friends family members send money paypal randomly closes account steal money think illegal transaction something like customer service tells basically got scammed paypal won't anything better accept get scammed someone else customer service won't help tell happy able use paypal accept lost money mad lost money ban take rest money like literally stealing money clear daylight nobody cares honestly wonder paypal still operating website active customers ps reason can't pay paypal websites back like 10 years ago able pay paypal almost website impossible literally no webshop supports paypal good reason close paypal account never use new don't use paypal whatever not open account,131,858
PayPal,Financial Services,Keter stronghold shed,"I ordered a shed through PayPal from b&q when it came all was going well till we got to the point of attaching the doors , we found one of them damaged on the hinge so got in touch with seller but they weren't interested, then we got in touch with PayPal they said because the item was altered they couldn't do any thing , we haven't even touched the doors so how could we have altered them, its ridiculous. think they just looking after a big company not helping customer at all",1,"July 9, 2026",6a79a9fa27306aee1a3990ee,Diane Attewell,Negative,479,-1,ordered shed paypal b q came going well till got point attaching doors found one damaged hinge got touch seller weren't interested got touch paypal said item altered couldn't thing even touched doors could altered ridiculous think looking big company not helping customer,43,271
PayPal,Financial Services,Terrible Service,"PayPal was always a pleasure to use. The one time I needed their support they let me down. Their customer service is very difficult to work with, although friendly they only say there is not much we can do. To further explain, I received about 1000 EUR in a transfer to my account for which PayPal took a few of over 95 EUR to process. They then restricted my account without informing me. When I tried to pay multiple times it would fail and I also could not withdraw the money from my PayPal account. When I contacted them, they said my account is restricted and they require verification. No notice, no communication, no option to resolve this online or on the app nothing! Just an error message when I tried to make transactions and to contact them. That is pathetic! I uploaded all the verification documents they asked for and they said it could take up to 7 working days to review this, so to sum up, blocked my account did not notify me, did not let me fix it, had to contact them to find out what happened and then have to wait for days for this to be resolved... Unacceptable service PayPal, I do not think I will be using PayPal again...",1,"August 10, 2026",6a799e7f0bd70ab713ec9cdc,Nicolas Tilliros,Negative,1148,-1,paypal always pleasure use one time needed support let customer service difficult work although friendly say not much explain received 1000 eur transfer account paypal took 95 eur process restricted account without informing tried pay multiple times would fail also could not withdraw money paypal account contacted said account restricted require verification no notice no communication no option resolve online app nothing error message tried make transactions contact pathetic uploaded verification documents asked said could take 7 working days review sum blocked account not notify not let fix contact find happened wait days resolved unacceptable service paypal not think using paypal,101,690
PayPal,Financial Services,Beware of PayPal,Beware of PayPal. If you are purchasing an item through PayPal from a dodgy seller you have no rights and they favour the seller. The Resolution Centre is a complete waste of time. No help whatsoever after 22 years we are closing our PayPal account. Not worth wasting hours and hours trying to solve a problem.,1,"August 10, 2026",6a7957427c3951f856d985b6,Nancy McMaster,Negative,310,-1,beware paypal purchasing item paypal dodgy seller no rights favour seller resolution centre complete waste time no help whatsoever 22 years closing paypal account not worth wasting hours hours trying solve problem,32,213
PayPal,Financial Services,Is this retaliation??,"Okay so before I even begin this the fact that PayPal has 1.3 start review is already a bit concerning to me. So I've been a PayPal customer for more than 12 years, I do lots of transactions with PayPal and recently I ordered merchandise from eBay (because of Payals customer protection program, I use it alot) that was never delivered to my property. FedEx claims they delivered it however, the ""proof of delivery ""photo that they took upon delivering the package is not my property. This would be clearly evidential by simply comparing photos from past ""proof of delivery"" successes. This was July 15th and I am still awaiting for them to complete their ""investigation"" which seems really unreasonable to me considering. I love you using PayPal but holding my money ransom is very unprofessional. I feel like because I have a credit card with them that I am behind on on payments that this is how they are punishing me. Something retaliatory and immature to say the least and I am not happy. In general I enjoy using PayPal that's why I've had them for over 12 years but I am starting to question my loyalty to them. I need my money. Times are tough and I have kids I need to use that money for with school starting. I may understand and appreciate the effort if evidence wasn't so cut and dry.",2,"July 15, 2026",6a7946c9681f9338ecd556e5,Gauthier Allen,Negative,1296,-1,okay even begin fact paypal 1 3 start review already bit concerning paypal customer 12 years lots transactions paypal recently ordered merchandise ebay payals customer protection program use alot never delivered property fedex claims delivered however proof delivery photo took upon delivering package not property would clearly evidential simply comparing photos past proof delivery successes july 15th still awaiting complete investigation seems really unreasonable considering love using paypal holding money ransom unprofessional feel like credit card behind payments punishing something retaliatory immature say least not happy general enjoy using paypal that's 12 years starting question loyalty need money times tough kids need use money school starting may understand appreciate effort evidence wasn't cut dry,114,817
PayPal,Financial Services,Beware PayPal Internal security. It locks you out for using your money at (a doctor for me) thst I've paid using PayPal dozens of times.,"I've been using PayPal for years and it is only in the last 90 to a 120 days that I am suddenly having problems with transactions being declined despite money being in the account. Not only that but I contact PayPal to ask them what the problem is and they tell me it's internal security and there's nothing that they can tell me about why it was done just it was done and I Have no choice but to deal with it. If I don't like it I'm welcome to go to a different platform And of course respect my decision to do so.

I try to use my debit card at a doctor I go to every 28 days for medication that I need simply to live and out of the blue they suddenly decline it. Then they tell me I have to wait 72 hours before they will allow me to try the transaction again and even then it might be declined despite the money being in the account. Again this is internal security so I just have to deal with it and they can't even tell me what the problem is.

Today I go to pay Kickstarter As I have been doing for years. There has never been a problem, until now. Now they declined my transaction one time, I don't try the card again For fear of them screwing me up again and I simply contact customer service. Only to be told that my card is locked again for 72 hours. It's internal security folks so guess what I just have to deal with it.

I'm closing my account I refuse to use this platform any longer. They are the worst financial platform now that I have ever encountered And the judging from the other ratings and complaints on here I'm not the only one that thinks so.

Everyone needs to boycott PayPal and force them to either close their doors or fix their bloody policies as well as fixing the ""fraking internal security"" if they can't override it when its made a mistake its as useless as they are.",1,"August 9, 2026",6a78ff46ad792e80f0f59e2b,Mr Alexander,Negative,1803,-1,using paypal years last 90 120 days suddenly problems transactions declined despite money account not contact paypal ask problem tell internal security there's nothing tell done done no choice deal don't like welcome go different platform course respect decision try use debit card doctor go every 28 days medication need simply live blue suddenly decline tell wait 72 hours allow try transaction even might declined despite money account internal security deal can't even tell problem today go pay kickstarter years never problem declined transaction one time don't try card fear screwing simply contact customer service told card locked 72 hours internal security folks guess deal closing account refuse use platform longer worst financial platform ever encountered judging ratings complaints not one thinks everyone needs boycott paypal force either close doors fix bloody policies well fixing fraking internal security can't override made mistake useless,143,958
PayPal,Financial Services,Dealing with pay pal makes me want to…,"Dealing with pay pal makes me want to smoke crack and jump out the window

Total nightmare, would not recommend",1,"August 9, 2026",6a78ba635d33a71ac2b4a73f,D. W.,Negative,111,-1,dealing pay pal makes want smoke crack jump window total nightmare would not recommend,14,86
PayPal,Financial Services,Run by Thieves,"Run by Thieves. I signed up to paypal to process payments from Ebay as I was selling some items I have at home and don't need anymore.

These thieves decided to limit my account for no reason and tell me ""We've decided to limit your account after a review"" - So they it seems they reviewed my account and saw money in there and decided they wanted to keep it rather than let me withdraw it.

When I disputed it they asked me to upload ID documents including my passport and bank statements and also verify my bank account. After complying with these requests they said ""You can no longer use PayPal as we've decided to permanently limit your account after a review""

Absolutely no reason for this whatsoever. I have never had an issue like this with any other payment processor.",1,"February 3, 2026",6a785fc12d58962768561f28,Finlay Tate,Negative,778,-1,run thieves signed paypal process payments ebay selling items home don't need anymore thieves decided limit account no reason tell decided limit account review seems reviewed account saw money decided wanted keep rather let withdraw disputed asked upload id documents including passport bank statements also verify bank account complying requests said no longer use paypal decided permanently limit account review absolutely no reason whatsoever never issue like payment processor,69,480
PayPal,Financial Services,Absolutely shocking service and…,Absolutely shocking service and wouldn’t recommend to my worst enemy. Avoid these people at all costs. Scum,1,"August 8, 2026",6a7785312adc2845096326c6,John Allinson,Negative,107,-1,absolutely shocking service recommend worst enemy avoid people costs scum,10,73
PayPal,Financial Services,Customer service is the worst i cant…,"Customer service is the worst i cant get in my account no mather what cause it says and i quoute ""we are having trouble making sure its you""
by the way i am logging in the 2nd time (or the first if we dont mention the sign up)",1,"August 8, 2026",6a77486ab4ff6c1cc69a3425,matej,Negative,226,-1,customer service worst cant get account no mather cause says quoute trouble making sure way logging 2nd time first dont mention sign,22,132
PayPal,Financial Services,Paypal is the worst payment provider,Paypal is the worst payment provider. Declining payments for no good reason. Zero Customer sevice as Paypal refuses to offer any kind of customer service. This Company is run by idiots from Top to Bottom. AVOID PAYPAL AS THE JUST STINK AND NO DESERVE A ONE STAR RATING. SHOULD BE -10,1,"August 8, 2026",6a76f3d2b6e00d3279cc8e8d,John Lukas,Negative,283,-1,paypal worst payment provider declining payments no good reason zero customer sevice paypal refuses offer kind customer service company run idiots top bottom avoid paypal stink no deserve one star rating 10,32,206
PayPal,Financial Services,The first two chat representatives I…,"The first two chat representatives I talked to, Shibna and Nausheen, ended the chat on me while I was drafting a response even if I asked them to wait for a bit because I was trying to figure out what they were asking me to do on my end. Then the next one, Viraj, I asked them to pull up the previous chats because I was done explaining the issue again but they said they don't document their chats and they don't have any idea what I talked to the other reps about!!! I then asked for a manager but they refused to transfer me and said there was no other way to resolve the concern! Why put up a live chat if they're just going to tell you what you've already read from the articles in Help Center? Fix your awful customer service! I've worked in the customer service field myself and would hate for people in this field to receive so much negativity, but the lack of understanding and empathy of these representatives is very frustrating! HORRIBLE AND UNETHICAL MANAGEMENT!",1,"August 8, 2026",6a76e3b3da170560cd5a4fe1,Anon,Negative,975,-1,first two chat representatives talked shibna nausheen ended chat drafting response even asked wait bit trying figure asking end next one viraj asked pull previous chats done explaining issue said don't document chats don't idea talked reps asked manager refused transfer said no way resolve concern put live chat going tell already read articles help center fix awful customer service worked customer service field would hate people field receive much negativity lack understanding empathy representatives frustrating horrible unethical management,79,547
PayPal,Financial Services,Don't trust them with money,"They will not return your money when a scammer steals from you. When you try and close your account they refuse to do so. They are out of control, one would have to be mad to trust them with money.",1,"August 8, 2026",6a76caa51959cc46c8f319d5,Ron Allen,Negative,197,-1,not return money scammer steals try close account refuse control one would mad trust money,15,90
PayPal,Financial Services,PayPal is absolutely the best service…,"PayPal is absolutely the best service i've ever had. If you ever have an issue, they resolve it immediately. I have never dealt with a company that can resolve an issue so quickly. I use most of my transactions through paypal, I highly recommend them. Way better than going through visa or Mastercard? They resolve issues way faster, way more reliable.",5,"August 6, 2026",6a76704de9f732d5c18c2ce3,Debbie Dold,Positive,352,1,paypal absolutely best service ever ever issue resolve immediately never dealt company resolve issue quickly use transactions paypal highly recommend way better going visa mastercard resolve issues way faster way reliable,31,221
PayPal,Financial Services,One hour on hold and my issue was not…,"One hour on hold and my issue was not resolved, the call dropped itself off.",1,"August 7, 2026",6a76581b0e851677d4d6d3d2,Asherah Eden,Negative,76,-1,one hour hold issue not resolved call dropped,8,45
PayPal,Financial Services,Don’t send money using PayPal,"Don’t send money using PayPal, if you get scammed, you will not get your money back. PayPal does not care about customers.",1,"August 7, 2026",6a7638e60d4b8515f01eacb4,Leanne,Negative,122,-1,send money using paypal get scammed not get money back paypal not care customers,14,80
PayPal,Financial Services,Paid for but never delivered,I ordered a take away. PayPal processed my payment. The restaurant did not deliver and PayPal have my money and I have an empty bowl!,1,"August 2, 2026",6a761458d7a1cbf0c7ddb7be,Bob Washington,Negative,133,-1,ordered take away paypal processed payment restaurant not deliver paypal money empty bowl,13,89
PayPal,Financial Services,they cannot stop criminal companies…,they cannot stop criminal companies from stealing your money,1,"July 26, 2026",6a75f9d9daf627399805890e,Christopher Hodsoll,Negative,60,-1,cannot stop criminal companies stealing money,6,45
PayPal,Financial Services,Can't give them a zero,"Can't give them a zero! No way to get past the AI assistant. Followed all the steps for an issue resolved in my favor and they froze my account. Says it can take upto 10 days, well it's been 30 and no status change.. The system needs to be fixed!",1,"August 7, 2026",6a75c1a5551cc1e4cabb2bb2,Jhneinak,Negative,246,-1,can't give zero no way get past ai assistant followed steps issue resolved favor froze account says take upto 10 days well 30 no status change system needs fixed,29,161
PayPal,Financial Services,Appalling experience and customer…,Appalling experience and customer service. Repeatedly cut off by their helpline staff when trying to sort out problem. Utterly unreliable and incompetent.,1,"August 7, 2026",6a75b9810fd5d18b1eb6721d,R. Keen,Negative,154,-1,appalling experience customer service repeatedly cut helpline staff trying sort problem utterly unreliable incompetent,14,118
PayPal,Financial Services,I had a problem with a buyer and she…,"I had a problem with a buyer and she said that PayPal would not take her business account money. So i call and get this women who has me send money to this gmail account. I want to know why. She said that is the only way we can get this fixed. This is in the middle of the night. I call my bank in the morning and here what she was telling me to do is money that they are trying to take .money put of my account. The bank handled that problem. I call PayPal again and we go through the same crap. Now i have a charge on my Walmart account for $500
PayPal is a rip off. Now i have to try and get my money back from these places. I kept saying this sounds like a scam but they assured me I was talking to the fraud department
Now i am out my moneyq",1,"August 6, 2026",6a758fa7ead8179b475d69eb,v5a3b55,Negative,746,-1,problem buyer said paypal would not take business account money call get women send money gmail account want know said way get fixed middle night call bank morning telling money trying take money put account bank handled problem call paypal go crap charge walmart account 500 paypal rip try get money back places kept saying sounds like scam assured talking fraud department moneyq,63,381
PayPal,Financial Services,Why can't we give zero stars,"Why can't we give zero stars? Worst customer service ever. Never again! Lack of professionalism and endorsements that favor scammers, fraud and criminal activity! Keep your money and do not be taken advantage of!!!!!",1,"August 7, 2026",6a758c7c00f7f726edc69d3f,Joanne Palmer,Negative,216,-1,can't give zero stars worst customer service ever never lack professionalism endorsements favor scammers fraud criminal activity keep money not taken advantage,22,159
PayPal,Financial Services,Not upfront,I think PayPal should advise customers when booking in a different currency they implement their own exchange rate and fee not happy with this company Trying to get a refund,1,"July 19, 2026",6a75891611bca1bf6453c9f1,Jean Draper,Negative,173,-1,think paypal advise customers booking different currency implement exchange rate fee not happy company trying get refund,17,120
PayPal,Financial Services,PAYPAL supports fradulant businesses and not customers…,"PAYPAL supports fradulant businesses that cannot prove delivery, even with proof there is no valid tracking number. They do not have a resolution process, deny claims without ability to share evidence, terrible chat system, unable to communicate effectively. I can't believe they are in business based on their terrible customer service.",1,"August 6, 2026",6a7556876c11f583f35c1a8a,lcal,Negative,337,-1,paypal supports fradulant businesses cannot prove delivery even proof no valid tracking number not resolution process deny claims without ability share evidence terrible chat system unable communicate effectively can't believe business based terrible customer service,35,267
PayPal,Financial Services,PREDATORY TRAP: PayPal Intentionally Lied About Account Restrictions to Hijack My $997.00 Personal Refund!,"Review Title: PREDATORY INSTITUTIONAL FRAUD: PayPal Betrayed My 7-Year Loyalty and Hijacked My Personal Funds After I Spent Hundreds of Thousands of Dollars on Their Platform!

While every person ultimately decides what they choose to do with their own finances, I am sharing my direct, harrowing experience to warn this community about the reality of dealing with PayPal, Inc. Do not trust this company with a single penny of your money. Based on my real-world interaction, this platform is a thoroughly dishonest and untrustworthy organization that operates a calculating, predatory bait-and-switch scheme designed to intercept private consumer capital, bleed accounts with unearned commercial fees, and unlawfully convert assets. They operate on pure corporate arrogance, completely disregarding user loyalty, identity theft protections, and federal banking laws.

To be absolutely clear: I am NO LONGER a PayPal user. I genuinely used to like this platform, which is the exact reason I kept my account active for over seven (7) consecutive years, processing hundreds of thousands of dollars in purchases through their ecosystem. I directly contributed to PayPal's corporate success for nearly a decade. To experience this shocking corporate misconduct and be victim-blamed after showing that level of loyalty is a complete betrayal. I will never, ever use PayPal again under any circumstances. This public warning is written strictly to share my experience, expose their dishonest practices, reclaim my stolen personal property, and permanently sever all ties. [1]

1. The Premeditated Gateway Lie Exposed
Just one week prior to this financial disaster, I contacted PayPal support to verify my status, and their representative gave me absolute verbal assurances that my 7-year-old account was in perfect, unrestricted standing. Shortly thereafter, an isolated manual PayPal back-office team abruptly stepped in, completely ignored my extensive clean transaction history, and unilaterally locked my profile. They issued an official written notice stating that core transactional features—specifically the ability to ""Receive money""—were restricted and unavailable.

This is where PayPal exposed themselves as absolute liars. If a financial platform explicitly states an account can no longer receive activity, standard electronic banking protocols mandate that the inbound gateway must automatically block and bounce any incoming transfer back to the sender at no cost. If PayPal had actually enforced the restriction they claimed was active, the transaction would have failed at the gate. The online seller—whom I had spent two intense days communicating with, forcing her to return my money under a formal notice of legal action for failing to fulfill an order from January—would have used an alternative network like Zelle to instantly return my money directly to my bank.

Instead, PayPal ran a deceptive, self-enriching trap. On July 28, 2026, when the merchant processed the $997.00 refund of my personal funds (Transaction ID: 1VH93178EV556581E), PayPal deliberately left the gate open. They actively intercepted my hard-fought personal funds, instantly skimmed a $29.00 commercial processing fee off a transaction they officially claimed I couldn't receive, and then instantly slammed a 180-day freeze on the remaining $968.00 balance. This is a thoroughly corrupt business practice: lying to a consumer that an account cannot receive money yet quietly pocketing a fee from an incoming transfer before trapping the underlying asset away from its owner.

2. Fabricated Accusations and Punishing a Victim of Identity Theft
To justify this illegal hijacking of my personal funds, PayPal hit my account with a completely fabricated claim alleging that my profile is ""linked to another account."" This is a deceptive corporate lie. I am a documented victim of identity theft. If another profile exists with my information, it is a completely fraudulent, unauthorized account created by criminals without my knowledge or consent.

Instead of protecting a victim of identity theft, PayPal’s back-office team weaponized it to freeze my legitimate, independent, 7-year-old profile. Furthermore, this money is an undisputed return of consumer capital from an original purchase executed back in January 2026. The dashboard explicitly logs the order status as ""Returned."" Because the original transaction settled over 7 months ago, the risk window for buyer chargebacks or merchant fraud has completely closed. PayPal has zero algorithmic or risk-based justification to hold this balance.",1,"July 28, 2026",6a752d8a9cd9a576c8661abe,VALETR CORREIA,Negative,4586,-1,review title predatory institutional fraud paypal betrayed 7 year loyalty hijacked personal funds spent hundreds thousands dollars platform every person ultimately decides choose finances sharing direct harrowing experience warn community reality dealing paypal inc not trust company single penny money based real world interaction platform thoroughly dishonest untrustworthy organization operates calculating predatory bait switch scheme designed intercept private consumer capital bleed accounts unearned commercial fees unlawfully convert assets operate pure corporate arrogance completely disregarding user loyalty identity theft protections federal banking laws absolutely clear no longer paypal user genuinely used like platform exact reason kept account active seven 7 consecutive years processing hundreds thousands dollars purchases ecosystem directly contributed paypal's corporate success nearly decade experience shocking corporate misconduct victim blamed showing level loyalty complete betrayal never ever use paypal circumstances public warning written strictly share experience expose dishonest practices reclaim stolen personal property permanently sever ties 1 1 premeditated gateway lie exposed one week prior financial disaster contacted paypal support verify status representative gave absolute verbal assurances 7 year old account perfect unrestricted standing shortly thereafter isolated manual paypal back office team abruptly stepped completely ignored extensive clean transaction history unilaterally locked profile issued official written notice stating core transactional features specifically ability receive money restricted unavailable paypal exposed absolute liars financial platform explicitly states account no longer receive activity standard electronic banking protocols mandate inbound gateway must automatically block bounce incoming transfer back sender no cost paypal actually enforced restriction claimed active transaction would failed gate online seller spent two intense days communicating forcing return money formal notice legal action failing fulfill order january would used alternative network like zelle instantly return money directly bank instead paypal ran deceptive self enriching trap july 28 2026 merchant processed 997 00 refund personal funds transaction id 1vh93178ev556581e paypal deliberately left gate open actively intercepted hard fought personal funds instantly skimmed 29 00 commercial processing fee transaction officially claimed couldn't receive instantly slammed 180 day freeze remaining 968 00 balance thoroughly corrupt business practice lying consumer account cannot receive money yet quietly pocketing fee incoming transfer trapping underlying asset away owner 2 fabricated accusations punishing victim identity theft justify illegal hijacking personal funds paypal hit account completely fabricated claim alleging profile linked another account deceptive corporate lie documented victim identity theft another profile exists information completely fraudulent unauthorized account created criminals without knowledge consent instead protecting victim identity theft paypal back office team weaponized freeze legitimate independent 7 year old profile furthermore money undisputed return consumer capital original purchase executed back january 2026 dashboard explicitly logs order status returned original transaction settled 7 months ago risk window buyer chargebacks merchant fraud completely closed paypal zero algorithmic risk based justification hold balance,449,3536
PayPal,Financial Services,I have been using PayPal pay in 3,I have been using PayPal pay in 3. I clicked on pay what is due and they took double of both payments. They took everything that was owed and not just this month's. Won't be using that again,1,"August 7, 2026",6a751ca615b9c1ebcf2318a9,joanne,Negative,190,-1,using paypal pay 3 clicked pay due took double payments took everything owed not month's won't using,17,100
PayPal,Financial Services,Bunch of robbing bastards,Bunch of robbing bastards,1,"August 6, 2026",6a74febffb9c2d54db43a1c5,John Greaves,Negative,25,-1,bunch robbing bastards,3,22
PayPal,Financial Services,PayPal does the work very well…,"PayPal works as it should, buyer protection in my situation, was used against a problematic and not so nice situation, PayPal went through all documentation and did a full refund. Thank you.",5,"August 6, 2026",6a74e83c57f5b7c6b2a908cb,Daniel,Positive,190,1,paypal works buyer protection situation used problematic not nice situation paypal went documentation full refund thank,16,119
PayPal,Financial Services,they would not dispute a fraudulent transaction,"I opened a paypal cashback mastercard last year. A few months ago, someone added his name to my card and withdrew about $1600 from my account. I disputed this and was told by paypal that it was a personal transaction so they would not refund the money. They would only ask the person to give the money back. Obviously, the person did not give the money back, and I had to pay it. Then paypal sends me a letter saying they were closing my account because of too many disputed transactions. I did not mind closing the account as I was going to close it anyway due to their insufficient security, but I was looking forward to closing it myself as soon as I paid it off. Years ago I had trouble with paypal (not the credit card) but was hoping they had gotten better. I would strongly discourage anyone from opening a credit card with paypal, and I plan on closing my regular account with them as well.",1,"August 6, 2026",6a74de16cc014d73b73116fb,Carolyn Almennigen,Negative,898,-1,opened paypal cashback mastercard last year months ago someone added name card withdrew 1600 account disputed told paypal personal transaction would not refund money would ask person give money back obviously person not give money back pay paypal sends letter saying closing account many disputed transactions not mind closing account going close anyway due insufficient security looking forward closing soon paid years ago trouble paypal not credit card hoping gotten better would strongly discourage anyone opening credit card paypal plan closing regular account well,84,569
PayPal,Financial Services,I am trying to buy a specialist…,"I am trying to buy a specialist telescope adapter from a German online retailer. They have ‘PayPal’ involved in the financial transaction AND that ‘company’ decides if I can comp,etc the transaction or not. Several times now I have tried AND yes PayPal systems just stop and kick me back to the retailer with no reason etc. it’s as though they don’t want to process the transaction and I and the retailer lose! Absolutely useless!",1,"August 6, 2026",6a74db9d69b62d66120d8bd3,Peter Barlow,Negative,430,-1,trying buy specialist telescope adapter german online retailer paypal involved financial transaction company decides comp etc transaction not several times tried yes paypal systems stop kick back retailer no reason etc though want process transaction retailer lose absolutely useless,39,283
PayPal,Financial Services,One of the worst customer experiences…,"One of the worst customer experiences that I've had with PayPal providing cover to scam artists, closing my account",1,"August 6, 2026",6a74bdb1af8e46bcd68343ab,Svet,Negative,115,-1,one worst customer experiences paypal providing cover scam artists closing account,11,82
PayPal,Financial Services,Not happy with PayPal for 25 yes…,I'm mostly happy with PayPal for 25 yes or more now . But in the last few months I had to open 2 disputes with a seller. 1st one eventually got sorted after a lot of going back and forward... But the second one was worse. When open a dispute they go get information from the seller. And come back for more information from you . Fair enough.. but I'd told them I was not shipping back the item because the last time with the same seller I paid €25 shipping cost back to china for a €10 item . The company didn't refund me like they had said in emails they would but instead gave me a tokens/voucher. So this time I told PayPal this again and told them I will not ship back .. but since then they are asking me for more info because the seller wants it shipped back ( it's €5 ) and will cost €20 to ship back. But I can't reply to PayPal because of there system. It's asking for shipping number and tracking number. Which I don't have obviously don't have.. so I can't reply.. for a €5 I'll give up . But it's wrong. Thanks AliExpress,2,"July 24, 2026",6a7491286185aa27985c8db6,Alan C,Negative,1033,-1,mostly happy paypal 25 yes last months open 2 disputes seller 1st one eventually got sorted lot going back forward second one worse open dispute go get information seller come back information fair enough told not shipping back item last time seller paid 25 shipping cost back china 10 item company didn't refund like said emails would instead gave tokens voucher time told paypal told not ship back since asking info seller wants shipped back 5 cost 20 ship back can't reply paypal system asking shipping number tracking number don't obviously don't can't reply 5 give wrong thanks aliexpress,99,593
PayPal,Financial Services,PayPal - Unauthorized charge and claim closed without resolution.,"Dear Sirs,

YouTube has improperly charged me for a payment I never authorized, even though it was available via credit card.

According to the email sent by YouTube, the payment was refused because it was in that payment method, and it was not allowed because I was not interested in continuing at the moment.

This is fraud.
A complaint was filed with PayPal, but it was simply closed.

They say it can be reopened, but this is false and only shows the arrogance of these companies, where dishonesty seems to be defending supposed interests.

Sincerely,

João Vieira",1,"August 6, 2026",6a74869c75ea1ef5ceb4f211,João Dimas,Negative,568,-1,dear sirs youtube improperly charged payment never authorized even though available via credit card according email sent youtube payment refused payment method not allowed not interested continuing moment fraud complaint filed paypal simply closed say reopened false shows arrogance companies dishonesty seems defending supposed interests sincerely jo vieira,48,358
PayPal,Financial Services,Paypal is a disgrace,All i am trying to do over the last month is change my mobile number as the old one is gone . I try to put in the new number and it will not take in without confirming with the old mobile number . I have completed a formal complaint and it still is not changed . I am in and out out of hospital i am very vulnerable and i cannot get through to them on AI and the Humans are nor helpful either,1,"July 15, 2026",6a747ad068322ad639c09d94,alans,Negative,392,-1,trying last month change mobile number old one gone try put new number not take without confirming old mobile number completed formal complaint still not changed hospital vulnerable cannot get ai humans nor helpful either,35,221
PayPal,Financial Services,I bought a small coolizi aircon unit…,"I bought a small coolizi aircon unit ,it does not work. It's a weak wall fan I bought it through PayPal I asked for my money back
paypal said I have no case .I understood you can return an item within a time limit and get a refund by law,
What is the purpose of Paypal",1,"August 5, 2026",6a746af1a3951567db176caa,Edward,Negative,268,-1,bought small coolizi aircon unit not work weak wall fan bought paypal asked money back paypal said no case understood return item within time limit get refund law purpose paypal,30,177
PayPal,Financial Services,Don’t trust them just took a payment…,Don’t trust them just took a payment for something that was cancelled issued a refund but then took it back claiming it balances out as one payment one refund but in my bank account it show two payments and one refund. Even showed them screenshots of everything and they said I was wrong,1,"July 28, 2026",6a74526cbb3284892c6e00f4,Richard James,Negative,287,-1,trust took payment something cancelled issued refund took back claiming balances one payment one refund bank account show two payments one refund even showed screenshots everything said wrong,28,191
PayPal,Financial Services,Rubbish!Dont use it!,"Rubbish!Dont use it!
I even went into the bank & could NOT be assisted!I reached out to an agent online, paypal's own agent could not help me. Finally, I uploaded my ID & they still closed my case without resolving it.Months later, they have captured my money for themselves. They must be really wealthy all the money capturing schemes they are doing.",1,"May 10, 2026",6a7442908c2bf8507355399d,rella makatsa,Negative,351,-1,rubbish dont use even went bank could not assisted reached agent online paypal's agent could not help finally uploaded id still closed case without resolving months later captured money must really wealthy money capturing schemes,35,229
PayPal,Financial Services,Diabolical - AVOID!,Diabolical! Absolutely the worse experiences and waste of my time. They are charing me for things I haven't purchased and no one seems to be able to give me a proper response and every month I have been calling and trying to resolve and every month I get a different answer from their incompetent customer service. And they keep adding interest on a purchase I never made!!!!,1,"August 6, 2026",6a744041c3cc3a550cb3830a,SF,Negative,375,-1,diabolical absolutely worse experiences waste time charing things purchased no one seems able give proper response every month calling trying resolve every month get different answer incompetent customer service keep adding interest purchase never made,35,252
PayPal,Financial Services,Very bad support,"Very bad support, for unknown reasons we can login to our company account, and they are telling it ok wait for 2 days... We cant stop our bussiness it must be solved right now!",1,"August 5, 2026",6a742a941cd23c149ecfa63c,Arūnas Pavlovas,Negative,176,-1,bad support unknown reasons login company account telling ok wait 2 days cant stop bussiness must solved right,18,110
PayPal,Financial Services,PayPal paid fraudulent charges AFTER it was reported as fraudulent,"I have used PayPal for years with no problems. Recently I noticed a charge I did not make. A company called achtech for muscle booster. I'm 67 years old.I've never heard of the company or ordered any muscle booster.
I tried to contact PayPal, but of course could only talk to AI. Sent a message about the charge saying it was fraudulent. Got a email back from PayPal saying they had investigated and found no evidence of fraud! Talked to my bank. They suggested closing my checking account and opening a new one since my current account was compromised. I did so. Have spent 2 days contacting all companies involved with automatic payments on the old account, and I'm not near finnished.
Today I checked my email- an email from PayPal saying they had PAID THE FRADULENT CHARGE OUT OF MY PAYPAL BALANCE!!!! AFTER I had told them the charge wad fradulent!!!
Fought my way to speaking with a human (after 30 minutes on hold) in a foreign country. She was unable to help. Spoke with her supervisor- result , they will "" appeal my case"".
My advice - go with any company but paypal.",1,"August 5, 2026",6a73bf0c523c2c8dca42327f,Tony Gerard,Negative,1076,-1,used paypal years no problems recently noticed charge not make company called achtech muscle booster 67 years old never heard company ordered muscle booster tried contact paypal course could talk ai sent message charge saying fraudulent got email back paypal saying investigated found no evidence fraud talked bank suggested closing checking account opening new one since current account compromised spent 2 days contacting companies involved automatic payments old account not near finnished today checked email email paypal saying paid fradulent charge paypal balance told charge wad fradulent fought way speaking human 30 minutes hold foreign country unable help spoke supervisor result appeal case advice go company paypal,107,726
PayPal,Financial Services,Close your PayPal accounts YESTERDAY before it happens to you.,"I have an acount with them for 13 years, I swear by them to anyone that is looking for a starting point to be financially responsible. I used their credit card, savings and now, after supporting a creator on a crowd funding site that they themselves have a partnership with, banned my account over $5. To make it worse, it's the first week of the month. You know, the first week to pay rent, utilities, and phone carrier. They are holding hostage my $6k which is all the money I have over $5.

There needs to be a petition that fines 3rd party payment processors from preventing people having access to their money. To many, that is their life savings. Fine them per account and for each day they refuse to knock it off, triple the fines. Make them have the fear of God, get sued by their shareholders for acting a fool, and be made example of for the rest of history. They are no more than thieves and deserve to have this blackmark on their resume when they go apply to McDonald's.

Close your PayPal accounts people. You cannot trust them. They would rather burn their own business to the ground than to do what is right.",1,"August 1, 2026",6a73b1e8662c0d491f5cab1c,Rob,Negative,1124,-1,acount 13 years swear anyone looking starting point financially responsible used credit card savings supporting creator crowd funding site partnership banned account 5 make worse first week month know first week pay rent utilities phone carrier holding hostage 6k money 5 needs petition fines 3rd party payment processors preventing people access money many life savings fine per account day refuse knock triple fines make fear god get sued shareholders acting fool made example rest history no thieves deserve blackmark resume go apply mcdonald's close paypal accounts people cannot trust would rather burn business ground right,95,629
PayPal,Financial Services,I disputed two payments with PayPal as…,"I disputed two payments with PayPal as I’d bought items that were missing pieces. I opened a dispute, paid return postage, gave the tracking. My items got stuck in customs and only the addressee could release them which they wouldn’t do! PayPal denied one claim because they said the return hadn’t reached the seller but they went in favour of my second dispute even though these were exactly same. How can you deny one and go in favour with the other. They have done anything but help and when I’m trying to complain they keep saying my complaint is denied, I’ve waited over a week for a supervisor to call and still no one has…Not good customer service!!",1,"August 5, 2026",6a738117dc87fd20e83935db,Julie,Negative,656,-1,disputed two payments paypal bought items missing pieces opened dispute paid return postage gave tracking items got stuck customs addressee could release paypal denied one claim said return reached seller went favour second dispute even though exactly deny one go favour done anything help trying complain keep saying complaint denied waited week supervisor call still no one not good customer service,61,401
PayPal,Financial Services,Do not use paypal anymore,"To be fair, I would love to give paypal no star but I can not as they do not have option for no star . They are such a awful paypal. Try to help scammer to get money from buyer. Do not want to talk more. That’s enough for those who have had bad experience with paypal will understand",1,"July 4, 2026",6a737faa9aa8a4cfd125f01e,Lee Annie,Negative,283,-1,fair would love give paypal no star not not option no star awful paypal try help scammer get money buyer not want talk enough bad experience paypal understand,28,158
PayPal,Financial Services,Horrible and terrible customer service from Paypal.com,"Paypal is just full of scammers, I raised a dispute about one transaction from reverselook for scamming me and my account was restricted and inspite of complainning to customer service they kept hanging my calls without help. Earlier because of scam and fraud issues i had changed my old number and updated on paypal but they still using my old number to identify me which has caused chaos. They ask you to go through security questions,email verification,then text or whatsapp i told the customer service that my old number is gone am on new number yet for 2 hours they kept taking photo id,face scan and still cant verify which was pathetic. I want my refunds for the scammed amount and am going to make a police complaint aswell about this ongoing issue.",1,"August 5, 2026",6a73773b81b97c28b4bc553c,Shaheen Siddiquie,Negative,757,-1,paypal full scammers raised dispute one transaction reverselook scamming account restricted inspite complainning customer service kept hanging calls without help earlier scam fraud issues changed old number updated paypal still using old number identify caused chaos ask go security questions email verification text whatsapp told customer service old number gone new number yet 2 hours kept taking photo id face scan still cant verify pathetic want refunds scammed amount going make police complaint aswell ongoing issue,76,521
PayPal,Financial Services,Money was stolen from me via PayPal and…,Money was stolen from me via PayPal and when I put in a dispute I was told there was no evidence of unusual activity. No one should trust PayPal. Their rating is negative 5000.,1,"August 4, 2026",6a7346eba9984b01670ac1af,Martin,Negative,176,-1,money stolen via paypal put dispute told no evidence unusual activity no one trust paypal rating negative 5000,18,110
PayPal,Financial Services,PayPay has very poor Customer Service,"PayPay has very poor Customer Service. I would never recommend this App to anyone. They claim to offer services to deposit money, pay bills, pay people and then they shut you down for doing just that. If I could, I would rate them a zero",1,"August 3, 2026",6a73440a3ee8403df5dc2df9,Lori Crawford,Negative,237,-1,paypay poor customer service would never recommend app anyone claim offer services deposit money pay bills pay people shut could would rate zero,23,144
PayPal,Financial Services,Terrible platform,"Terrible platform. They have completely meaningless security checks, zero customer support, and nothing works with PayPal. The only thing you get from them is lost nerves and total stress.",1,"August 5, 2026",6a7315d5f98372bedf9c794b,Lina Milićević,Negative,188,-1,terrible platform completely meaningless security checks zero customer support nothing works paypal thing get lost nerves total stress,18,134
PayPal,Financial Services,"Trusted PayPal for years, not anymore","Got scammed, and PayPal just auto-closes cases. It is easier for companies to abuse PayPal rules. I got fake concert tickets, and PayPal told me that since they were delivered there is no problem. Then I reopened the case saying the tickets were not as described, and the seller just told PayPal that the tickets (fake) had the name on them as I ordered. So again auto-closed. I used to rely on making payments via PayPal, since I knew that in any case they would support me. But not anymore. Their customer service is another dead end. I ask them to connect me with a manager, they just ignore it and close the chat.",1,"August 4, 2026",6a72fca93b74d8f7cdd84ede,Turan,Negative,617,-1,got scammed paypal auto closes cases easier companies abuse paypal rules got fake concert tickets paypal told since delivered no problem reopened case saying tickets not described seller told paypal tickets fake name ordered auto closed used rely making payments via paypal since knew case would support not anymore customer service another dead end ask connect manager ignore close chat,60,387
PayPal,Financial Services,One star is too many this company is…,One star is too many this company is the worst company on the planet I hate it with a passion,1,"August 5, 2026",6a72f4833d9f6775d6cdda59,Mark,Negative,93,-1,one star many company worst company planet hate passion,9,55
PayPal,Financial Services,Permanently Banned with No Explanation,"My experience with PayPal has been extremely disappointing. My account was permanently banned, and I was never given a clear explanation for why. As far as I know, I did not violate PayPal's Terms and Conditions, yet I was permanently restricted from using the service.
What frustrates me most is the lack of transparency and the inability to meaningfully appeal the decision. Being permanently banned without a specific explanation or a fair opportunity to challenge it left me feeling powerless and unheard.
I've also learned that other people I know have had similar experiences, which makes me question whether PayPal's account review process is consistently fair and transparent. While I can't speak to the reasons behind anyone else's case, the pattern I've personally observed has raised concerns for me.
I believe customers deserve clear communication, an explanation for major account actions, and a genuine appeals process. Until those areas improve, I cannot recommend PayPal based on my experience.",1,"August 5, 2025",6a72ca003da3573722c9e8f5,Christopher N Ignatius,Negative,1010,-1,experience paypal extremely disappointing account permanently banned never given clear explanation far know not violate paypal's terms conditions yet permanently restricted using service frustrates lack transparency inability meaningfully appeal decision permanently banned without specific explanation fair opportunity challenge left feeling powerless unheard also learned people know similar experiences makes question whether paypal's account review process consistently fair transparent can't speak reasons behind anyone else's case pattern personally observed raised concerns believe customers deserve clear communication explanation major account actions genuine appeals process areas improve cannot recommend paypal based experience,89,739
PayPal,Financial Services,DO NOT USE PAYPAL FOR ANYTHING!,"I agree with so many that if I could give negative ratings I would.

First - highest interest charge possible. If you own them 3k , no way you will be able to pay off with any kid of payment except lump sum. They tweak their APR in a way where they trap you for ever.

Second - customer service sucks. Opened up a case about merchant charging me, provided proof and instead of blocking transaction they just paid the merchant and told me.. oh well , looks legit. But if the customer tells you that it’s not.. then it’s not.. how do you give away my money to everyone ???

They suck suck suck. PayPal !! If I can tell this to the face of a CEO and the entire board I would. You all suck!! Your service sucks! There is nothing human about your company and service.",1,"October 1, 2025",6a725c292d02035a1813e4e8,Gene,Negative,762,-1,agree many could give negative ratings would first highest interest charge possible 3k no way able pay kid payment except lump sum tweak apr way trap ever second customer service sucks opened case merchant charging provided proof instead blocking transaction paid merchant told oh well looks legit customer tells not not give away money everyone suck suck suck paypal tell face ceo entire board would suck service sucks nothing human company service,72,449
PayPal,Financial Services,Unfortunately they are scam artist's…,Unfortunately they are scam artist's they don't bother to take playmate's then charge £12 I would recommend never use the credit side of PayPal the are a joke,1,"August 4, 2026",6a7246afe735afe4c1c64eef,Matt,Negative,158,-1,unfortunately scam artist's don't bother take playmate's charge 12 would recommend never use credit side paypal joke,17,116
PayPal,Financial Services,I paid my PayPal balance in full,"I paid my PayPal balance in full. They took the money, cleared my balance and then refunded it to my account. They then charged me a late payment fee. I then tried to close my account but the telephone number for PayPal credit is invalid. I tried to set up my direct debit again to pay the balance and it kept saying that I already had a bank account attached. PayPal are the biggest frauds ever. I’m trying to pay off the account and close it but they just won’t let me.",1,"July 23, 2026",6a723edbd367ab1be03f46dd,Iwan Roberts,Negative,471,-1,paid paypal balance full took money cleared balance refunded account charged late payment fee tried close account telephone number paypal credit invalid tried set direct debit pay balance kept saying already bank account attached paypal biggest frauds ever trying pay account close let,43,285
PayPal,Financial Services,Absolutely horrible,"Absolutely horrible. I will never use PayPal again. The customer service is terrible, and the website is very confusing.",1,"August 4, 2026",6a72381de4bfca3f2eb223cd,Jason Walters,Negative,120,-1,absolutely horrible never use paypal customer service terrible website confusing,10,80
PayPal,Financial Services,I got banned from PayPal for no reason,When I was checking my PayPal account my account got banned for no reason just because I wasn’t using it as much and tried to call PayPal customer service to be able to either reactivate or close the account and make a new one. So they decide to keep my account banned and not using PayPal services at all. I wouldn’t not recommend them and use a different payment service since there payment service is completely out of date.,1,"August 4, 2026",6a721454f298d9736e818f5c,xdhunter,Negative,427,-1,checking paypal account account got banned no reason using much tried call paypal customer service able either reactivate close account make new one decide keep account banned not using paypal services not recommend use different payment service since payment service completely date,42,283
PayPal,Financial Services,PayPal protects their client not the consumer.,"My experience is Paypal protects their client, not the consumer. Paypal is not to be trusted if a person makes a purchase and doesn't receive the item. It doesn't matter if you payprotect.",1,"August 4, 2026",6a72007a052df0860fb9f2af,Ladd Leasia,Negative,188,-1,experience paypal protects client not consumer paypal not trusted person makes purchase doesn't receive item doesn't matter payprotect,18,134
PayPal,Financial Services,I have been unable to access my…,"I have been unable to access my account. I attempted to reset my password, but the system repeatedly stated that it did not recognise my details. After spending a considerable amount of time trying to find a customer service contact number, I finally managed to get through to your automated system, which did recognise my details—clearly confirming that my account exists. However, after waiting on hold, I was disconnected twice without receiving any assistance.

This level of customer service is completely unacceptable. It is extremely frustrating that your company appears to have made it unnecessarily difficult for customers to obtain support when problems arise. While you have no difficulty taking customers' money, you seem to have invested very little in providing effective customer service when it is actually needed.

As a result of this experience, I have lost confidence in your company. Customers deserve accessible support, reliable systems, and timely assistance—not endless obstacles and automated processes that fail when they are needed most. I expect this issue to be resolved promptly and for you to review the way you support your customers, as my experience falls well below the standard I would reasonably expect.",1,"August 4, 2026",6a71fd790c6f6a640de785dd,Mr Daniel Haubensack,Negative,1241,-1,unable access account attempted reset password system repeatedly stated not recognise details spending considerable amount time trying find customer service contact number finally managed get automated system recognise details clearly confirming account exists however waiting hold disconnected twice without receiving assistance level customer service completely unacceptable extremely frustrating company appears made unnecessarily difficult customers obtain support problems arise no difficulty taking customers' money seem invested little providing effective customer service actually needed result experience lost confidence company customers deserve accessible support reliable systems timely assistance not endless obstacles automated processes fail needed expect issue resolved promptly review way support customers experience falls well standard would reasonably expect,107,878
PayPal,Financial Services,Worst company i don't recommend them!,Worst company i don't recommend them!,1,"August 4, 2026",6a71d760421d5e801927b3f0,Michalis Charalambous,Negative,37,-1,worst company don't recommend,4,29
PayPal,Financial Services,They do not read issues properly and…,They do not read issues properly and just close the case as resolved when it is not. Customer service is as much use as a chocolate teapot too. 🙄,1,"August 3, 2026",6a71cced95430af11464474b,samanalex,Negative,145,-1,not read issues properly close case resolved not customer service much use chocolate teapot,14,91
PayPal,Financial Services,PayPal Sides with dishonest sellers,"I purchased an item from an international seller that arrived damaged due to clearly inadequate packaging. When I raised a dispute through PayPal, I was told I must pay return postage to receive a refund — despite the seller advertising free returns and PayPal's own buyer protection guarantees.
PayPal has effectively sided with a dishonest seller and made me financially responsible for their failure to package goods adequately. I did not damage this item. The seller's poor packaging did. Yet I am the one bearing the cost.
This experience reveals PayPal's buyer protection for what it is — a marketing promise that dissolves the moment it's actually tested. International sellers operating under false return policies are being actively facilitated by PayPal's dispute resolution process, which appears designed to discourage legitimate claims rather than resolve them fairly.
I will be using alternative payment methods for any future international purchases.
layla",1,"August 4, 2026",6a71b0f222cbd5aa3d239190,Layla Vardo,Negative,971,-1,purchased item international seller arrived damaged due clearly inadequate packaging raised dispute paypal told must pay return postage receive refund despite seller advertising free returns paypal's buyer protection guarantees paypal effectively sided dishonest seller made financially responsible failure package goods adequately not damage item seller's poor packaging yet one bearing cost experience reveals paypal's buyer protection marketing promise dissolves moment actually tested international sellers operating false return policies actively facilitated paypal's dispute resolution process appears designed discourage legitimate claims rather resolve fairly using alternative payment methods future international purchases layla,90,738
PayPal,Financial Services,Horrible customer service for handling…,"Horrible customer service for handling dispute. PayPal duty is to protect buyers from fraud sellers. Received Magcubic projector not good quality and within my 30 day grace period informed seller who refused to accept. Raised case and PayPal raised dispute case, seller started informing close the case and will refund the money. I submitted all documents as proof. PayPal asked more evidence what more evidence you need. Sent emails, invoice etc. and PayPal didn't bother checking but closed case due to insufficient proof. What more do you want I come to your office and show you the projector quality!? PayPal only cares one thing how many cases they close per day not about honesty. Very disappointed and will use other payment vendors. Do Not Recommend PayPal!?",1,"July 31, 2026",6a719566fc45870c4123267d,Amit Dattani,Negative,766,-1,horrible customer service handling dispute paypal duty protect buyers fraud sellers received magcubic projector not good quality within 30 day grace period informed seller refused accept raised case paypal raised dispute case seller started informing close case refund money submitted documents proof paypal asked evidence evidence need sent emails invoice etc paypal didn't bother checking closed case due insufficient proof want come office show projector quality paypal cares one thing many cases close per day not honesty disappointed use payment vendors not recommend paypal,84,579
PayPal,Financial Services,Not reliable for sending money quickly,"Have used PayPal for 23 years without issue.

Recently using their services is becoming more difficult.

If you need to send and receive money and need it quick I wouldn't rely on PayPal anymore. They have started reviewing payments (which is fine) but it takes them days to do this so you are without your money in this time.

If you need to send and receive money quicker I would use alternative methods.",2,"August 3, 2026",6a7194851a81dcda04a99269,Dr Nicole,Negative,406,-1,used paypal 23 years without issue recently using services becoming difficult need send receive money need quick wouldn't rely paypal anymore started reviewing payments fine takes days without money time need send receive money quicker would use alternative methods,39,265
PayPal,Financial Services,Receive 2 months payment from…,"Receive 2 months payment from upseo,then they ask me to submit documents to prove my income source,after I submit my file they ban my account, totally a trash website",1,"August 4, 2026",6a7190174b6fe18536cc4b81,鍾秉勳,Negative,166,-1,receive 2 months payment upseo ask submit documents prove income source submit file ban account totally trash website,18,117
PayPal,Financial Services,I was overcharged by a co called…,I was overcharged by a co called fonslife so I contacted PayPal who I paid through and they were not interested in settling my problem everything is on so called live chat they keep you waiting for ages I even rang PayPal and was told waiting time 5 minutes after a hour I was cut of so have cancelled my PayPal account,1,"July 4, 2026",6a717e59dc4babc62cb23c46,Anthony Doherty,Negative,319,-1,overcharged co called fonslife contacted paypal paid not interested settling problem everything called live chat keep waiting ages even rang paypal told waiting time 5 minutes hour cut cancelled paypal account,31,209
PayPal,Financial Services,As usual very smooth,"As usual very smooth. The only thing, I needed to edit slightly my address and I wasn't able to. Can Pay Pal help?",5,"August 3, 2026",6a70cdd5453aafdf3b09ed8b,MARIO,Positive,114,1,usual smooth thing needed edit slightly address wasn't able pay pal help,12,72
PayPal,Financial Services,Terrible customer service,Terrible customer service. Opened despute as received wrong item of furniture and company would not accept fault or offer solution. Without any discussion paypal decided I had to send item back at my own cost. I responded to say as I didnt order item the company would need to arrange delivery and given their lack of interest in sorting I didnt belive they would refund the item if I returned it. Again no discussion and paypal closed case in sellers favour as I didnt provide tracking number. According to their customer services I am legally responsible for meeting the cost of return for an item I didnt order. Not true. Cant reason with them they just cut me off. No protection at all,1,"August 3, 2026",6a70c60d1a536ba5c73f92bb,CHRIS NASH,Negative,689,-1,terrible customer service opened despute received wrong item furniture company would not accept fault offer solution without discussion paypal decided send item back cost responded say didnt order item company would need arrange delivery given lack interest sorting didnt belive would refund item returned no discussion paypal closed case sellers favour didnt provide tracking number according customer services legally responsible meeting cost return item didnt order not true cant reason cut no protection,73,507
PayPal,Financial Services,PayPal,"PayPal , restriction my account and won’t allow me to withdraw my funds for 120 days is ridiculous, this should be illegal. I don’t recommend no one to use PayPal EVER.",1,"July 31, 2026",6a70c35f2036afe26adddc39,Lisa,Negative,168,-1,paypal restriction account allow withdraw funds 120 days ridiculous illegal recommend no one use paypal ever,16,108
PayPal,Financial Services,"After 11 years with PayPal, I want nothing more to do with them ever again.","I have been with PayPal for over 11 years, I recently had several fraudulent charges to my account. I immediately, within 15-20 minutes, reported the transactions. It has now been over a month now that I have been waiting for PayPal to correct this. Since I reported this, my account has had a negative balance, which my account has NEVER been in the negative. I am hearing complete lies from customer service, and I am now being held hostage, as I am not allowed to closed my account until they take their time to close the disputes that are open. They will not let me close my account and just send me a check or send my money to the other ebanks I have on file. During all of this, I was either hung up on or disconnected with no one making any attempts to contact me back. I suggest if you want a financial institution that will protect your money, and be as loyal to you as you are them, do not use PayPal, and I suggest do not use synchrony who is paypal's parent company. After 11 years with PayPal, I want nothing more to do with them ever again.",1,"August 3, 2026",6a70c306034dcb1084b7467f,Chula chaser,Negative,1054,-1,paypal 11 years recently several fraudulent charges account immediately within 15 20 minutes reported transactions month waiting paypal correct since reported account negative balance account never negative hearing complete lies customer service held hostage not allowed closed account take time close disputes open not let close account send check send money ebanks file either hung disconnected no one making attempts contact back suggest want financial institution protect money loyal not use paypal suggest not use synchrony paypal's parent company 11 years paypal want nothing ever,85,586
PayPal,Financial Services,PayPal protection is useless,Opened a dispute with PayPal for an item that I purchased via PayPal. Wrong item was delivered and seller not playing ball. PayPal intervened and said that they would refund my money only when I have returned the item. It will cost me £45 to return a £83 item (then I have to hope that seller refund is honoured). Seller keeps ignoring my emails for a pre paid return label Contacted PayPal who say I need to return the item. PayPal have said I have 10 days to return the item or the case will be closed. All I need is for PayPal to get seller to send out a pre paid return label and the item will be shipped back to seller on same day. PayPal say the case is now waiting for me to provide shipping company details and tracking number and there is no option to discuss or update the case without forking out the £45 to ship it myself. So the PayPal protection is useless. It looks like I have a £83 item that is of no use to me. Will not be using PayPal in future unless I gave no other option. Not a happy customer,1,"August 3, 2026",6a70a9f98583247c0a721277,Peter Ingram,Negative,1015,-1,opened dispute paypal item purchased via paypal wrong item delivered seller not playing ball paypal intervened said would refund money returned item cost 45 return 83 item hope seller refund honoured seller keeps ignoring emails pre paid return label contacted paypal say need return item paypal said 10 days return item case closed need paypal get seller send pre paid return label item shipped back seller day paypal say case waiting provide shipping company details tracking number no option discuss update case without forking 45 ship paypal protection useless looks like 83 item no use not using paypal future unless gave no option not happy customer,106,655
PayPal,Financial Services,Paypal 100% favour the Merchant,"Paypal 100% favour the Merchant
Ordered pack of 6 soaps on ebay from listing . On the listing showing th 6 soaps was a picture of a Just William book ?? No details on the listing no price just a picture . As the soaps were cheapest on ebay so ordered and received order confirmation for the soaps . 2 hours later @ 11.54 pm (long since gone to bed ) an ordwer confimation on my email for the book and money taken via Paypal ?? Complained to both ebay sellers who denied any knowledge of each other yet both payments went through Paypal at exactly the same time . Set up a complaint via Paypal for unauthorised payment and within hours had a decision saying they found in favour of the seller as I had authorised the payment ??? no appeal allowed . Have since had refunds from both ebay sellers still with no admission of their link up . Very disappointed by Paypal as now having looked at reviews obviously if a problem occurs you are on your own . No reply expected from Paypal as it is obvious from the number of people let down they are there to protect the merchant",1,"August 3, 2026",6a7097c2f202a21dc0fa8763,Rod Guise,Negative,1069,-1,paypal 100 favour merchant ordered pack 6 soaps ebay listing listing showing th 6 soaps picture william book no details listing no price picture soaps cheapest ebay ordered received order confirmation soaps 2 hours later 11 54 pm long since gone bed ordwer confimation email book money taken via paypal complained ebay sellers denied knowledge yet payments went paypal exactly time set complaint via paypal unauthorised payment within hours decision saying found favour seller authorised payment no appeal allowed since refunds ebay sellers still no admission link disappointed paypal looked reviews obviously problem occurs no reply expected paypal obvious number people let protect merchant,104,692
PayPal,Financial Services,Disappointing Customer Support,"PayPal has a bug on their website. Their form is not able to simply add a Phone number for users of our Business Account - neither in Chrome, Opera nor Firefox. We are told my colleagues will loose access. We tried to contact customer support, the AI chatbot is next to useless. Doesn't understand our problem, we cannot upload a screenshot to explain the problem nor be connected to a human being. When we call their support, they said to try in Chrome again - which we know it doesn't work - and we told them. Then they simply hang up on us with the problem unsolved. Honestly, this is unacceptable.",1,"August 2, 2026",6a70950fb0e690f152927b3e,Cyrill,Negative,601,-1,paypal bug website form not able simply add phone number users business account neither chrome opera nor firefox told colleagues loose access tried contact customer support ai chatbot next useless doesn't understand problem cannot upload screenshot explain problem nor connected human call support said try chrome know doesn't work told simply hang us problem unsolved honestly unacceptable,57,390
PayPal,Financial Services,Keeping money that is not theirs,"They deactivated my account for no reason and now there is no way to contact them to retrieve the money that was sent to me from a 3rd party. They have made it impossible to speak, email or write to them so I cannot even get the money paid back to the 3rd Party.",1,"July 15, 2026",6a705ed15fe20cf106ff558d,Kaye,Negative,262,-1,deactivated account no reason no way contact retrieve money sent 3rd party made impossible speak email write cannot even get money paid back 3rd party,25,150
PayPal,Financial Services,BIASED IRRECONCILABLE COMPANY,"One star is very OVERRATED!! I have NOT received my alleged delivery since 2026.06.05_08.34. I complained to PayPal, including a dispute. Because the merchant had a POD (Place of Dumping) that I disputed and proved was not me, it was not good enough; PayPal's biased attitude favoured the merchant. As for the auexecutiveescalations has NEVER EVER replied, enhancing my point. Clearly, speaking about SCAMMERS, PayPal should look in their own backyard first!!!!",1,"June 5, 2026",6a704329f4384e22df68c1c6,CyberNaut WA,Negative,461,-1,one star overrated not received alleged delivery since 2026 06 05 08 34 complained paypal including dispute merchant pod place dumping disputed proved not not good enough paypal's biased attitude favoured merchant auexecutiveescalations never ever replied enhancing point clearly speaking scammers paypal look backyard first,45,324
PayPal,Financial Services,"Caused so much more hassle. Pathetic, useless.","Updated review.
Absolute waste of time dealing with these people. Had trouble with an Ebay order. Asked Paypal to step in. They have done nothing in over two weeks. Now the items (the company clearly didn't have in stock but pretended they had) and which I've bought elsewhere, have arrived and I cannot return them because Paypal are involved and have done nothing, in nearly three weeks. PATHETIC.
Absolutely pathetic.",1,"July 21, 2026",6a703255d0a3fbc534840460,SteE,Negative,420,-1,updated review absolute waste time dealing people trouble ebay order asked paypal step done nothing two weeks items company clearly didn't stock pretended bought elsewhere arrived cannot return paypal involved done nothing nearly three weeks pathetic absolutely pathetic,38,270
PayPal,Financial Services,Do not use them.,"If everything is done according to their system, they are actually good. However, if you need to get a refund that you are entitled to, they will make it is as difficult as possible. Instead of refunding into my preferred credit card, they will ask you to set up a bank account with them. Then the fun and games begin, they will make it extremely difficult to get your bank account set up. There is no assistance even when you get to a human ( supposedly). I get the distinct feeling they want to hang on to my refund and it is stressful. My case is still not resolved and I wonder if they would actually refund the money. So stay away and do not use them. My complaint is common, so they have not tried to improve and seems to be standard operating procedure.",1,"August 3, 2026",6a702c8f8d65f58b8714627f,Michael Cho,Negative,760,-1,everything done according system actually good however need get refund entitled make difficult possible instead refunding preferred credit card ask set bank account fun games begin make extremely difficult get bank account set no assistance even get human supposedly get distinct feeling want hang refund stressful case still not resolved wonder would actually refund money stay away not use complaint common not tried improve seems standard operating procedure,68,461
PayPal,Financial Services,Very pathetic and poor services for…,Very pathetic and poor services for sellers. Non-professional staff and non-professional customer support. They have just name and their service are very poor and very bad. Even I submitted all leal an govt issued documents but they are still deactivating my account and leading my business towards loss. Simply if I say this company is a scam and not good for any startup or business.,1,"August 3, 2026",6a7013c0052c51c1f8df8274,Techno clicks,Negative,385,-1,pathetic poor services sellers non professional staff non professional customer support name service poor bad even submitted leal govt issued documents still deactivating account leading business towards loss simply say company scam not good startup business,36,258
PayPal,Financial Services,paypal will not accept my payments…,"paypal will not accept my payments REALLY !??? what company turns down MONEY ?? Now they are asking for your bank login user name and password to your bank account just to add your bank to the paypal account VERY FOOLISH THING TO DO ! as high as idenity theft is. DO NOT GIVE YOUR BANK LOGIN INFO ! I have NEVER missed a payment with pay pal , and this is how they treat you ! , I will be closing the account for Good , and start using affirm payment plan. Paypal a bunch of IDIOTS !",1,"July 29, 2026",6a6fdf3a6c828994ce2567c7,"george-Gary, Indiana",Negative,483,-1,paypal not accept payments really company turns money asking bank login user name password bank account add bank paypal account foolish thing high idenity theft not give bank login info never missed payment pay pal treat closing account good start using affirm payment plan paypal bunch idiots,47,293
PayPal,Financial Services,PayPal From a businesses Perspective,"**1 Star**

As a business, our experience with PayPal has been extremely disappointing.

Our account was placed under a reserve, resulting in approximately $9,000 of legitimate business funds being withheld. This prevented us from purchasing inventory and fulfilling customer orders, creating significant cash flow issues for our business.

We were given what we considered to be an unreasonably short timeframe of only 2–3 days to respond to requests for information. We attempted to explain that we could not fulfil the orders without access to the funds being withheld. When we spoke with frontline customer support, they acknowledged our concerns, however the account was ultimately closed through PayPal's internal process before the matter could be resolved.

As a result, we have lodged a complaint with the Australian Financial Complaints Authority (AFCA) and are considering our legal options.

In our experience, PayPal's systems lack flexibility, customer support was difficult to navigate, and there appeared to be little consideration given to the practical impact on our business or our customers. We believe there needs to be greater transparency, fairer review processes, and better support for legitimate businesses.

Based on our experience, we would not recommend PayPal as a payment provider for businesses that rely on timely access to their operating funds.",1,"August 3, 2026",6a6fd82d70f95b63228b9df1,Charlie Falk,Negative,1379,-1,1 star business experience paypal extremely disappointing account placed reserve resulting approximately 9 000 legitimate business funds withheld prevented us purchasing inventory fulfilling customer orders creating significant cash flow issues business given considered unreasonably short timeframe 2 3 days respond requests information attempted explain could not fulfil orders without access funds withheld spoke frontline customer support acknowledged concerns however account ultimately closed paypal's internal process matter could resolved result lodged complaint australian financial complaints authority afca considering legal options experience paypal's systems lack flexibility customer support difficult navigate appeared little consideration given practical impact business customers believe needs greater transparency fairer review processes better support legitimate businesses based experience would not recommend paypal payment provider businesses rely timely access operating funds,121,999
PayPal,Financial Services,Awful Service,"This use to be a safe, headache free way to make payments, now it is the opposite",1,"August 2, 2026",6a6fa477226baa893151841b,rbny87,Negative,81,-1,use safe headache free way make payments opposite,8,49
PayPal,Financial Services,Paid for some sandals using PayPals,"Paid for some sandals using PayPal. Thought my money was protected but NO, the sandals broke the first time I wore them, I contacted the seller but all they would offer was a refund if I sent them back to China (company said they were in USA), I explained that the return would be too expensive and received another email saying the same thing. I contacted PayPal who opened a case and contacted the seller, the seller wanted me to close the case in order to release the payment so that they could refund me, I refused because I didn’t trust them so I escalated to a claim, I uploaded a photo of the broken sandals with the reason for escalating to a claim as ‘damaged/ broken / not as described but PayPal denied my claim and now I have now to go! The seller still hasn’t had the money though and it’s not the first time that a seller doesn’t get the money despite a dispute being ruled in their favor",1,"July 30, 2026",6a6f842e14e4e407409fd456,Jane Coulter,Negative,902,-1,paid sandals using paypal thought money protected no sandals broke first time wore contacted seller would offer refund sent back china company said usa explained return would expensive received another email saying thing contacted paypal opened case contacted seller seller wanted close case order release payment could refund refused trust escalated claim uploaded photo broken sandals reason escalating claim damaged broken not described paypal denied claim go seller still money though not first time seller get money despite dispute ruled favor,81,548
PayPal,Financial Services,Bought a citizen watch online from a…,Bought a citizen watch online from a London based seller. When it finally arrived it was obviously counterfeit. I raised a ticket with PayPal and after providing photographic and email evidence of my purchase and poor quality of goods. The seller insisted that I have the watch examined and certified by a jeweller with copy's of their own qualifications and business resume. A service that in the UK usually costs in the region of £250/450 far out weighing the cost of the item. When I pointed this out I was ignored and PayPal eventually found in favour of the seller.,1,"June 11, 2026",6a6f6109886e4b6d260b1f53,Dave T,Negative,570,-1,bought citizen watch online london based seller finally arrived obviously counterfeit raised ticket paypal providing photographic email evidence purchase poor quality goods seller insisted watch examined certified jeweller copy's qualifications business resume service uk usually costs region 250 450 far weighing cost item pointed ignored paypal eventually found favour seller,50,377
PayPal,Financial Services,Paypal helps scammer reverse lookup to…,"Paypal helps scammer reverse lookup to scam you
When you report money taken without your consent by reverselookup.com paypal say you signed agreement which I never did so far as I'm concerned paypal is unsafe site now as they as corrupt as reverselookup.com they both I have reported to fraud uk think it about time paypal answers to there scamming help to fraudsters",1,"August 2, 2026",6a6f5c8546d2c70e3422976c,Freedom Spirit,Negative,367,-1,paypal helps scammer reverse lookup scam report money taken without consent reverselookup com paypal say signed agreement never far concerned paypal unsafe site corrupt reverselookup com reported fraud uk think time paypal answers scamming help fraudsters,36,255
PayPal,Financial Services,Was (past tense) with them from 2004..,"Was (past tense) with them from 2004... and had two accounts one for personal and one for commercial!

But... They went the way of the AI goofy bird = Artifical ... and went totally defink, and 100% totally use-less for doing any transactions out or into either account, for any payments, or money transferring to either account,
So by buy, forever!",1,"November 3, 2025",6a6f52f243202908fdff6fbf,David Allen,Negative,349,-1,past tense 2004 two accounts one personal one commercial went way ai goofy bird artifical went totally defink 100 totally use less transactions either account payments money transferring either account buy forever,32,213
PayPal,Financial Services,Probably the worst company i've had to…,"Probably the worst company i've had to deal with, used it only to get paid from twitch, for 2 years worked fine, now i stopped streaming, moved countries and have to close the account, removed it from twitch, removed all the cards, everything in the account is gone, yet they dont allow me to close it to create a new one. Live agents are incompetent as hell and take forever to respond, just remove all your cards and use Wise or revolut, paypal has ran its life.
If you dont have an account, dont bother creating it.",1,"August 2, 2026",6a6f467b9622db478aba2e57,Miguel Arnaud,Negative,518,-1,probably worst company deal used get paid twitch 2 years worked fine stopped streaming moved countries close account removed twitch removed cards everything account gone yet dont allow close create new one live agents incompetent hell take forever respond remove cards use wise revolut paypal ran life dont account dont bother creating,52,335
PayPal,Financial Services,I recently signed up for PayPal Credit…,"I recently signed up for PayPal Credit as you could set up a direct debit to automatically pay your balance at the end of the month. The chaos in setting up the direct debit has been unbelievable.

The first direct debit was entered into the system but didn’t work so I deleted it. When a second was set up by PayPal staff, it was going to pay on the wrong date so it too was cancelled. On the 1 August (yesterday) with no Direct debits functioning I went to pay my balance outstanding but couldn’t because the PayPal Credit account messaged that the full balance had already been scheduled. I went to the direct debit section which said the direct debit was active which it could not have been. It also said “we’re working on it”. To avoid late payment penalties I paid the minimum under the direction of PayPal staff. This morning I get email notification that this minimum payment had been rejected. The email explained that “If you have already paid your minimum payment for this statement, no late payment fee will be applied to your account, and we won't report it to the Credit Reference Agencies”. Unfortunately, with no direct debit and attempts to pay directly being rejected, I suspect PayPal credit will indeed try to impose fees and interest.

I have registered a complaint with PayPal which itself was not a breeze and there are 2 issues to be aware of. The complaint section does not give you sufficient characters in the “complaint” and “what would you like us to do” boxes to give a sufficient account. Secondly, at least 3 times whilst in the process of trying to lodge the complaint, I was logged out of my account and lost the partially completed complaint. I’d like to conclude that my experience has been nothing more sinister than utter incompetence and you don’t get the courtesy of an acknowledgement when you lodge your complaint.

Finally, I keep getting notifications from PayPal that I have a message. It seems that every time you open the message centre, it generates a new message and notifies you. It’s self perpetuating and ridiculous.",1,"August 1, 2026",6a6f4669787ecc8dc4ed7280,peter squires,Negative,2068,-1,recently signed paypal credit could set direct debit automatically pay balance end month chaos setting direct debit unbelievable first direct debit entered system work deleted second set paypal staff going pay wrong date cancelled 1 august yesterday no direct debits functioning went pay balance outstanding paypal credit account messaged full balance already scheduled went direct debit section said direct debit active could not also said working avoid late payment penalties paid minimum direction paypal staff morning get email notification minimum payment rejected email explained already paid minimum payment statement no late payment fee applied account won't report credit reference agencies unfortunately no direct debit attempts pay directly rejected suspect paypal credit indeed try impose fees interest registered complaint paypal not breeze 2 issues aware complaint section not give sufficient characters complaint would like us boxes give sufficient account secondly least 3 times whilst process trying lodge complaint logged account lost partially completed complaint like conclude experience nothing sinister utter incompetence get courtesy acknowledgement lodge complaint finally keep getting notifications paypal message seems every time open message centre generates new message notifies self perpetuating ridiculous,184,1335
PayPal,Financial Services,I didn’t receive my order I complained…,"I didn’t receive my order I complained to PayPal they make a case about for 16 days,I got response from them I lost my case, I complained again another 16 days I ask for prove of delivery they said was delivered to my house, they are in favor of companies this wasn’t the first time as been multiple times they failed to protect me, I don’t use them again",1,"August 2, 2026",6a6f378dc8b4336a96044a31,Jose Varela,Negative,355,-1,receive order complained paypal make case 16 days got response lost case complained another 16 days ask prove delivery said delivered house favor companies first time multiple times failed protect use,31,200
PayPal,Financial Services,Stick with credit cards - it's safer,Been using PayPal for 21 years. So clearly fine until I hit a problem with supplier where I'd used PayPal to pay for goods. Found you don't get Section 75 Consumer Protection with PayPal. Also found you don't get to speak to a human being and even though you supply all the evidence you ask for they still find in favour of the supplier - who is presumably paying their commission. Won't be using them again,1,"August 1, 2026",6a6e7bf47d8b1187b648707e,Steve,Negative,407,-1,using paypal 21 years clearly fine hit problem supplier used paypal pay goods found don't get section 75 consumer protection paypal also found don't get speak human even though supply evidence ask still find favour supplier presumably paying commission won't using,41,264
PayPal,Financial Services,Been with them since 2018 they sick n I…,Been with them since 2018 they sick n I just deleted my account. Please do not use them at all,1,"August 1, 2026",6a6e7bd9d53354c8f5423e39,Kimberly Fiorenzi,Negative,94,-1,since 2018 sick n deleted account please not use,9,48
PayPal,Financial Services,Found in seller favour of a brand new with tags item and delivered a 2023 rusty pile of rubbish,"I will be using paypal very little and only as a last desperate resort in future, I bought an item what was sold as brand new with tags, what i recieved was 2 years old, rusty with major faults, i put a claim in with paypal and guess what they said, its nearly as described , its nothing missing and no faults, even thuogh i sent the proof for everything i said, i even told the seller i am withdrawing during the first 14 days, i tried to work with the seller for a partial refund but he was taking the pi** , i put another appeal in to paypal thinking that a computer must have gone through my first appeal and again paypal took the side of the seller , how can someone be allowed to sell an item brand new with tags, and its 2023 with rust , paypal you have shown me that you are a total disgrace, you hide behind it was as described when clearly it was not, you have lost 99.9 per cent of my custom . N Chadwick",1,"July 31, 2026",6a6e51056889e8e28c29220c,ItzNathan,Negative,915,-1,using paypal little last desperate resort future bought item sold brand new tags recieved 2 years old rusty major faults put claim paypal guess said nearly described nothing missing no faults even thuogh sent proof everything said even told seller withdrawing first 14 days tried work seller partial refund taking pi put another appeal paypal thinking computer must gone first appeal paypal took side seller someone allowed sell item brand new tags 2023 rust paypal shown total disgrace hide behind described clearly not lost 99 9 per cent custom n chadwick,91,557
PayPal,Financial Services,Reliable buyer protection when…,"Reliable buyer protection when merchants let you down.I highly recommend PayPal for their excellent dispute resolution. When DoorDash delivered an order to the wrong address and wrongfully denied my refund claim despite ring camera footage that I submitted that recorded the entire conversation, PayPal stepped in to protect my funds. As a personal shopper, having a payment network that actively fights for its users against bad customer service is invaluable. Five stars for their support and fraud protection!",5,"August 1, 2026",6a6e111671a2c32022f5a9cc,SHARI L. BURGESS,Positive,512,1,reliable buyer protection merchants let highly recommend paypal excellent dispute resolution doordash delivered order wrong address wrongfully denied refund claim despite ring camera footage submitted recorded entire conversation paypal stepped protect funds personal shopper payment network actively fights users bad customer service invaluable five stars support fraud protection,48,381
PayPal,Financial Services,They are on the site of scammers now…,They are on the site of scammers now because i was scammed out of some Chinese company by using their PayPal to buy grass seed but they sent me some thing that i couldn’t find and first i bought 1 bag but they charged me more than one bags and then i reported to PayPal about their service and warned PayPal about their scam but PayPal still give them my money so PayPal can get percent out of it.,1,"July 1, 2026",6a6de17387e3a7ff11d2655b,Hien Nguyen,Negative,397,-1,site scammers scammed chinese company using paypal buy grass seed sent thing find first bought 1 bag charged one bags reported paypal service warned paypal scam paypal still give money paypal get percent,33,203
PayPal,Financial Services,Do NOT bother getting a PayPal Credit…,Do NOT bother getting a PayPal Credit Card. Isn't accepted anywhere and have had constant problems with transactions,1,"August 1, 2026",6a6dd06e63c6803db5348fd3,hugo tang,Negative,116,-1,not bother getting paypal credit card isn't accepted anywhere constant problems transactions,12,92
PayPal,Financial Services,Don't use paypal,"Don't use paypal, this is a legit review
They charge you a 3% fee for keeping your money safe and they didnt't,
it says 180 days money back guaranteed if you list it down as goods and services and I did and they refused to give my my money back.
Now i'm £50k in the hole after buying a business and they say I can't have my money back, also the court surprisingly said I couldn't have my money back",1,"August 1, 2026",6a6da029a688469d47894985,Joseph Weir,Negative,398,-1,don't use paypal legit review charge 3 fee keeping money safe didnt't says 180 days money back guaranteed list goods services refused give money back 50k hole buying business say can't money back also court surprisingly said couldn't money back,40,244
PayPal,Financial Services,You can really feel the fleecing.....,"The ultimate HAS-BEEN of the financial world, they will absolutely fleece you in the very first transaction because they KNOW you'll never use them again once you've used them once. They've fallen behind the competition so ripping everybody off is all they have left.",1,"August 1, 2026",6a6d9ef69c56e0f7a8cc9039,Ian B,Negative,267,-1,ultimate financial world absolutely fleece first transaction know never use used fallen behind competition ripping everybody left,17,129
PayPal,Financial Services,I paid an outstanding balance and…,"I paid an outstanding balance and PayPal took the money out again. Now I have no money in my bank account and several bills I need to pay. I’ve been told this probably won’t be rectified for over a week. PayPal has thrown me into debt and I’m terrified. I cannot pay my bills. Customer services keeps insisting they cannot do anything. They had no issue taking our several hundred pounds from my bank account, but solve the issue? They can’t do anything right now.

Edit: The money was taken from my account on the 30th July. It is now the 4th August. I’m receiving emails for bills that have been rejected by my bank. PayPal customer services and told me not to worry and that the money will be returned. They simply don’t care. “Don’t worry” about the debt they have put me in.

Update: now they’ve changed the date to the 14th! They’ve sent me into debt and I can’t even pay my car tax. This is unbelievable.",1,"August 1, 2026",6a6d9dab761ceed943007506,UKAccount,Negative,911,-1,paid outstanding balance paypal took money no money bank account several bills need pay told probably rectified week paypal thrown debt terrified cannot pay bills customer services keeps insisting cannot anything no issue taking several hundred pounds bank account solve issue anything right edit money taken account 30th july 4th august receiving emails bills rejected bank paypal customer services told not worry money returned simply care worry debt put update changed date 14th sent debt even pay car tax unbelievable,80,521
PayPal,Financial Services,This organisation is a disgrace and in…,"This organisation is a disgrace and in fact lies about buyer protection. I have had enough of their ""don't give a toss"" attitude and after using them exclusively for a long time, I have had enough and will NEVER use them again. Appalling organisation",1,"August 1, 2026",6a6d872cc64fae9fc3173838,Darren Dwyer,Negative,250,-1,organisation disgrace fact lies buyer protection enough don't give toss attitude using exclusively long time enough never use appalling organisation,20,148
PayPal,Financial Services,Refused a scam transaction,Refused a claim on a clearly scam transaction. Decades long customer with no claims until this one.,1,"July 17, 2026",6a6d668a88bb3f368c0e13e8,Phil,Negative,99,-1,refused claim clearly scam transaction decades long customer no claims one,11,74
PayPal,Financial Services,instant ban,"I decided to open a new account, only to be met by an instant account suspension for ""breaking terms of use"". No easy way to appeal.",1,"August 1, 2026",6a6d146fecfd7f43e8fb0384,Soul,Negative,132,-1,decided open new account met instant account suspension breaking terms use no easy way appeal,15,93
PayPal,Financial Services,Toxic customer service,"If I could have given a negative, I would. The live agent in the chat room directed me to phone representative. Phone representatives just hang up on me for NO REASON, and my problems remain unaddressed.
Don't trust the rewards shown up on their app's home page. You won't get any rewards back, and no rep is going to address your issues.",1,"July 31, 2026",6a6d0365fe886e8af46f5128,Cho Z,Negative,338,-1,could given negative would live agent chat room directed phone representative phone representatives hang no reason problems remain unaddressed don't trust rewards shown app's home page won't get rewards back no rep going address issues,35,235
PayPal,Financial Services,Absolutely horrible!,"Absolutely horrible!! Had a recurring payment on a service I only agreed to use once. Despite me contacting them, Pay Pal kept refunding me than re-paying the merchant again and again after I had canceled the service. Then put the onus on me to give them more and more information. I attempted to cancel my account SIX months at least after the issue was still not resolved and was only offered to 'escalate it to the back office' then asked me to keep checking my email for the result. On top of that, they sent me a credit card I never wanted nor asked for. I canceled it last September 2025, It is now August 2026 and I found an email in my junk folder that it was still active! IDK where this company went wrong. I used them for 22 years confidently. I am a nurse so please trust I am not in the business of a 'revenge' review. DO NOT USE THEM. If I can save anyone from going through an exhausting, unnecessary experience as I have, I will. They 100% side with sellers and scam their customers. I'm wondering if they get kick-backs at this point.",1,"July 30, 2026",6a6cee01a4d286b706b72c27,Delores Miller-Steele,Negative,1051,-1,absolutely horrible recurring payment service agreed use despite contacting pay pal kept refunding paying merchant canceled service put onus give information attempted cancel account six months least issue still not resolved offered 'escalate back office' asked keep checking email result top sent credit card never wanted nor asked canceled last september 2025 august 2026 found email junk folder still active idk company went wrong used 22 years confidently nurse please trust not business 'revenge' review not use save anyone going exhausting unnecessary experience 100 side sellers scam customers wondering get kick backs point,93,631
PayPal,Financial Services,Finance fiasco,Read the reviews people - they don't lie. Paid for an item with PayPal Credit over 2 years - one month later they took the full amount from my bank account (plus some interest they added on). No customer service at all and a useless chat bot service. Avoid these clowns,1,"July 22, 2026",6a6cd773315fa62650d28361,giles de sade,Negative,269,-1,read reviews people don't lie paid item paypal credit 2 years one month later took full amount bank account plus interest added no customer service useless chat bot service avoid clowns,31,185
PayPal,Financial Services,Threw me under the bus for their failure,"I bought some weights and had every reason to believe that payment went through automatically. I received messages later that I suspected were scammers, which is reasonable. By the time I found out it was genuine, I tried to pay several times and they did not help me with my queries or help with failing payments. I eventually made payment while struggling with their technical issues, but they have been throwing me under the bus for their own failure. I paid in full but they reported me for late payments and, to date, refuse to acknowledge that this was their own fault and that I acted in good faith.

Do not use Paypal. Ever. There are more ethical fintechs out there.

I will be taking legal action and encourage everyone who was deliberately messed about by their service to do the same, until they learn some business ethics.",1,"July 31, 2026",6a6cd0636bb156f2b2c83af1,AndyR,Negative,835,-1,bought weights every reason believe payment went automatically received messages later suspected scammers reasonable time found genuine tried pay several times not help queries help failing payments eventually made payment struggling technical issues throwing bus failure paid full reported late payments date refuse acknowledge fault acted good faith not use paypal ever ethical fintechs taking legal action encourage everyone deliberately messed service learn business ethics,65,477
PayPal,Financial Services,I tried to close my account,I tried to close my account and I could not close it unless I give them a photo ID I'm not giving PayPal my face or any money PayPal make it to hard to close and account,1,"July 31, 2026",6a6ccb7fc871c4f67f5b871e,don,Negative,169,-1,tried close account could not close unless give photo id not giving paypal face money paypal make hard close account,20,116
PayPal,Financial Services,Awesome easy to send n receive mo awesome $ service,Awesome easy to send n receive money,5,"July 31, 2026",6a6cb770e1cfd9ae51c23101,Daniel Lainez,Positive,36,1,awesome easy send n receive money,6,33
PayPal,Financial Services,Absolute failure to protect me in a phishing incident,"On July 13, 2026 I unfortunately opened an invitation in my gmail account from my sister that turned out to be phishing. The one resulting problem I encountered was significant – my PayPal account was compromised and someone ordered thousands of dollars of cell phones from the a store and charged my bank account.

Unfortunately, my first call was to PayPal. I had assumed that as a technology company PayPal would provide great support for its platform. I had no idea how mistaken I would be. PayPal would not hold or stop the transactions and someone in another state received the telephones. Within several weeks, not only had PayPal taken an unacceptable amount of time to review the transactions, they would not say that they were fraudulent.

Fortunately, I learned that my bank was, in contrast, genuinely helpful and immediately responsive. They should have been my first call!

During this process, I removed my bank account and all my cards from PayPal. For an unexplained reason (and I'm still not sure how they got access), after a couple of weeks PayPal deposited money in my bank account. Then they immediately wanted it back and began sending me debt collection emails. I was forced to reconnect a debit card to PayPal in order to return the money. That was extremely disconcerting, considering how deeply I now distrust their services.",1,"July 13, 2026",6a6ca7279dc1f40d4a57aabe,RobinMB,Negative,1352,-1,july 13 2026 unfortunately opened invitation gmail account sister turned phishing one resulting problem encountered significant paypal account compromised someone ordered thousands dollars cell phones store charged bank account unfortunately first call paypal assumed technology company paypal would provide great support platform no idea mistaken would paypal would not hold stop transactions someone another state received telephones within several weeks not paypal taken unacceptable amount time review transactions would not say fraudulent fortunately learned bank contrast genuinely helpful immediately responsive first call process removed bank account cards paypal unexplained reason still not sure got access couple weeks paypal deposited money bank account immediately wanted back began sending debt collection emails forced reconnect debit card paypal order return money extremely disconcerting considering deeply distrust services,124,941
PayPal,Financial Services,I am sick of all this secuity crap,I am sick of all this secuity crap. First a text. Then i have to go to my computer to get another code after the first code from my phone is put in. No wonder i dont use it much anymore. If im not at home im screwed.,1,"July 31, 2026",6a6c9a007cd83f8811ada65c,Thomasenia WATTS,Negative,216,-1,sick secuity crap first text go computer get another code first code phone put no wonder dont use much anymore im not home im screwed,25,133
PayPal,Financial Services,Poor customer service,"Poor customer service. I disputed a charge from a vendor. I provided an email that clearly shows the vendor did agree to refund my money but never did.

PayPal didn’t only deny the claim once but five times! I plan to delete my account and to talk to a lawyer",1,"July 31, 2026",6a6c8641135f36c780a47dca,Tyler Miller,Negative,259,-1,poor customer service disputed charge vendor provided email clearly shows vendor agree refund money never paypal deny claim five times plan delete account talk lawyer,25,166
PayPal,Financial Services,"I used to always trust PayPal to help, now they are absolutely useless. No buyer protection at all.","I used to always trust PayPal to help if anything went wrong with any sellers - recently Shein have been taking customers returns and not refunding them (there’s thousands of people complaining about them) and PayPal sided with shein on both of my cases. Shein now have my returns and my money and PayPal have done absolutely nothing to help.
Their live chat is also now awful! It used to be fantastic and the people were so helpful and now it’s just someone that takes 10 minutes to even write a reply and then sends you the same generic template response saying they can’t help.
PayPal have seriously fallen off with their buyer protection and customer service - I’ll no longer be using them, and by the looks of it a lot of people feel the same way as me!!",1,"July 31, 2026",6a6c77a9db5b3d21307386bd,Georgia,Negative,759,-1,used always trust paypal help anything went wrong sellers recently shein taking customers returns not refunding thousands people complaining paypal sided shein cases shein returns money paypal done absolutely nothing help live chat also awful used fantastic people helpful someone takes 10 minutes even write reply sends generic template response saying help paypal seriously fallen buyer protection customer service no longer using looks lot people feel way,67,458
PayPal,Financial Services,Be aware!!!!!!,Be aware!!!!!!! They will ban you on purpose and keep your money for 180days!!! They are using AI system that is banning everyone and anyone!!! Horrible customer service and rude agents,1,"July 31, 2026",6a6bfa844c99c7c7fcaf5156,Bling Beauty,Negative,185,-1,aware ban purpose keep money 180days using ai system banning everyone anyone horrible customer service rude agents,17,114
PayPal,Financial Services,They Cheat You Out Of Your Earned Rewards,"The worst! I've been a customer for over eight years. With this company, if your personal information changes, such as a telephone number or email address, you lose all your cash back rewards because you must obtain the same email address you signed up with, according to their customer service department. Never heard of anything so ludicrous in my life. I have lost out on over three hundred dollars of cashback rewards because of their ridiculous policies and procedures. Email addresses and phone numbers can change sometimes. I look forward to paying off my credit card bill and closing the account. I can't take it.",1,"July 30, 2026",6a6beb6756bd67b59db2d619,Mira,Negative,621,-1,worst customer eight years company personal information changes telephone number email address lose cash back rewards must obtain email address signed according customer service department never heard anything ludicrous life lost three hundred dollars cashback rewards ridiculous policies procedures email addresses phone numbers change sometimes look forward paying credit card bill closing account can't take,55,410
PayPal,Financial Services,What happened to Paypal!,"What happened to Paypal!? Paypal used to side with the consumer, If you threatened a Paypal dispute the seller would immediately try to work things out with you because they knew PayPal would side with you. I guess thats not the case anymore and paypals service is nothing more than a glorified money transfer service with ZERO consumer protection. That's been my experience when dealing with them in a dispute on Aliexpress. I puchased a RAM kit which arrived dead on arrival. Later i also confirmed with Samsung that the item was FAKE. When i contacted Aliexpress they were unhelpful. So i lodged a paypal dispute. I have been forced to jump through numerous hoops including sending the item back to the fake item seller at my cost! signing customs declarations, providing non stop proof and evidence. The item hasn't even arrived in China yet. I provided the tracking info and receipt showing the postage paid and tracking details and have been patiently waiting for paypal to get back to me. I then get an email from paypal this morning saying they have sided in the sellers favour because the item hasnt arrived with the seller yet. are you serious?! if their system checked the tracking which i provided it would show the item is with customs in China! I had to then make a phone call and demand the case be opened again and escalated. Even if the case is resolved in my favour at this point my confidence in the paypal service is absolutely destroyed, i use paypal for a lot of purchases and moving forward i am going to severely limit my use of their service in future. Its unfortunate to see im not the only one with this experience, paypal would do well to adjust their policies as their days are numbered. Every consumer you burn is one 'paypal reviews' google search away from never using your service again. At this point ill just deal directly with my bank. They seem to offer better protection",1,"July 31, 2026",6a6be87c8c73d0feba63ce39,Ryan H,Negative,1908,-1,happened paypal paypal used side consumer threatened paypal dispute seller would immediately try work things knew paypal would side guess thats not case anymore paypals service nothing glorified money transfer service zero consumer protection that's experience dealing dispute aliexpress puchased ram kit arrived dead arrival later also confirmed samsung item fake contacted aliexpress unhelpful lodged paypal dispute forced jump numerous hoops including sending item back fake item seller cost signing customs declarations providing non stop proof evidence item even arrived china yet provided tracking info receipt showing postage paid tracking details patiently waiting paypal get back get email paypal morning saying sided sellers favour item hasnt arrived seller yet serious system checked tracking provided would show item customs china make phone call demand case opened escalated even case resolved favour point confidence paypal service absolutely destroyed use paypal lot purchases moving forward going severely limit use service future unfortunate see im not one experience paypal would well adjust policies days numbered every consumer burn one 'paypal reviews' google search away never using service point ill deal directly bank seem offer better protection,182,1270
PayPal,Financial Services,PayPal business don’t recommend BEAWRE,PayPal business total scam,1,"July 31, 2026",6a6bdc1b92a326e805597cad,Paulo Teixeira,Negative,26,-1,paypal business total scam,4,26
PayPal,Financial Services,Closed my account after 20 + years i've…,"Closed my account after 20 + years i've had enough of their BS , just avoid them not worth the stress or time to deal with and don't start me on a refund process or the endless BS of the resolution process Lord above trust me folks its not worth your time dealing with them, i'm finally done with them and feel so much better for it , plenty of other options out there",1,"July 30, 2026",6a6b92d42be15cdee1cbe5f7,mark brady,Negative,368,-1,closed account 20 years enough bs avoid not worth stress time deal don't start refund process endless bs resolution process lord trust folks not worth time dealing finally done feel much better plenty options,34,208
PayPal,Financial Services,Buyer Protection - NO Longer Exists!!,"I bought an item that ended up being not as described, seller refused to provide a return label. I opened a claim with Paypal and provided all the significant evidence - they also wanted to me to pay the cost of return shipping although it is the sellers fault. If buyer protection no longer exists then what is the point of using Paypal??!! No wonder their stock value has collapsed.",1,"July 30, 2026",6a6b6e92caa4d285ef39a91f,Michael,Negative,384,-1,bought item ended not described seller refused provide return label opened claim paypal provided significant evidence also wanted pay cost return shipping although sellers fault buyer protection no longer exists point using paypal no wonder stock value collapsed,38,262
PayPal,Financial Services,Absolutely terrible experience,"I genuinely don't understand how a company this large can make something as simple as linking a bank card into such a ridiculous process. I submitted all the documents PayPal requested and waited for the verification. After contacting customer support, I was told that my documents/account were already verified. Great — except I STILL couldn't link my card. I literally tried linking the card while I was on the phone with the support agent, and it still didn't work. Instead of actually fixing the problem, I was told the issue had to be escalated and that I now have to wait another 48 hours. So apparently I'm ""verified,"" but I'm not actually able to use the account properly. Nobody can clearly explain what is wrong, and every step seems to result in another waiting period. The entire experience has been unnecessarily frustrating, confusing, and time-consuming. I shouldn't have to spend days dealing with support just to link a card to an account. PayPal seriously needs to improve its verification and customer support processes. This has been an absolute nightmare.",1,"July 30, 2026",6a6b63536604b935c15d4779,Arnold Juve,Negative,1076,-1,genuinely don't understand company large make something simple linking bank card ridiculous process submitted documents paypal requested waited verification contacting customer support told documents account already verified great except still couldn't link card literally tried linking card phone support agent still didn't work instead actually fixing problem told issue escalated wait another 48 hours apparently verified not actually able use account properly nobody clearly explain wrong every step seems result another waiting period entire experience unnecessarily frustrating confusing time consuming shouldn't spend days dealing support link card account paypal seriously needs improve verification customer support processes absolute nightmare,98,753
PayPal,Financial Services,Thieves,Thieves! Thieves!,1,"July 30, 2026",6a6b213931501b2be4c24147,Jakub,Negative,17,-1,thieves thieves,2,15
PayPal,Financial Services,Paypal support - resolution of a problem,"Be aware, very very very bad support (you cannot call it even support).

1 month ago I canceled a bank transfer payment to paypal (as the refund had the status completed). As I didn't want to pay twice to a customer refund.

Now as a ""punishment"" they deleted my bank account from PayPal.

I contacted PayPal to add the bank account - error. They told me to wait 3-4 days to reset. Now after 1 month stil doesn't work.

No support at all - they don't even give me the error that is causing this, nothing. Just the copy paste stuff ""I know its frustrating etc""....",1,"July 1, 2026",6a6b040d3e6b2a3e2b438e74,Rok Pogorelčnik,Negative,563,-1,aware bad support cannot call even support 1 month ago canceled bank transfer payment paypal refund status completed didn't want pay twice customer refund punishment deleted bank account paypal contacted paypal add bank account error told wait 3 4 days reset 1 month stil doesn't work no support don't even give error causing nothing copy paste stuff know frustrating etc,60,371
PayPal,Financial Services,PayPal is a great company,PayPal is a great company. I am surprised to see such a poor rating,5,"July 21, 2026",6a6ae9f27157dada8422dc67,Jomo Tequila,Positive,67,1,paypal great company surprised see poor rating,7,46
PayPal,Financial Services,PayPal support online scammers,"PayPal support online scammers , cybercrime of all sorts and online fraudulent activities.Seems Paypal give scammers the upperhand as they dont listen to verified users!
Terrible customer support service, terrible payment service.
AVOID IT!!!",1,"July 29, 2026",6a6ade21126bd24646d71807,C West,Negative,242,-1,paypal support online scammers cybercrime sorts online fraudulent activities seems paypal give scammers upperhand dont listen verified users terrible customer support service terrible payment service avoid,26,205
PayPal,Financial Services,Had to open a case against a…,"Had to open a case against a marketplace seller who would not collect a item that was not as shown on website. Paypal asked for information which I gave. The outcome was in favour of the seller.
I will be closing my Paypal account to these can't be bothered excuses as soon as possible!",1,"July 29, 2026",6a6ad8d2cfb298e0abde7103,Jay,Negative,286,-1,open case marketplace seller would not collect item not shown website paypal asked information gave outcome favour seller closing paypal account can't bothered excuses soon possible,26,181
PayPal,Financial Services,The fastest online transition and safe…,The fastest online transition and safe site to keep you money online,4,"August 12, 2025",6a6ac493985ad9f4f5addb5a,proline,Positive,68,1,fastest online transition safe site keep money online,8,53
PayPal,Financial Services,The buyer filed a claim,"The buyer filed a claim, picked up the package from the post office (signing for it), and PayPal refunded his money. PayPal panders to fraudsters and robs honest sellers alongside them.",1,"July 29, 2026",6a6a7f3308d376e9dcf8f84a,Alex Boyko,Negative,185,-1,buyer filed claim picked package post office signing paypal refunded money paypal panders fraudsters robs honest sellers alongside,18,130
PayPal,Financial Services,PayPal Resolution Centre investigated and reversed unauthorized charges made on my credit card by an online retailer,"I made an online purchase with a company called HaloGrow or Lulutox for a hair product. Using PayPal to pay for the product.
HaloGrow charged me once through PayPal for the item I ordered, ($65 US) but HaloGrow then charged me more ($79 US) - a second time - for an item I did not Order.
I made a complaint through the PayPal Resolution Centre. PayPal gave me a temporary refund of the unauthorized charge ($79 US). I sent them documents and detailed information about the scam. PayPal then investigated and asked me to respond to inquiries from HaloGrow as well. I did so. PayPal approved my complaint and made my refund permanent. Simultaneously, once they knew PayPal was investigating, HaloGrow responded with an Offer to refund my money. Previously, HaloGrow would not refund, saying the product was already shipped although they said I could file a return and request a refund after everything arrived.... even though I submitted a claim within minutes of placing the order and then becoming aware there were two charges via PayPal instead of one, as authorized. So PayPal went to bat for me and refunded the scam. Thank You PayPal. REALLY APPRECIATED. We need more honorable businesses like yours.",5,"July 29, 2026",6a6a3b08776013856b2ba4ba,Hania Grabowski,Positive,1204,1,made online purchase company called halogrow lulutox hair product using paypal pay product halogrow charged paypal item ordered 65 us halogrow charged 79 us second time item not order made complaint paypal resolution centre paypal gave temporary refund unauthorized charge 79 us sent documents detailed information scam paypal investigated asked respond inquiries halogrow well paypal approved complaint made refund permanent simultaneously knew paypal investigating halogrow responded offer refund money previously halogrow would not refund saying product already shipped although said could file return request refund everything arrived even though submitted claim within minutes placing order becoming aware two charges via paypal instead one authorized paypal went bat refunded scam thank paypal really appreciated need honorable businesses like,117,849
PayPal,Financial Services,Paypal went from Hero to Zero,"Paypal went from Hero to Zero

I have just cancelled my Paypal account, for the first time in years using Paypal, i felt completely unsafe with their service.

After oppening a case because seller only refunded me part of the payement, Paypal didn't even care about my proofs, went directly to ask things that had nothing with the case. All last cases that i oppened against sellers not being honest, Paypal didn't even care about it, saying that it was against their policy.

A simple case was turned into knightmare, because they didn't even care to understand what was happening, and in the end decide in favor off the seller.
Or at least it is what they say they do.......",1,"July 29, 2026",6a6a20243c8cf3290e419b3e,Marcos Nunes,Negative,676,-1,paypal went hero zero cancelled paypal account first time years using paypal felt completely unsafe service oppening case seller refunded part payement paypal didn't even care proofs went directly ask things nothing case last cases oppened sellers not honest paypal didn't even care saying policy simple case turned knightmare didn't even care understand happening end decide favor seller least say,60,398
PayPal,Financial Services,Absolutely no help at all in trying to…,Absolutely no help at all in trying to get my money back,1,"July 29, 2026",6a6a01a0597ff7a4c169eb82,James,Negative,56,-1,absolutely no help trying get money back,7,40
PayPal,Financial Services,Customer service has gone from bad to worse,Customer service has gone from bad to worse. I disputed a payment as the seller had not provided the service I paid for and in the process had caused my kitchen to flood. I had attached pictures as evidence for the case. The case was closed in sellers favour because apparently they didn't see any issues with this,1,"July 29, 2026",6a69f98ff4d8c72562eb8b01,Aqsa,Negative,314,-1,customer service gone bad worse disputed payment seller not provided service paid process caused kitchen flood attached pictures evidence case case closed sellers favour apparently didn't see issues,28,198
PayPal,Financial Services,I have been on the phone to paypal on…,I have been on the phone to paypal on hold all morning to be cut off 5 times when i go on chat as soon as i start to type the dispute a notice comes up and i cant see what im wrighting,1,"July 29, 2026",6a69f1fb6027ce917e91eacc,Helen Henshaw,Negative,184,-1,phone paypal hold morning cut 5 times go chat soon start type dispute notice comes cant see im wrighting,19,104
PayPal,Financial Services,PayPal stole our only donation,"Paypal stole a 25€ donation from us, and demanded I give them a scan of my face, my ID, and a bunch of other sensitive info. They said it would be shown to donors with no way to disable it. I made PayPal to receive voluntary donations for my free services. My first donation was from a friend, for a good start. I can't refund the donation unless I give them my info. I can't close my account unless I give them my info. I can't even remove my email or stop them from bothering me unless I give them my info. Did I mention if I give them that info, anyone would be able to dox me? Their support agent was a complete slimy jerk who left the chat after about 20 seconds of inactivity because I was reading, saying she ""isn't seeing any new messages from me"". Never use PayPal.",1,"July 29, 2026",6a69e29e1b56df71b35adb7b,Kat,Negative,774,-1,paypal stole 25 donation us demanded give scan face id bunch sensitive info said would shown donors no way disable made paypal receive voluntary donations free services first donation friend good start can't refund donation unless give info can't close account unless give info can't even remove email stop bothering unless give info mention give info anyone would able dox support agent complete slimy jerk left chat 20 seconds inactivity reading saying isn't seeing new messages never use paypal,79,497
PayPal,Financial Services,Terrible support,Platform is fine but support is horrible,1,"July 29, 2026",6a69d357a8a4776d64e389b9,Code Geek,Negative,40,-1,platform fine support horrible,4,30
PayPal,Financial Services,It's one big scam.,Worst online finance company OAT locked my money up for 180d that time has finished and i still cannot withdraw this money,1,"July 29, 2026",6a69cfcc0e4817a4e335abc9,Jesse,Negative,122,-1,worst online finance company oat locked money 180d time finished still cannot withdraw money,14,92
PayPal,Financial Services,Add money in negative balance is NOT working!,"I have been using Paypal since 2006, for nearly 20 years!

Over the last years they changed the user interface, in a state that you need to be a hacker to find out how to CANCEL an automatic payment or search Google and AI for it.

But the most important problem which is happening for 6 months now, is this:

When I use Paypal to do an online payment and I don't have enough balance left in my Paypal account, then Paypal is trying to charge my bank account for that amount every 2 days. For security reasons, I have set a 2nd bank account for payments, which is usually empty. So Paypal can not grab the money from there.

I am trying to Add money to my Paypal account. I tried several credit cards of several banks, I tried Revolut, but NOTHING happens!

I always get the error message: ""Something went wrong. Trying again may fix the problem"".

Not only this, but on the top of that, when I receive a payment from a client, then the negative balance is reduced, BUT Paypal is trying to charge my bank account again, with the INITIAL amount !! They do NOT even recognise that I owe them LESS money!

Seriously? What are your developers doing? This happened 3 TIMES in the last 6 MONTHS, and I have mentioned this 2 times in the email support and 3 times in the phone call support! Just fire a bunch of developers and QA staff and hire new ones if you can not fix this groundbreaking bug!",2,"July 29, 2026",6a69c743bea63d75ecca27b0,Manos Gryparis,Negative,1390,-1,using paypal since 2006 nearly 20 years last years changed user interface state need hacker find cancel automatic payment search google ai important problem happening 6 months use paypal online payment don't enough balance left paypal account paypal trying charge bank account amount every 2 days security reasons set 2nd bank account payments usually empty paypal not grab money trying add money paypal account tried several credit cards several banks tried revolut nothing happens always get error message something went wrong trying may fix problem not top receive payment client negative balance reduced paypal trying charge bank account initial amount not even recognise owe less money seriously developers happened 3 times last 6 months mentioned 2 times email support 3 times phone call support fire bunch developers qa staff hire new ones not fix groundbreaking bug,136,873
PayPal,Financial Services,Disgraceful company,Disgraceful company. I used them as a one off when reselling festival tickets and they blocked my account saying they wont pay me for up to 120 days. They provided no feedback to why the limitation was put on my account or how to remove it e.g. provide bank statements or more ID. It cant be legal how they can just steal or hold your money this way.,1,"July 27, 2026",6a69ba41a6c5f5306fefc276,Chris C,Negative,350,-1,disgraceful company used one reselling festival tickets blocked account saying wont pay 120 days provided no feedback limitation put account remove e g provide bank statements id cant legal steal hold money way,33,210
PayPal,Financial Services,"PayPal permanently closed my business account, wrongfully withheld my $1108 balance, and added an unfair -$956 negative balance!","I am utterly shocked and disappointed by PayPal handling of my business account (Zeustop-up) Without any prior warning valid explanation or concrete proof of a policy violation PayPal permanently limited my account
As a verified and trusted seller I have fully delivered all services to my customers
I hold complete proof evidence and official invoices for every single transaction on my own website
Despite this they completely wiped out and withheld my entire available balance of $1108 and on top of that they slapped an unjustified negative balance of $956 on my account!
When I contacted support I was met with cold automated messages stating that the decision is 'final' and refusing to review the case or look at my evidence
Freezing a legitimate digital business's funds is damaging enough, but seizing all hard-earned money and leaving the account in debt while services were successfully delivered is completely unacceptable. I demand an immediate investigation by senior management, a full release of my $1108, and the removal of this unjust negative balance",1,"July 28, 2026",6a69a9b0f6c95effaf1af8a6,shaymaa,Negative,1069,-1,utterly shocked disappointed paypal handling business account zeustop without prior warning valid explanation concrete proof policy violation paypal permanently limited account verified trusted seller fully delivered services customers hold complete proof evidence official invoices every single transaction website despite completely wiped withheld entire available balance 1108 top slapped unjustified negative balance 956 account contacted support met cold automated messages stating decision 'final' refusing review case look evidence freezing legitimate digital business's funds damaging enough seizing hard earned money leaving account debt services successfully delivered completely unacceptable demand immediate investigation senior management full release 1108 removal unjust negative balance,98,801
PayPal,Financial Services,You cant close your account,"You cant close your account. Stupid support cant understand simple words : ""I want to close my account right now"". Paypal scams money for not using this account during 1 year. They are really LowQualityCompany",1,"July 29, 2026",6a69a14729db45a4a4078c25,Feofan List,Negative,209,-1,cant close account stupid support cant understand simple words want close account right paypal scams money not using account 1 year really lowqualitycompany,23,156
PayPal,Financial Services,Honest I am,Honest I am. Pay Pal has terrible customer service. Quick to close a dispute in favor of seller. Paid for express shipping twice one shipped in 9 days and another 15 days. Pay Pal AI customer service (they don't have live people ) said be patient give seller time. Express means exactly that. Lesson learned here. I will say they are quick to pay.,1,"July 12, 2026",6a6960587e16271b1679cb6a,Bobby Britt,Negative,347,-1,honest pay pal terrible customer service quick close dispute favor seller paid express shipping twice one shipped 9 days another 15 days pay pal ai customer service don't live people said patient give seller time express means exactly lesson learned say quick pay,43,263
PayPal,Financial Services,If you withdraw to you bank don't do…,If you withdraw to you bank don't do the fast way. I was supposed to get it in a few minutes it telling me it will take a day. So better have my full amount on here,1,"July 28, 2026",6a691634ef47418779657acc,Terry,Negative,164,-1,withdraw bank don't fast way supposed get minutes telling take day better full amount,14,85
PayPal,Financial Services,I was scammed by a woman in Mexico and…,"I was scammed by a woman in Mexico and PayPal never investigated her evidence - which was fraudulent. She had made donation PayPal payments to a US Army soldier that I was handling for her. Months after making three donations she claimed the 1200 EUR donation was for event tickets for a German rock band. Her ""evidence"" was screenshots from the Lacrimosa band that named me as their PayPal contact for event payments. I had nothing to do with this band. PayPal never investigated this band and how my name and email address was used in this context.
Worse yet, PayPal lost three messages I had left regarding the disputes against me that were caused by a PayPal software problem. PayPal never investigated this either. The lost messages caused PayPal to decide the 1200 EUR dispute in favor of the woman because PayPal claimed I'd never left responses about the dispute. This was incorrect but PayPal never investigate the software problem and the woman was paid a refund of 1200 EUR without any investigation being done. I now have a negative 1200 EUR PayPal balance because of a scammer and PayPal never investigated anything. I appealed the prior decision and PayPal still did no investigation and did not change its decision. So I have been scammed and I have no further recourse with PayPal except suing them",1,"July 21, 2026",6a690999b178b29796ff298e,Fredonia Mountain Technologies,Negative,1314,-1,scammed woman mexico paypal never investigated evidence fraudulent made donation paypal payments us army soldier handling months making three donations claimed 1200 eur donation event tickets german rock band evidence screenshots lacrimosa band named paypal contact event payments nothing band paypal never investigated band name email address used context worse yet paypal lost three messages left regarding disputes caused paypal software problem paypal never investigated either lost messages caused paypal decide 1200 eur dispute favor woman paypal claimed never left responses dispute incorrect paypal never investigate software problem woman paid refund 1200 eur without investigation done negative 1200 eur paypal balance scammer paypal never investigated anything appealed prior decision paypal still no investigation not change decision scammed no recourse paypal except suing,122,885
PayPal,Financial Services,Had a guy out of Alabama send me $130…,Had a guy out of Alabama send me $130 I've had PayPal for years I got $87 of that money today they finally told me that the money was coming from Alabama and that it had to be transferred to us currency don't know when they moved to Alabama out of the United States but that's the best that they could come up with $40 to transfer Alabama which is in the United States over to US currency leaving me 87 out of 130 they won't rip me off again,1,"July 10, 2026",6a68f86bb814425fb7784645,Tony Ward,Negative,441,-1,guy alabama send 130 paypal years got 87 money today finally told money coming alabama transferred us currency don't know moved alabama united states that's best could come 40 transfer alabama united states us currency leaving 87 130 won't rip,40,243
PayPal,Financial Services,I ordered a dress from AliEpress and…,"I ordered a dress from AliEpress and paid with PayPal, the dress arrived and wasn't as described, I tried to return it, but AliExpress were no use giving 5% refund, I put a dispute with PayPal and they were no help at all, the pictures were sent to PayPal and they were no help at all, I won't be using PayPal again",1,"July 14, 2026",6a68e9db8507572983e697c7,MRS DEB RICHARDSON,Negative,315,-1,ordered dress aliepress paid paypal dress arrived wasn't described tried return aliexpress no use giving 5 refund put dispute paypal no help pictures sent paypal no help won't using paypal,30,188
PayPal,Financial Services,PayPal Suspends Digital Payments for Months Under Undefined “Security Review” Documented Evidence Inside,"As an independent type designer selling digital fonts, my business relies on instant and reliable payment processing. Unfortunately, my experience with PayPal has repeatedly shown that their system is neither reliable nor transparent. Over the past year, I have encountered multiple cases where PayPal suspended perfectly legitimate credit‑card purchases under the vague label of ""Security Review."" This term is never clearly defined in PayPal's user agreement, and in practice it seems to be used as a blanket justification for freezing funds without explanation, without communication, and without any actionable steps for either the merchant or the customer.
One of the most concerning examples occurred in April 2026, when a customer purchased a €24 digital font from my store. The payment was immediately placed under ""security review,"" and neither I nor the customer had access to the funds. The customer's bank confirmed the charge, yet PayPal did not release the payment to me, nor did they refund it to the customer. The transaction remained in limbo for three full months, with no updates, no human support, and no ability to file a dispute because PayPal's Resolution Center repeatedly displayed technical errors across multiple devices. Eventually, PayPal quietly reversed the payment and sent it back to the customer-three months later-without any explanation of what ""security"" required such an excessive delay.
This is not an isolated incident. I recently experienced another suspended payment where the customer believed I had received her money, while PayPal showed the transaction as ""Pending"" and provided no way to accept, cancel, or refund it. As a digital‑goods seller, this places me in an impossible position: my website cannot release download links until payment is confirmed, yet PayPal's opaque review process makes me appear as though I am withholding the customer's purchase. This damages my reputation, creates unnecessary conflict with clients, and disrupts my business operations.
PayPal's lack of human support is a major part of the problem. There is no accessible customer‑service email for Europe, phone calls go unanswered, and the automated chat provides no real assistance. When PayPal freezes a payment, both merchant and customer are left without any recourse. The company's communication consists of generic messages asking us to ""wait,"" even when the delay lasts days, weeks, or-as in my documented case-months.
Based on my experience, PayPal's ""security review"" appears less like a protective measure and more like an internal process that allows the company to hold funds in a suspended state without accountability. While I cannot speak to PayPal's internal motives, the practical effect is clear: money is locked between the bank and PayPal, inaccessible to both merchant and customer, while PayPal benefits from holding large volumes of pending transactions. For small independent merchants, this is not security-it is a systemic failure that undermines trust and disrupts business.
I am sharing this detailed account, supported by screenshots, transaction IDs, and correspondence, so other digital‑goods sellers and customers understand the risks of relying on PayPal. My hope is that PayPal will address these issues, improve transparency, and provide real human support. Until then, I cannot recommend PayPal as a reliable payment processor for digital products.",1,"July 18, 2026",6a68be33bd78c83ddacc529c,Mostafa,Negative,3414,-1,independent type designer selling digital fonts business relies instant reliable payment processing unfortunately experience paypal repeatedly shown system neither reliable nor transparent past year encountered multiple cases paypal suspended perfectly legitimate credit card purchases vague label security review term never clearly defined paypal's user agreement practice seems used blanket justification freezing funds without explanation without communication without actionable steps either merchant customer one concerning examples occurred april 2026 customer purchased 24 digital font store payment immediately placed security review neither nor customer access funds customer's bank confirmed charge yet paypal not release payment nor refund customer transaction remained limbo three full months no updates no human support no ability file dispute paypal's resolution center repeatedly displayed technical errors across multiple devices eventually paypal quietly reversed payment sent back customer three months later without explanation security required excessive delay not isolated incident recently experienced another suspended payment customer believed received money paypal showed transaction pending provided no way accept cancel refund digital goods seller places impossible position website cannot release download links payment confirmed yet paypal's opaque review process makes appear though withholding customer's purchase damages reputation creates unnecessary conflict clients disrupts business operations paypal's lack human support major part problem no accessible customer service email europe phone calls go unanswered automated chat provides no real assistance paypal freezes payment merchant customer left without recourse company's communication consists generic messages asking us wait even delay lasts days weeks documented case months based experience paypal's security review appears less like protective measure like internal process allows company hold funds suspended state without accountability cannot speak paypal's internal motives practical effect clear money locked bank paypal inaccessible merchant customer paypal benefits holding large volumes pending transactions small independent merchants not security systemic failure undermines trust disrupts business sharing detailed account supported screenshots transaction ids correspondence digital goods sellers customers understand risks relying paypal hope paypal address issues improve transparency provide real human support cannot recommend paypal reliable payment processor digital products,328,2589
PayPal,Financial Services,My refund has been denied by papypal,"My refund has been denied by papypal, saying I am only entitled for a refund if I get significantly different item...
I bought a pair of cargo shorts off of Hominthory. I have received shorts that does not even have pockets, made out if cheap materials🤡 Only reason I have purchased them is paypal guarantee.
Paypal sided with a fraudulent company, no buyer's protection at all.
Paypal sided with scammers!!!",1,"July 28, 2026",6a68ac102b85b7e3889100f4,Andushka,Negative,408,-1,refund denied papypal saying entitled refund get significantly different item bought pair cargo shorts hominthory received shorts not even pockets made cheap materials reason purchased paypal guarantee paypal sided fraudulent company no buyer's protection paypal sided scammers,37,277
PayPal,Financial Services,I am waiting for our plane to fly from…,I am waiting for our plane to fly from starting point to another.,5,"July 28, 2026",6a68aa8175edfb5e417d8cc1,Oliver Manyumwa,Positive,65,1,waiting plane fly starting point another,6,40
PayPal,Financial Services,The customer services are horrendous…,The customer services are horrendous they cant speak English and cant understand English. 15 minutes spelling out my email address. They haven't got a clue what they are talking about.,1,"July 28, 2026",6a689b543e6a3a7a5b37f880,Adam,Negative,184,-1,customer services horrendous cant speak english cant understand english 15 minutes spelling email address got clue talking,17,122
PayPal,Financial Services,These people are absolutely useless,"These people are absolutely useless. You know how they handle scams? They go ask the scammer if they scammed you and when they say no, they close your dispute no matter how much evidence to send them, buyer protection is a joke. So if you make a dispute and tell them that you’ve already contacted the seller and you can’t resolve anything they will still send the messages you sent to them to your scammer for them to reply to it. Completely useless. And they will lock your money up and lock you out of your own account. There will be a class action lawsuit against them and I’ll definitely be apart of it. I’m thinking about filing personally against them myself.",1,"July 28, 2026",6a688179c349c3184819fa4d,Damien,Negative,666,-1,people absolutely useless know handle scams go ask scammer scammed say no close dispute no matter much evidence send buyer protection joke make dispute tell already contacted seller resolve anything still send messages sent scammer reply completely useless lock money lock account class action lawsuit definitely apart thinking filing personally,50,345
PayPal,Financial Services,PayPal locked me out of my account and blocked access to my money!,"I have a Ukrainian PayPal account and I am currently in Germany. My old phone number is lost, so I cannot pass 2FA to log in. The app completely freezes, and standard recovery forms don't work without logging in. Support is silent on LinkedIn and email. I just need a representative to send me an identity verification form so I can update my phone number and access my own money!",1,"July 24, 2026",6a6852a23f818b2cc55c1878,SKIch,Negative,380,-1,ukrainian paypal account currently germany old phone number lost cannot pass 2fa log app completely freezes standard recovery forms don't work without logging support silent linkedin email need representative send identity verification form update phone number access money,38,273
PayPal,Financial Services,I got scammed by a company that…,I got scammed by a company that apparently has committed fraud against many people. I presented all the evidence and the imbeciles working for PayPal took the side of the company and refused to give me my money back despite the fact I requested the refund in less than 24 hours. They are completely useless and a unprofessional low iq staff when it comes to protecting consumers. I recommend everyone to not leave not even one penny with them and avoid using PayPal for any transactions because they are retarded when it comes to acting professionally.,1,"July 28, 2026",6a6837f9d6a490193344f821,Dan Desmarques,Negative,552,-1,got scammed company apparently committed fraud many people presented evidence imbeciles working paypal took side company refused give money back despite fact requested refund less 24 hours completely useless unprofessional low iq staff comes protecting consumers recommend everyone not leave not even one penny avoid using paypal transactions retarded comes acting professionally,52,379
PayPal,Financial Services,Disappointing experience with PayPal's dispute resolution,"I'm extremely disappointed in PayPal's dispute process. They use AI to analyse the dispute and make a decision. There doesn't seem to be any way to discuss the dispute further when they settle in favour of the seller. I'm out of pocket US$89 (AU$128) for shoes from WideStep that did not match their description. I had numerous email conversations with Widestep (hint: don't buy from them!), but that did not seem to have been taken into account. This is the second time this has happened to me. It is unacceptable that sellers get away with false advertising at the expense of customers, and PayPal facilitates this.",2,"July 23, 2026",6a67f3055fafd9d4eafa5b40,Don Law,Negative,617,-1,extremely disappointed paypal's dispute process use ai analyse dispute make decision doesn't seem way discuss dispute settle favour seller pocket us 89 au 128 shoes widestep not match description numerous email conversations widestep hint don't buy not seem taken account second time happened unacceptable sellers get away false advertising expense customers paypal facilitates,53,377
PayPal,Financial Services,In December 2025,"In December 2025, I was out of the country. I had my PayPal account hacked in fund stolen. I had discontinuously happen until March when I returned to the country. I did not have possession of my laptop or cell phone to know any of this was going on. I’ve contacted PayPal twice in my attempts to get my money back. They said that the transactions look normal and are using so far to return my money. The problem is how can I make those transactions if I am out of the country I am pursuing binding arbitration and potential civil litigation of this matter if my money is not given back to me. This is a form of theft, and I will be pursuing multimillion dollar civil action against this company if money is not back in my account soon.",1,"December 27, 2025",6a67da8814bd211c9737b266,Zane Kennell,Negative,736,-1,december 2025 country paypal account hacked fund stolen discontinuously happen march returned country not possession laptop cell phone know going contacted paypal twice attempts get money back said transactions look normal using far return money problem make transactions country pursuing binding arbitration potential civil litigation matter money not given back form theft pursuing multimillion dollar civil action company money not back account soon,63,452
PayPal,Financial Services,PayPal let me down when I need them,Did not honour customer payment protection Chinese Marnetic supplier said they had delivered offered no GPS evidence no photographic evidence cost of my delivery was £40. I lost to me thanks a lot PayPal that’s what I get after over 20 years of loyal business. I won’t be using you any time soon.,1,"July 27, 2026",6a67d6e5101e82804684e152,Stephen,Negative,296,-1,not honour customer payment protection chinese marnetic supplier said delivered offered no gps evidence no photographic evidence cost delivery 40 lost thanks lot paypal get 20 years loyal business using time soon,32,212
PayPal,Financial Services,I wish there were a 0 stars option,"I wish there were a 0 stars option. I had a fraudulent charge on my PayPal account, one that I proved multiple times I did not authorize. (Even though I had authorized other charges from this company.) Since I discovered this, I searched for the company, and they have a reputation of similar fraudulent charges. (Lesson learned.) PayPal moved my dispute around and I had thought I would finally get my stolen money back, but instead I received an email denying my case and if I wanted the documentation, I had to write a letter and mail it to their address in Omaha. (A physical letter, that they can claim was never received, and whatever evidence they send me, they can claim was lost in the mail.) I will NEVER use PayPal again and cannot believe they allowed this company to steal my money.",1,"June 16, 2026",6a67bcbfa99303bd80531577,Melissa Rieman,Negative,795,-1,wish 0 stars option fraudulent charge paypal account one proved multiple times not authorize even though authorized charges company since discovered searched company reputation similar fraudulent charges lesson learned paypal moved dispute around thought would finally get stolen money back instead received email denying case wanted documentation write letter mail address omaha physical letter claim never received whatever evidence send claim lost mail never use paypal cannot believe allowed company steal money,72,515
PayPal,Financial Services,I wish I could give no Star,"I wish I could give no Star, this company is awful, you can not get in touch of anyone, trying to cancel your account, I was on the phone on hold for over an hour, which was cancelled, tried again no success, you continue to speak to AI a robot I was subjected to fraud and want to cancel!!!!!",1,"July 27, 2026",6a6785f472043aeb7f6e25e4,Mark Campbell,Negative,293,-1,wish could give no star company awful not get touch anyone trying cancel account phone hold hour cancelled tried no success continue speak ai robot subjected fraud want cancel,29,175
PayPal,Financial Services,Run from this service,Run from this service. They have a 1.3 star rating. it doesn't get any lower. If you haveproblems with Paypal - please write the FTC with a compalint(Federal Trade Commision). Very easy to do. Not surewhy Trust Pilot doesn't have a warning here.,1,"July 1, 2026",6a676e41552240679f0bba7e,Barry Lind,Negative,245,-1,run service 1 3 star rating doesn't get lower haveproblems paypal please write ftc compalint federal trade commision easy not surewhy trust pilot doesn't warning,25,161
PayPal,Financial Services,Don't use this for any kind of seller because they will cover the buyer but the seller is home they just take your money,I have all of the information stating that I gave the customer the product and the PayPal literally said that I didn't and took my money back and now is making me pay PayPal back don't use this for any transactions ever they are horrible their customer service is horrible don't use it,1,"July 16, 2026",6a676c5085c2c96aed8de356,Wildwood Etc,Negative,285,-1,information stating gave customer product paypal literally said didn't took money back making pay paypal back don't use transactions ever horrible customer service horrible don't use,26,182
PayPal,Financial Services,Being a merchant on Paypal is a total nightmare,"I registered as a merchant on Paypal, using them as our payment provider.

Got my account limited out of nowhere 3 times without notice, even though I have given them every document they wanted within minutes of requesting them.

This lead to many of our customers complaining that checkout does not work. We are happy they finally totally limited our account and there’s no going back, because we are forced to find another, better, payment provider instead of stressing out with Paypal. 0/10 would not recommend this service to my worst enemy.

Thanks Paypal for this nightmare, and hope to never see you again!",1,"July 27, 2026",6a676aa05c43f1e3e8c6bc5d,Matias Merko,Negative,613,-1,registered merchant paypal using payment provider got account limited nowhere 3 times without notice even though given every document wanted within minutes requesting lead many customers complaining checkout not work happy finally totally limited account no going back forced find another better payment provider instead stressing paypal 0 10 would not recommend service worst enemy thanks paypal nightmare hope never see,61,421
PayPal,Financial Services,super,super. used for many years,5,"July 27, 2026",6a676a3bde3632d37e57b0e3,Filip Larsen,Positive,26,1,super used many years,4,21
PayPal,Financial Services,I want to share my experience with paypal,"I want to share my experience with PayPal; their service is terrible, and I do not recommend using them. I opened a PayPal account while I was under 18 and never made any withdrawals. When I turned 20 and tried to withdraw funds, they restricted my account; even after money arrived in the account, it remained restricted, and I couldn't withdraw it. I created another account and submitted all the requested information. When I tried to link my bank account, the system forced me to wait seven days. I waited, and for a month, I contacted them weekly to resolve the bank account issue. They even told me to wait until the 27th. I opened a support ticket, only to be told there was no solution other than waiting another seven days. To this day, I still haven't been able to withdraw my money, nor have I been able to speak with a manager or supervisor to resolve the issue.",1,"July 27, 2026",6a6768ff4fd3fc980e4d9526,ahmed khaled,Negative,874,-1,want share experience paypal service terrible not recommend using opened paypal account 18 never made withdrawals turned 20 tried withdraw funds restricted account even money arrived account remained restricted couldn't withdraw created another account submitted requested information tried link bank account system forced wait seven days waited month contacted weekly resolve bank account issue even told wait 27th opened support ticket told no solution waiting another seven days day still able withdraw money nor able speak manager supervisor resolve issue,80,559
PayPal,Financial Services,I want to share my experience with paypal,"I want to share my experience with PayPal; their service is terrible, and I do not recommend using them. I opened a PayPal account while I was under 18 and never made any withdrawals. When I turned 20 and tried to withdraw funds, they restricted my account; even after money arrived in the account, it remained restricted, and I couldn't withdraw it. I created another account and submitted all the requested information. When I tried to link my bank account, the system forced me to wait seven days. I waited, and for a month, I contacted them weekly to resolve the bank account issue. They even told me to wait until the 27th. I opened a support ticket, only to be told there was no solution other than waiting another seven days. To this day, I still haven't been able to withdraw my money, nor have I been able to speak with a manager or supervisor to resolve the issue.",1,"July 27, 2026",6a6768b1220a3279cf9fa141,ahmedkhaled,Negative,874,-1,want share experience paypal service terrible not recommend using opened paypal account 18 never made withdrawals turned 20 tried withdraw funds restricted account even money arrived account remained restricted couldn't withdraw created another account submitted requested information tried link bank account system forced wait seven days waited month contacted weekly resolve bank account issue even told wait 27th opened support ticket told no solution waiting another seven days day still able withdraw money nor able speak manager supervisor resolve issue,80,559
PayPal,Financial Services,Absolute scum,"Absolute scum, just stopped my withdrawal of my own money, still won't give it me and not helpful in the slightest, I will never use them again after this and I'm considering getting the police involved.
Don't use PayPal there are much better apps, this is prob the worst all round",1,"July 27, 2026",6a6750c622449ea2b731751c,Andrew,Negative,281,-1,absolute scum stopped withdrawal money still won't give not helpful slightest never use considering getting police involved don't use paypal much better apps prob worst round,26,174
PayPal,Financial Services,My experience with PayPal has been extremely disappointing.,"My experience with PayPal has been extremely disappointing.

On 26 July 2026, my mobile phone was stolen in London. Within a very short period, the thief gained unauthorised access to my PayPal account, applied for PayPal Credit and made three purchases totalling £3,597.

I immediately reported the theft to Vodafone, HSBC, Revolut and the Metropolitan Police (Crime Reference 01/7864424/26).

I contacted PayPal as soon as I became aware of the fraud. My first claim was rejected without any meaningful explanation. I then spent over an hour on the phone to another adviser who repeatedly assured me that I was fully protected against fraud, told me she “had my back”, and promised all three transactions would be reversed. Relieved, I ended the call believing the matter had been resolved.

Later that same night I received another automated email saying my claim had been rejected again.

What concerns me most is that nobody has been able to explain why. I have been passed between different departments, nobody can tell me why the claim was rejected, and nobody will transfer me to the team that made the decision.

One of the fraudulent orders was placed with Argos under the name “Anwar Elmi” for collection at a location in Colindale—a person and location that have absolutely no connection to me. Despite providing this information, along with my police crime reference and evidence that my phone had been stolen, it appears not to have been properly considered.

I also cannot understand how PayPal Credit could allegedly be opened and used to spend £3,597 within such a short period after my phone was stolen without additional verification, yet PayPal concluded this was authorised activity.

I have now had to submit an identity theft claim through PayPal Credit while remaining liable for thousands of pounds of debt created by a criminal.

I hope PayPal reviews this matter properly because, so far, the handling of my case has left me with very little confidence in their fraud investigation process.",1,"July 26, 2026",6a673c2fe725b46d05fbaa55,Angelo Deligatos,Negative,2017,-1,experience paypal extremely disappointing 26 july 2026 mobile phone stolen london within short period thief gained unauthorised access paypal account applied paypal credit made three purchases totalling 3 597 immediately reported theft vodafone hsbc revolut metropolitan police crime reference 01 7864424 26 contacted paypal soon became aware fraud first claim rejected without meaningful explanation spent hour phone another adviser repeatedly assured fully protected fraud told back promised three transactions would reversed relieved ended call believing matter resolved later night received another automated email saying claim rejected concerns nobody able explain passed different departments nobody tell claim rejected nobody transfer team made decision one fraudulent orders placed argos name anwar elmi collection location colindale person location absolutely no connection despite providing information along police crime reference evidence phone stolen appears not properly considered also cannot understand paypal credit could allegedly opened used spend 3 597 within short period phone stolen without additional verification yet paypal concluded authorised activity submit identity theft claim paypal credit remaining liable thousands pounds debt created criminal hope paypal reviews matter properly far handling case left little confidence fraud investigation process,184,1381
PayPal,Financial Services,I have had an account since 2009,I have had an account since 2009. It was rocky at first but once you prove your honest PayPal is a great company,5,"July 27, 2026",6a6739f81a0aefc745edd7c0,Randy DINWIDDIE,Positive,112,1,account since 2009 rocky first prove honest paypal great company,10,64
PayPal,Financial Services,Worst platform to ever work with,Worst platform to ever work with. How do you close my account just because I was sent 1 dollar yet my account was varified and I provided all the necessary document?,1,"July 27, 2026",6a6737035066628a2a0ac3ed,Anyango Jane,Negative,165,-1,worst platform ever work close account sent 1 dollar yet account varified provided necessary document,15,101
PayPal,Financial Services,Poor Service,"Poor Service, customer care is horrible.",1,"July 24, 2026",6a672a6c2331dc1e85c50a1a,Mr Jose Mathew,Negative,40,-1,poor service customer care horrible,5,35
PayPal,Financial Services,Refund never received,"Had an issue were PayPal stated they refunded me, which was never recieved. Asked them to provide a transaction ID or payment trace which they failed to do. Now they are requesting the money back??. Unhelpful staff who just transfer you back and forward as they are unable to deal with the issue. Horrendous institution",1,"May 1, 2026",6a6720a8603cbf7f270e0464,Darren Miskimmin,Negative,319,-1,issue paypal stated refunded never recieved asked provide transaction id payment trace failed requesting money back unhelpful staff transfer back forward unable deal issue horrendous institution,26,194
PayPal,Financial Services,Two Refunds - Happy!,"Been with Paypal for around 20 years and only ever had to dispute a transaction twice. Both occurred just a couple of weeks apart and caused by the courier, which was the same in both, failing to deliver the items.
The first was Halfords and the second was S.H. Tyres Online via eBay. Both sellers refused or ignored my refunds so raised cases with Paypal.
The Halfords one was sorted quite quickly with a full refund. The second took a bit longer and not being able to speak to a real person was the main cause of the delay. However, Paypal issued a full refund for the second one too.
All in all I was quite happy with the service.",4,"July 24, 2026",6a668a13f4639ebbfe1feeef,Iain Wilson,Positive,633,1,paypal around 20 years ever dispute transaction twice occurred couple weeks apart caused courier failing deliver items first halfords second h tyres online via ebay sellers refused ignored refunds raised cases paypal halfords one sorted quite quickly full refund second took bit longer not able speak real person main cause delay however paypal issued full refund second one quite happy service,61,394
PayPal,Financial Services,Wow! Paypal is now a joke,"Wow! Paypal has really went downhill
I'm pissed! They used to look out for the consumer. Would go to bat for you against these scammers. This is why scammers take PayPal now. PayPal rules in there favor with no proof of delivery! 2 times this week alone.",1,"May 14, 2026",6a667c71a901bf201c8fa425,Roger Sager,Negative,254,-1,wow paypal really went downhill pissed used look consumer would go bat scammers scammers take paypal paypal rules favor no proof delivery 2 times week alone,26,156
PayPal,Financial Services,This is the worst service you can use…,"This is the worst service you can use on the Internet. Impossible to cancel your account. A rabbit hole of pure BS. If I could gibe it a zero, I would",1,"July 26, 2026",6a6645ebd9778424773e0b90,Macromental,Negative,150,-1,worst service use internet impossible cancel account rabbit hole pure bs could gibe zero would,15,94
PayPal,Financial Services,PayPal,One payment go from my PayPal same time apply for refund PayPal not refund bad service,1,"July 26, 2026",6a65eee40112bcd1f72c38d0,Ali,Negative,86,-1,one payment go paypal time apply refund paypal not refund bad service,12,69
PayPal,Financial Services,Don’t trust this company,PayPal is one of the worst companies I’ve seen trying to get a refund is like pulling your teeth one person tells you that your refund is going through and then they say it will be on the 1 st I don’t think it should take that long I have been a customer for six years but know when my refund is returned I’m pulling the money out and closing the account that money was from the Red Cross my house burned down and now I’m homeless and have no money,1,"July 13, 2026",6a65be26c47a6931a9512e9a,Glenn miller,Negative,448,-1,paypal one worst companies seen trying get refund like pulling teeth one person tells refund going say 1 st think take long customer six years know refund returned pulling money closing account money red cross house burned homeless no money,40,240
PayPal,Financial Services,you'd think after 30 years,"you'd think after 30 years, this grotesque company would learn how to write a proper interface, but nope. slow, unintuitive, buggy, complete trash. i hope this company ends up bankrupt we have enough trash on the internet as it is.",1,"July 26, 2026",6a65b7d78e1052d14ee83045,Tushar Hassan,Negative,231,-1,think 30 years grotesque company would learn write proper interface nope slow unintuitive buggy complete trash hope company ends bankrupt enough trash internet,23,159
PayPal,Financial Services,I had the worst experience with…,I had the worst experience with customer service with PayPal it's hard to get a hold of a agent and buyer protection does not always hold up when it comes to PayPal so you have to be at your own risk when picking a website that you want to play on if you're choosing to pick a platform that offers prize redemptions because even if you buy gold coins and play on a platform and they don't let you redeem PayPal will not honor its buyer protection.,1,"July 2, 2026",6a65760ad67f2510e9a47b48,Benny,Negative,447,-1,worst experience customer service paypal hard get hold agent buyer protection not always hold comes paypal risk picking website want play choosing pick platform offers prize redemptions even buy gold coins play platform don't let redeem paypal not honor buyer protection,41,270
PayPal,Financial Services,Attempted to send money to family…,"Attempted to send money to family during a desperate situation. It failed with little to no info as to why other than that ""there was a problem."" Thankfully Paypal was helpful enough to give the suggestion of ""try again later."" So I did. Several times and even with a few different people. After all of this and a couple of phone calls to them they were kind enough to point out that they had locked my account for 72 hours for too many attempts to send money and this couldn't be cancelled. Thanks Paypal for being utterly useless when it really counts.",1,"July 25, 2026",6a64eec466676fc04413e313,PG,Negative,554,-1,attempted send money family desperate situation failed little no info problem thankfully paypal helpful enough give suggestion try later several times even different people couple phone calls kind enough point locked account 72 hours many attempts send money couldn't cancelled thanks paypal utterly useless really counts,46,321
PayPal,Financial Services,Would like to give zero stars frankly,"Would like to give zero stars frankly
PayPal Consumer Protection is 'designed to safeguard buyers' when purchasing online'
Frankly this is a joke. Case opened after an unfortunate incident with a scam website. Five weeks on and all Paypal say is case is 'under review', then extending the deadline by five days until it expires and they extend it again.
I used to trust Paypal but clearly they no longer offer any kind of assistance",1,"July 25, 2026",6a64c03711440650ef859b15,T Smith,Negative,432,-1,would like give zero stars frankly paypal consumer protection 'designed safeguard buyers' purchasing online' frankly joke case opened unfortunate incident scam website five weeks paypal say case 'under review' extending deadline five days expires extend used trust paypal clearly no longer offer kind assistance,44,311
PayPal,Financial Services,14 years as a customer,"14 years as a customer, and this is how I’m treated. Absolutely appalling.

I have been a PayPal customer for over 14 years, and I have never experienced customer service this poor.

My dispute has now been ongoing for over 100 days. Barclays issued their final decision on 18 May 2026, yet PayPal’s own Resolution Centre still shows my chargeback as “Under review.”

When I asked PayPal to investigate why their own system still shows the case as under review, they repeatedly refused to investigate, refused to escalate my concerns, repeatedly told me to contact Barclays and then simply closed the chat.

I wasn’t asking PayPal to decide the chargeback. I was asking them to investigate why their own records had not been updated. Instead, I received scripted responses that completely ignored the issue I was raising.

The delay has had a devastating impact on my finances. I have had to rely on credit cards to pay for food, rent and essential bills while waiting for a refund that should have been resolved months ago.

As a customer of more than 14 years, I expected far better than being passed around in circles and having my concerns dismissed.

I have now lost all confidence in PayPal’s customer service and complaint handling. I will be referring this matter to the Financial Ombudsman Service and asking them to consider the financial hardship, distress and inconvenience caused by the way this case has been handled.

A company that closes chats instead of resolving problems is not one I can recommend.",1,"July 25, 2026",6a64a7a39efaa3d34358a22c,R T,Negative,1518,-1,14 years customer treated absolutely appalling paypal customer 14 years never experienced customer service poor dispute ongoing 100 days barclays issued final decision 18 may 2026 yet paypal resolution centre still shows chargeback review asked paypal investigate system still shows case review repeatedly refused investigate refused escalate concerns repeatedly told contact barclays simply closed chat asking paypal decide chargeback asking investigate records not updated instead received scripted responses completely ignored issue raising delay devastating impact finances rely credit cards pay food rent essential bills waiting refund resolved months ago customer 14 years expected far better passed around circles concerns dismissed lost confidence paypal customer service complaint handling referring matter financial ombudsman service asking consider financial hardship distress inconvenience caused way case handled company closes chats instead resolving problems not one recommend,131,991
PayPal,Financial Services,Despite being a long time customer Paypal let me down,"I have used Paypal for many years. Until recently, I would have rated them highly on the basis that they stood behind me when a retailer was not providing proper service. Recently, they let me down. I purchased a beauty item. A few months later I was sent a message that the beauty item was being sent again (i.e., I had ""subscribed"" to receive it regularly). I had no memory of subscribing AND I wouldn't have purchased it if that were a term. They admitted that it's ""very hard to see"" that a subscription is being added to the initial order. I expected Paypal, solely on the basis that the retailer acknowledged that buyers were being sold a subscription that is ""very hard to see"", to stand behind a long time loyal customer. They didn't. I fought, hard, and eventually got a refund but Paypal did nothing to assist me. I've used PP for so many purchases and for transferring money around the globe. I'm seriously considering cancelling my account.",1,"July 25, 2026",6a6491f4a47b989dfb1a1a3f,Maggie Brady,Negative,952,-1,used paypal many years recently would rated highly basis stood behind retailer not providing proper service recently let purchased beauty item months later sent message beauty item sent e subscribed receive regularly no memory subscribing wouldn't purchased term admitted hard see subscription added initial order expected paypal solely basis retailer acknowledged buyers sold subscription hard see stand behind long time loyal customer didn't fought hard eventually got refund paypal nothing assist used pp many purchases transferring money around globe seriously considering cancelling account,83,595
PayPal,Financial Services,"They froze my business funds for no reason, then let a six-year-old spend $400, then pointed at the bank, and the merchant.","Start with the part that should matter most to anyone running a company. PayPal froze funds in my business account with no explanation I ever received.

Not a fraud alert I could resolve, not a documentation request I could satisfy. Money I earned, held, on their timeline, for reasons they did not explain.

I used them for merchant services. I will never route a dollar of business volume through them again, and I will not recommend them to another operator.

The consumer side is what finally ended it.

On June 19, 2026, my account absorbed eight-plus consecutive charges from a single merchant inside a few minutes. They ran from $0.99 to $99.99 and totaled roughly $400. Three of them were near $100 apiece: $99.99, $99.99, and $94.99. Every one of them was my six-year-old tapping buttons in a mobile game.

Not one triggered a verification prompt. Not the fifth charge. Not the eighth. Not three separate hits at around a hundred dollars each.

A rapid burst of mixed micro and macro transactions from one merchant on one device in one sitting is a textbook velocity pattern, the exact thing a payments risk engine exists to catch.

Theirs caught nothing.

Then came the shell game. I filed an unauthorized transaction dispute, which is the product PayPal advertises.

The merchant said they could no longer refund because PayPal controlled the case. PayPal declined to make me whole and directed me to my card issuer, Barclays.

Barclays told me PayPal should have squared it away, because PayPal is the entity that processed the transactions and holds the relationship with the merchant.

Three companies, one $400 hole, and every one of them insisting the responsibility sits somewhere else.

That is the whole product. PayPal collects a fee to stand between you and the merchant, and the instant something goes wrong it becomes a pass-through pipe with no responsibility for what flowed through it.

A card used directly gives you chargeback rights with actual teeth. PayPal gives you a portal and a form letter and a phone number for someone else.

Years as a customer, on both the consumer and merchant side. One afternoon with a first grader and a screen exposed exactly how thin the protection is.",1,"June 19, 2026",6a6433d4acd55ba9b45a917c,Combat Trader,Negative,2214,-1,start part matter anyone running company paypal froze funds business account no explanation ever received not fraud alert could resolve not documentation request could satisfy money earned held timeline reasons not explain used merchant services never route dollar business volume not recommend another operator consumer side finally ended june 19 2026 account absorbed eight plus consecutive charges single merchant inside minutes ran 0 99 99 99 totaled roughly 400 three near 100 apiece 99 99 99 99 94 99 every one six year old tapping buttons mobile game not one triggered verification prompt not fifth charge not eighth not three separate hits around hundred dollars rapid burst mixed micro macro transactions one merchant one device one sitting textbook velocity pattern exact thing payments risk engine exists catch caught nothing came shell game filed unauthorized transaction dispute product paypal advertises merchant said could no longer refund paypal controlled case paypal declined make whole directed card issuer barclays barclays told paypal squared away paypal entity processed transactions holds relationship merchant three companies one 400 hole every one insisting responsibility sits somewhere else whole product paypal collects fee stand merchant instant something goes wrong becomes pass pipe no responsibility flowed card used directly gives chargeback rights actual teeth paypal gives portal form letter phone number someone else years customer consumer merchant side one afternoon first grader screen exposed exactly thin protection,228,1556
PayPal,Financial Services,Raised a complaint regarding non…,"THIS IS WITH REGARD TO ONLINE SUPORT VIA EMAIL. ANOTHER REVIEW REGARDING TELEPHONE SUPPORT GETS 5 STARS.
Online bot support
Raised a complaint regarding non delivery of goods from Orange Valley through FXYL delivery service (which I have since discovered has a history of links to undelivered items with fraudulent claim of delivery notes). Paypal closed the case saying seller showed delivery had been made. I asked for evidence (signature, photo) but nothing forthcoming. A small amount of research would highlight that I am not the first to raise exactly the same complaint. Paypal is enabling fraud with it's lax approach to investigations requested by it's customers. Zero protection no matter what they claim.",1,"July 23, 2026",6a63e2fed0437afadd0f5261,Wayne Morgan,Negative,715,-1,regard online suport via email another review regarding telephone support gets 5 stars online bot support raised complaint regarding non delivery goods orange valley fxyl delivery service since discovered history links undelivered items fraudulent claim delivery notes paypal closed case saying seller showed delivery made asked evidence signature photo nothing forthcoming small amount research would highlight not first raise exactly complaint paypal enabling fraud lax approach investigations requested customers zero protection no matter claim,74,547
